location_id,sensing_date,hour_of_day,direction_1,direction_2,total_of_directions,sensing_datetime,n_sensors_present
51,2025-11-09,11,110.0,135.0,245.0,2025-11-09 11:00:00+11:00,1
9,2025-11-09,19,49.0,36.0,85.0,2025-11-09 19:00:00+11:00,1
53,2025-11-09,22,35.0,118.0,153.0,2025-11-09 22:00:00+11:00,1
3,2025-11-09,19,874.0,925.0,1799.0,2025-11-09 19:00:00+11:00,1
51,2025-11-09,10,104.0,87.0,191.0,2025-11-09 10:00:00+11:00,1
9,2025-11-09,12,57.0,85.0,142.0,2025-11-09 12:00:00+11:00,1
3,2025-11-09,11,535.0,741.0,1276.0,2025-11-09 11:00:00+11:00,1
9,2025-11-09,10,44.0,57.0,101.0,2025-11-09 10:00:00+11:00,1
51,2025-11-09,4,7.0,10.0,17.0,2025-11-09 04:00:00+11:00,1
51,2025-11-09,8,20.0,40.0,60.0,2025-11-09 08:00:00+11:00,1
51,2025-11-09,22,60.0,37.0,97.0,2025-11-09 22:00:00+11:00,1
5,2025-11-09,0,200.0,170.0,370.0,2025-11-09 00:00:00+11:00,1
3,2025-11-09,1,227.0,221.0,448.0,2025-11-09 01:00:00+11:00,1
3,2025-11-09,15,1264.0,1351.0,2615.0,2025-11-09 15:00:00+11:00,1
3,2025-11-09,14,1516.0,1383.0,2899.0,2025-11-09 14:00:00+11:00,1
3,2025-11-09,7,33.0,43.0,76.0,2025-11-09 07:00:00+11:00,1
5,2025-11-09,2,31.0,75.0,106.0,2025-11-09 02:00:00+11:00,1
5,2025-11-09,7,53.0,69.0,122.0,2025-11-09 07:00:00+11:00,1
3,2025-11-09,9,180.0,184.0,364.0,2025-11-09 09:00:00+11:00,1
51,2025-11-09,7,16.0,11.0,27.0,2025-11-09 07:00:00+11:00,1
53,2025-11-09,13,759.0,528.0,1287.0,2025-11-09 13:00:00+11:00,1
53,2025-11-09,5,2.0,2.0,4.0,2025-11-09 05:00:00+11:00,1
53,2025-11-09,19,196.0,173.0,369.0,2025-11-09 19:00:00+11:00,1
51,2025-11-09,14,137.0,117.0,254.0,2025-11-09 14:00:00+11:00,1
53,2025-11-09,11,605.0,478.0,1083.0,2025-11-09 11:00:00+11:00,1
53,2025-11-09,14,723.0,559.0,1282.0,2025-11-09 14:00:00+11:00,1
9,2025-11-09,17,62.0,53.0,115.0,2025-11-09 17:00:00+11:00,1
5,2025-11-09,6,19.0,18.0,37.0,2025-11-09 06:00:00+11:00,1
9,2025-11-09,6,10.0,10.0,20.0,2025-11-09 06:00:00+11:00,1
5,2025-11-09,12,697.0,1079.0,1776.0,2025-11-09 12:00:00+11:00,1
3,2025-11-09,17,1018.0,1298.0,2316.0,2025-11-09 17:00:00+11:00,1
5,2025-11-09,4,16.0,20.0,36.0,2025-11-09 04:00:00+11:00,1
5,2025-11-09,18,777.0,1033.0,1810.0,2025-11-09 18:00:00+11:00,1
53,2025-11-09,4,12.0,10.0,22.0,2025-11-09 04:00:00+11:00,1
9,2025-11-09,3,5.0,4.0,9.0,2025-11-09 03:00:00+11:00,1
3,2025-11-09,22,576.0,355.0,931.0,2025-11-09 22:00:00+11:00,1
3,2025-11-09,6,25.0,14.0,39.0,2025-11-09 06:00:00+11:00,1
53,2025-11-09,23,26.0,89.0,115.0,2025-11-09 23:00:00+11:00,1
51,2025-11-09,17,86.0,82.0,168.0,2025-11-09 17:00:00+11:00,1
51,2025-11-09,9,52.0,79.0,131.0,2025-11-09 09:00:00+11:00,1
51,2025-11-09,2,13.0,21.0,34.0,2025-11-09 02:00:00+11:00,1
51,2025-11-09,16,108.0,92.0,200.0,2025-11-09 16:00:00+11:00,1
53,2025-11-09,17,406.0,330.0,736.0,2025-11-09 17:00:00+11:00,1
5,2025-11-09,22,303.0,424.0,727.0,2025-11-09 22:00:00+11:00,1
53,2025-11-09,8,73.0,46.0,119.0,2025-11-09 08:00:00+11:00,1
5,2025-11-09,8,169.0,165.0,334.0,2025-11-09 08:00:00+11:00,1
53,2025-11-09,1,44.0,60.0,104.0,2025-11-09 01:00:00+11:00,1
3,2025-11-09,0,335.0,353.0,688.0,2025-11-09 00:00:00+11:00,1
3,2025-11-09,21,653.0,436.0,1089.0,2025-11-09 21:00:00+11:00,1
53,2025-11-09,6,8.0,9.0,17.0,2025-11-09 06:00:00+11:00,1
5,2025-11-09,14,2022.0,1356.0,3378.0,2025-11-09 14:00:00+11:00,1
3,2025-11-09,5,35.0,23.0,58.0,2025-11-09 05:00:00+11:00,1
9,2025-11-09,2,6.0,7.0,13.0,2025-11-09 02:00:00+11:00,1
3,2025-11-09,12,799.0,1128.0,1927.0,2025-11-09 12:00:00+11:00,1
5,2025-11-09,9,310.0,330.0,640.0,2025-11-09 09:00:00+11:00,1
5,2025-11-09,13,1100.0,1389.0,2489.0,2025-11-09 13:00:00+11:00,1
53,2025-11-09,18,221.0,236.0,457.0,2025-11-09 18:00:00+11:00,1
9,2025-11-09,15,62.0,77.0,139.0,2025-11-09 15:00:00+11:00,1
3,2025-11-09,16,1125.0,1318.0,2443.0,2025-11-09 16:00:00+11:00,1
9,2025-11-09,22,24.0,30.0,54.0,2025-11-09 22:00:00+11:00,1
5,2025-11-09,20,533.0,491.0,1024.0,2025-11-09 20:00:00+11:00,1
5,2025-11-09,11,612.0,973.0,1585.0,2025-11-09 11:00:00+11:00,1
9,2025-11-09,7,27.0,21.0,48.0,2025-11-09 07:00:00+11:00,1
9,2025-11-09,1,15.0,7.0,22.0,2025-11-09 01:00:00+11:00,1
51,2025-11-09,3,12.0,6.0,18.0,2025-11-09 03:00:00+11:00,1
53,2025-11-09,2,16.0,40.0,56.0,2025-11-09 02:00:00+11:00,1
3,2025-11-09,20,821.0,692.0,1513.0,2025-11-09 20:00:00+11:00,1
51,2025-11-09,6,7.0,4.0,11.0,2025-11-09 06:00:00+11:00,1
51,2025-11-09,5,8.0,3.0,11.0,2025-11-09 05:00:00+11:00,1
53,2025-11-09,0,85.0,86.0,171.0,2025-11-09 00:00:00+11:00,1
9,2025-11-09,9,38.0,30.0,68.0,2025-11-09 09:00:00+11:00,1
3,2025-11-09,18,893.0,1136.0,2029.0,2025-11-09 18:00:00+11:00,1
5,2025-11-09,10,405.0,490.0,895.0,2025-11-09 10:00:00+11:00,1
3,2025-11-09,8,91.0,106.0,197.0,2025-11-09 08:00:00+11:00,1
9,2025-11-09,14,40.0,51.0,91.0,2025-11-09 14:00:00+11:00,1
51,2025-11-09,19,79.0,66.0,145.0,2025-11-09 19:00:00+11:00,1
51,2025-11-09,15,102.0,114.0,216.0,2025-11-09 15:00:00+11:00,1
5,2025-11-09,1,102.0,90.0,192.0,2025-11-09 01:00:00+11:00,1
51,2025-11-09,18,89.0,57.0,146.0,2025-11-09 18:00:00+11:00,1
5,2025-11-09,15,1079.0,1284.0,2363.0,2025-11-09 15:00:00+11:00,1
5,2025-11-09,21,752.0,432.0,1184.0,2025-11-09 21:00:00+11:00,1
3,2025-11-09,23,385.0,185.0,570.0,2025-11-09 23:00:00+11:00,1
51,2025-11-09,13,197.0,152.0,349.0,2025-11-09 13:00:00+11:00,1
53,2025-11-09,21,80.0,118.0,198.0,2025-11-09 21:00:00+11:00,1
9,2025-11-09,16,67.0,45.0,112.0,2025-11-09 16:00:00+11:00,1
9,2025-11-09,11,63.0,65.0,128.0,2025-11-09 11:00:00+11:00,1
5,2025-11-09,3,23.0,51.0,74.0,2025-11-09 03:00:00+11:00,1
5,2025-11-09,16,1332.0,993.0,2325.0,2025-11-09 16:00:00+11:00,1
5,2025-11-09,23,138.0,125.0,263.0,2025-11-09 23:00:00+11:00,1
9,2025-11-09,5,3.0,2.0,5.0,2025-11-09 05:00:00+11:00,1
51,2025-11-09,1,13.0,17.0,30.0,2025-11-09 01:00:00+11:00,1
51,2025-11-09,0,36.0,24.0,60.0,2025-11-09 00:00:00+11:00,1
9,2025-11-09,13,45.0,59.0,104.0,2025-11-09 13:00:00+11:00,1
51,2025-11-09,23,35.0,42.0,77.0,2025-11-09 23:00:00+11:00,1
53,2025-11-09,10,360.0,259.0,619.0,2025-11-09 10:00:00+11:00,1
53,2025-11-09,15,709.0,594.0,1303.0,2025-11-09 15:00:00+11:00,1
53,2025-11-09,3,21.0,23.0,44.0,2025-11-09 03:00:00+11:00,1
5,2025-11-09,17,1288.0,932.0,2220.0,2025-11-09 17:00:00+11:00,1
9,2025-11-09,21,25.0,26.0,51.0,2025-11-09 21:00:00+11:00,1
3,2025-11-09,10,351.0,346.0,697.0,2025-11-09 10:00:00+11:00,1
53,2025-11-09,20,116.0,152.0,268.0,2025-11-09 20:00:00+11:00,1
53,2025-11-09,12,731.0,530.0,1261.0,2025-11-09 12:00:00+11:00,1
3,2025-11-09,3,102.0,112.0,214.0,2025-11-09 03:00:00+11:00,1
5,2025-11-09,19,519.0,665.0,1184.0,2025-11-09 19:00:00+11:00,1
51,2025-11-09,21,61.0,76.0,137.0,2025-11-09 21:00:00+11:00,1
3,2025-11-09,2,151.0,166.0,317.0,2025-11-09 02:00:00+11:00,1
53,2025-11-09,16,550.0,491.0,1041.0,2025-11-09 16:00:00+11:00,1
53,2025-11-09,7,24.0,9.0,33.0,2025-11-09 07:00:00+11:00,1
51,2025-11-09,12,166.0,136.0,302.0,2025-11-09 12:00:00+11:00,1
9,2025-11-09,20,30.0,47.0,77.0,2025-11-09 20:00:00+11:00,1
9,2025-11-09,0,31.0,28.0,59.0,2025-11-09 00:00:00+11:00,1
51,2025-11-09,20,81.0,49.0,130.0,2025-11-09 20:00:00+11:00,1
9,2025-11-09,8,28.0,28.0,56.0,2025-11-09 08:00:00+11:00,1
9,2025-11-09,23,8.0,22.0,30.0,2025-11-09 23:00:00+11:00,1
3,2025-11-09,4,54.0,33.0,87.0,2025-11-09 04:00:00+11:00,1
5,2025-11-09,5,10.0,11.0,21.0,2025-11-09 05:00:00+11:00,1
53,2025-11-09,9,147.0,156.0,303.0,2025-11-09 09:00:00+11:00,1
9,2025-11-09,18,66.0,56.0,122.0,2025-11-09 18:00:00+11:00,1
3,2025-11-09,13,1126.0,1364.0,2490.0,2025-11-09 13:00:00+11:00,1
9,2025-11-09,4,5.0,7.0,12.0,2025-11-09 04:00:00+11:00,1
5,2025-11-08,9,140.0,87.0,227.0,2025-11-08 09:00:00+11:00,1
9,2025-11-08,15,58.0,137.0,195.0,2025-11-08 15:00:00+11:00,1
51,2025-11-08,12,117.0,128.0,245.0,2025-11-08 12:00:00+11:00,1
3,2025-11-08,22,582.0,352.0,934.0,2025-11-08 22:00:00+11:00,1
3,2025-11-08,2,125.0,79.0,204.0,2025-11-08 02:00:00+11:00,1
5,2025-11-08,16,340.0,261.0,601.0,2025-11-08 16:00:00+11:00,1
5,2025-11-08,0,241.0,134.0,375.0,2025-11-08 00:00:00+11:00,1
51,2025-11-08,3,2.0,1.0,3.0,2025-11-08 03:00:00+11:00,1
3,2025-11-08,8,52.0,58.0,110.0,2025-11-08 08:00:00+11:00,1
5,2025-11-08,3,28.0,23.0,51.0,2025-11-08 03:00:00+11:00,1
9,2025-11-08,20,22.0,46.0,68.0,2025-11-08 20:00:00+11:00,1
51,2025-11-08,0,25.0,10.0,35.0,2025-11-08 00:00:00+11:00,1
53,2025-11-08,21,103.0,126.0,229.0,2025-11-08 21:00:00+11:00,1
53,2025-11-08,14,393.0,364.0,757.0,2025-11-08 14:00:00+11:00,1
51,2025-11-08,18,85.0,57.0,142.0,2025-11-08 18:00:00+11:00,1
3,2025-11-08,3,60.0,46.0,106.0,2025-11-08 03:00:00+11:00,1
9,2025-11-08,2,0.0,12.0,12.0,2025-11-08 02:00:00+11:00,1
51,2025-11-08,1,13.0,8.0,21.0,2025-11-08 01:00:00+11:00,1
51,2025-11-08,22,48.0,38.0,86.0,2025-11-08 22:00:00+11:00,1
51,2025-11-08,14,132.0,121.0,253.0,2025-11-08 14:00:00+11:00,1
5,2025-11-08,12,268.0,579.0,847.0,2025-11-08 12:00:00+11:00,1
51,2025-11-08,17,59.0,69.0,128.0,2025-11-08 17:00:00+11:00,1
53,2025-11-08,18,232.0,172.0,404.0,2025-11-08 18:00:00+11:00,1
5,2025-11-08,8,79.0,100.0,179.0,2025-11-08 08:00:00+11:00,1
3,2025-11-08,5,23.0,16.0,39.0,2025-11-08 05:00:00+11:00,1
3,2025-11-08,19,676.0,657.0,1333.0,2025-11-08 19:00:00+11:00,1
51,2025-11-08,11,141.0,97.0,238.0,2025-11-08 11:00:00+11:00,1
51,2025-11-08,2,5.0,3.0,8.0,2025-11-08 02:00:00+11:00,1
3,2025-11-08,7,30.0,23.0,53.0,2025-11-08 07:00:00+11:00,1
3,2025-11-08,21,793.0,586.0,1379.0,2025-11-08 21:00:00+11:00,1
53,2025-11-08,17,298.0,277.0,575.0,2025-11-08 17:00:00+11:00,1
53,2025-11-08,3,7.0,1.0,8.0,2025-11-08 03:00:00+11:00,1
3,2025-11-08,4,49.0,28.0,77.0,2025-11-08 04:00:00+11:00,1
51,2025-11-08,6,13.0,10.0,23.0,2025-11-08 06:00:00+11:00,1
53,2025-11-08,1,9.0,21.0,30.0,2025-11-08 01:00:00+11:00,1
9,2025-11-08,1,7.0,4.0,11.0,2025-11-08 01:00:00+11:00,1
3,2025-11-08,15,598.0,528.0,1126.0,2025-11-08 15:00:00+11:00,1
51,2025-11-08,19,52.0,62.0,114.0,2025-11-08 19:00:00+11:00,1
51,2025-11-08,5,6.0,5.0,11.0,2025-11-08 05:00:00+11:00,1
53,2025-11-08,2,28.0,21.0,49.0,2025-11-08 02:00:00+11:00,1
9,2025-11-08,8,43.0,29.0,72.0,2025-11-08 08:00:00+11:00,1
3,2025-11-08,17,743.0,533.0,1276.0,2025-11-08 17:00:00+11:00,1
53,2025-11-08,12,468.0,363.0,831.0,2025-11-08 12:00:00+11:00,1
3,2025-11-08,6,11.0,16.0,27.0,2025-11-08 06:00:00+11:00,1
9,2025-11-08,12,24.0,57.0,81.0,2025-11-08 12:00:00+11:00,1
9,2025-11-08,22,39.0,16.0,55.0,2025-11-08 22:00:00+11:00,1
5,2025-11-08,23,250.0,361.0,611.0,2025-11-08 23:00:00+11:00,1
51,2025-11-08,9,72.0,74.0,146.0,2025-11-08 09:00:00+11:00,1
5,2025-11-08,10,151.0,152.0,303.0,2025-11-08 10:00:00+11:00,1
53,2025-11-08,10,214.0,204.0,418.0,2025-11-08 10:00:00+11:00,1
9,2025-11-08,13,47.0,80.0,127.0,2025-11-08 13:00:00+11:00,1
5,2025-11-08,17,352.0,458.0,810.0,2025-11-08 17:00:00+11:00,1
9,2025-11-08,7,13.0,17.0,30.0,2025-11-08 07:00:00+11:00,1
3,2025-11-08,1,167.0,123.0,290.0,2025-11-08 01:00:00+11:00,1
9,2025-11-08,6,12.0,17.0,29.0,2025-11-08 06:00:00+11:00,1
51,2025-11-08,7,35.0,22.0,57.0,2025-11-08 07:00:00+11:00,1
51,2025-11-08,21,71.0,48.0,119.0,2025-11-08 21:00:00+11:00,1
53,2025-11-08,0,34.0,58.0,92.0,2025-11-08 00:00:00+11:00,1
53,2025-11-08,20,199.0,185.0,384.0,2025-11-08 20:00:00+11:00,1
53,2025-11-08,13,361.0,312.0,673.0,2025-11-08 13:00:00+11:00,1
3,2025-11-08,12,451.0,396.0,847.0,2025-11-08 12:00:00+11:00,1
9,2025-11-08,3,3.0,2.0,5.0,2025-11-08 03:00:00+11:00,1
9,2025-11-08,16,73.0,207.0,280.0,2025-11-08 16:00:00+11:00,1
51,2025-11-08,8,57.0,43.0,100.0,2025-11-08 08:00:00+11:00,1
9,2025-11-08,9,26.0,21.0,47.0,2025-11-08 09:00:00+11:00,1
53,2025-11-08,6,12.0,15.0,27.0,2025-11-08 06:00:00+11:00,1
51,2025-11-08,23,50.0,31.0,81.0,2025-11-08 23:00:00+11:00,1
51,2025-11-08,15,99.0,73.0,172.0,2025-11-08 15:00:00+11:00,1
53,2025-11-08,7,40.0,23.0,63.0,2025-11-08 07:00:00+11:00,1
9,2025-11-08,21,21.0,20.0,41.0,2025-11-08 21:00:00+11:00,1
3,2025-11-08,11,396.0,372.0,768.0,2025-11-08 11:00:00+11:00,1
51,2025-11-08,4,8.0,5.0,13.0,2025-11-08 04:00:00+11:00,1
5,2025-11-08,22,991.0,411.0,1402.0,2025-11-08 22:00:00+11:00,1
3,2025-11-08,20,910.0,858.0,1768.0,2025-11-08 20:00:00+11:00,1
3,2025-11-08,18,744.0,671.0,1415.0,2025-11-08 18:00:00+11:00,1
51,2025-11-08,13,121.0,112.0,233.0,2025-11-08 13:00:00+11:00,1
9,2025-11-08,14,40.0,75.0,115.0,2025-11-08 14:00:00+11:00,1
3,2025-11-08,23,639.0,451.0,1090.0,2025-11-08 23:00:00+11:00,1
9,2025-11-08,23,1585.0,98.0,1683.0,2025-11-08 23:00:00+11:00,1
3,2025-11-08,10,213.0,161.0,374.0,2025-11-08 10:00:00+11:00,1
5,2025-11-08,1,76.0,71.0,147.0,2025-11-08 01:00:00+11:00,1
51,2025-11-08,10,76.0,69.0,145.0,2025-11-08 10:00:00+11:00,1
53,2025-11-08,23,185.0,62.0,247.0,2025-11-08 23:00:00+11:00,1
3,2025-11-08,9,129.0,89.0,218.0,2025-11-08 09:00:00+11:00,1
51,2025-11-08,16,88.0,82.0,170.0,2025-11-08 16:00:00+11:00,1
53,2025-11-08,15,423.0,362.0,785.0,2025-11-08 15:00:00+11:00,1
3,2025-11-08,13,552.0,426.0,978.0,2025-11-08 13:00:00+11:00,1
5,2025-11-08,2,46.0,52.0,98.0,2025-11-08 02:00:00+11:00,1
9,2025-11-08,11,33.0,57.0,90.0,2025-11-08 11:00:00+11:00,1
9,2025-11-08,18,64.0,322.0,386.0,2025-11-08 18:00:00+11:00,1
5,2025-11-08,13,344.0,365.0,709.0,2025-11-08 13:00:00+11:00,1
9,2025-11-08,10,21.0,30.0,51.0,2025-11-08 10:00:00+11:00,1
53,2025-11-08,9,147.0,100.0,247.0,2025-11-08 09:00:00+11:00,1
53,2025-11-08,5,5.0,4.0,9.0,2025-11-08 05:00:00+11:00,1
53,2025-11-08,11,456.0,412.0,868.0,2025-11-08 11:00:00+11:00,1
5,2025-11-08,20,451.0,625.0,1076.0,2025-11-08 20:00:00+11:00,1
51,2025-11-08,20,68.0,67.0,135.0,2025-11-08 20:00:00+11:00,1
5,2025-11-08,5,13.0,11.0,24.0,2025-11-08 05:00:00+11:00,1
9,2025-11-08,0,10.0,7.0,17.0,2025-11-08 00:00:00+11:00,1
53,2025-11-08,19,216.0,152.0,368.0,2025-11-08 19:00:00+11:00,1
9,2025-11-08,17,77.0,231.0,308.0,2025-11-08 17:00:00+11:00,1
9,2025-11-08,4,5.0,6.0,11.0,2025-11-08 04:00:00+11:00,1
5,2025-11-08,15,527.0,370.0,897.0,2025-11-08 15:00:00+11:00,1
53,2025-11-08,16,288.0,299.0,587.0,2025-11-08 16:00:00+11:00,1
53,2025-11-08,22,67.0,131.0,198.0,2025-11-08 22:00:00+11:00,1
5,2025-11-08,18,348.0,791.0,1139.0,2025-11-08 18:00:00+11:00,1
53,2025-11-08,4,4.0,6.0,10.0,2025-11-08 04:00:00+11:00,1
3,2025-11-08,16,523.0,381.0,904.0,2025-11-08 16:00:00+11:00,1
5,2025-11-08,21,448.0,432.0,880.0,2025-11-08 21:00:00+11:00,1
53,2025-11-08,8,57.0,63.0,120.0,2025-11-08 08:00:00+11:00,1
5,2025-11-08,19,333.0,889.0,1222.0,2025-11-08 19:00:00+11:00,1
5,2025-11-08,14,249.0,310.0,559.0,2025-11-08 14:00:00+11:00,1
5,2025-11-08,7,60.0,55.0,115.0,2025-11-08 07:00:00+11:00,1
5,2025-11-08,4,18.0,20.0,38.0,2025-11-08 04:00:00+11:00,1
5,2025-11-08,6,23.0,45.0,68.0,2025-11-08 06:00:00+11:00,1
5,2025-11-08,11,268.0,456.0,724.0,2025-11-08 11:00:00+11:00,1
3,2025-11-08,14,579.0,430.0,1009.0,2025-11-08 14:00:00+11:00,1
9,2025-11-08,19,24.0,189.0,213.0,2025-11-08 19:00:00+11:00,1
9,2025-11-08,5,13.0,3.0,16.0,2025-11-08 05:00:00+11:00,1
3,2025-11-08,0,306.0,258.0,564.0,2025-11-08 00:00:00+11:00,1
9,2025-11-07,2,3.0,0.0,3.0,2025-11-07 02:00:00+11:00,1
9,2025-11-07,7,36.0,751.0,787.0,2025-11-07 07:00:00+11:00,1
53,2025-11-07,5,2.0,4.0,6.0,2025-11-07 05:00:00+11:00,1
51,2025-11-07,6,53.0,27.0,80.0,2025-11-07 06:00:00+11:00,1
51,2025-11-07,4,0.0,2.0,2.0,2025-11-07 04:00:00+11:00,1
5,2025-11-07,22,1729.0,433.0,2162.0,2025-11-07 22:00:00+11:00,1
9,2025-11-07,23,35.0,25.0,60.0,2025-11-07 23:00:00+11:00,1
5,2025-11-07,16,1236.0,978.0,2214.0,2025-11-07 16:00:00+11:00,1
53,2025-11-07,14,648.0,516.0,1164.0,2025-11-07 14:00:00+11:00,1
3,2025-11-07,23,550.0,399.0,949.0,2025-11-07 23:00:00+11:00,1
51,2025-11-07,20,90.0,61.0,151.0,2025-11-07 20:00:00+11:00,1
9,2025-11-07,14,387.0,190.0,577.0,2025-11-07 14:00:00+11:00,1
3,2025-11-07,20,1041.0,964.0,2005.0,2025-11-07 20:00:00+11:00,1
53,2025-11-07,4,5.0,8.0,13.0,2025-11-07 04:00:00+11:00,1
5,2025-11-07,20,868.0,791.0,1659.0,2025-11-07 20:00:00+11:00,1
3,2025-11-07,6,26.0,77.0,103.0,2025-11-07 06:00:00+11:00,1
51,2025-11-07,3,9.0,3.0,12.0,2025-11-07 03:00:00+11:00,1
53,2025-11-07,1,13.0,9.0,22.0,2025-11-07 01:00:00+11:00,1
53,2025-11-07,22,140.0,193.0,333.0,2025-11-07 22:00:00+11:00,1
3,2025-11-07,7,75.0,125.0,200.0,2025-11-07 07:00:00+11:00,1
51,2025-11-07,1,16.0,8.0,24.0,2025-11-07 01:00:00+11:00,1
3,2025-11-07,19,905.0,821.0,1726.0,2025-11-07 19:00:00+11:00,1
9,2025-11-07,21,52.0,50.0,102.0,2025-11-07 21:00:00+11:00,1
53,2025-11-07,12,787.0,629.0,1416.0,2025-11-07 12:00:00+11:00,1
5,2025-11-07,9,521.0,521.0,1042.0,2025-11-07 09:00:00+11:00,1
53,2025-11-07,11,585.0,542.0,1127.0,2025-11-07 11:00:00+11:00,1
9,2025-11-07,16,1343.0,129.0,1472.0,2025-11-07 16:00:00+11:00,1
3,2025-11-07,22,810.0,539.0,1349.0,2025-11-07 22:00:00+11:00,1
51,2025-11-07,0,22.0,17.0,39.0,2025-11-07 00:00:00+11:00,1
53,2025-11-07,8,292.0,227.0,519.0,2025-11-07 08:00:00+11:00,1
53,2025-11-07,23,80.0,92.0,172.0,2025-11-07 23:00:00+11:00,1
5,2025-11-07,11,656.0,719.0,1375.0,2025-11-07 11:00:00+11:00,1
5,2025-11-07,4,30.0,11.0,41.0,2025-11-07 04:00:00+11:00,1
3,2025-11-07,11,535.0,628.0,1163.0,2025-11-07 11:00:00+11:00,1
9,2025-11-07,10,165.0,388.0,553.0,2025-11-07 10:00:00+11:00,1
51,2025-11-07,12,132.0,128.0,260.0,2025-11-07 12:00:00+11:00,1
51,2025-11-07,11,129.0,106.0,235.0,2025-11-07 11:00:00+11:00,1
3,2025-11-07,17,1205.0,1407.0,2612.0,2025-11-07 17:00:00+11:00,1
3,2025-11-07,2,49.0,30.0,79.0,2025-11-07 02:00:00+11:00,1
51,2025-11-07,13,146.0,114.0,260.0,2025-11-07 13:00:00+11:00,1
53,2025-11-07,3,1.0,6.0,7.0,2025-11-07 03:00:00+11:00,1
51,2025-11-07,15,84.0,97.0,181.0,2025-11-07 15:00:00+11:00,1
5,2025-11-07,17,1668.0,1176.0,2844.0,2025-11-07 17:00:00+11:00,1
51,2025-11-07,18,119.0,102.0,221.0,2025-11-07 18:00:00+11:00,1
9,2025-11-07,22,52.0,43.0,95.0,2025-11-07 22:00:00+11:00,1
53,2025-11-07,18,448.0,313.0,761.0,2025-11-07 18:00:00+11:00,1
3,2025-11-07,16,1057.0,1065.0,2122.0,2025-11-07 16:00:00+11:00,1
53,2025-11-07,19,328.0,269.0,597.0,2025-11-07 19:00:00+11:00,1
5,2025-11-07,8,390.0,565.0,955.0,2025-11-07 08:00:00+11:00,1
5,2025-11-07,1,57.0,55.0,112.0,2025-11-07 01:00:00+11:00,1
3,2025-11-07,21,928.0,702.0,1630.0,2025-11-07 21:00:00+11:00,1
53,2025-11-07,0,6.0,14.0,20.0,2025-11-07 00:00:00+11:00,1
53,2025-11-07,7,161.0,96.0,257.0,2025-11-07 07:00:00+11:00,1
9,2025-11-07,5,15.0,32.0,47.0,2025-11-07 05:00:00+11:00,1
3,2025-11-07,13,934.0,1097.0,2031.0,2025-11-07 13:00:00+11:00,1
9,2025-11-07,20,103.0,35.0,138.0,2025-11-07 20:00:00+11:00,1
5,2025-11-07,7,368.0,339.0,707.0,2025-11-07 07:00:00+11:00,1
51,2025-11-07,23,35.0,23.0,58.0,2025-11-07 23:00:00+11:00,1
3,2025-11-07,8,168.0,267.0,435.0,2025-11-07 08:00:00+11:00,1
9,2025-11-07,13,361.0,380.0,741.0,2025-11-07 13:00:00+11:00,1
3,2025-11-07,18,1040.0,1236.0,2276.0,2025-11-07 18:00:00+11:00,1
5,2025-11-07,21,846.0,542.0,1388.0,2025-11-07 21:00:00+11:00,1
51,2025-11-07,19,69.0,77.0,146.0,2025-11-07 19:00:00+11:00,1
51,2025-11-07,5,6.0,11.0,17.0,2025-11-07 05:00:00+11:00,1
53,2025-11-07,13,897.0,658.0,1555.0,2025-11-07 13:00:00+11:00,1
51,2025-11-07,17,117.0,91.0,208.0,2025-11-07 17:00:00+11:00,1
5,2025-11-07,23,448.0,316.0,764.0,2025-11-07 23:00:00+11:00,1
53,2025-11-07,2,6.0,11.0,17.0,2025-11-07 02:00:00+11:00,1
5,2025-11-07,0,124.0,90.0,214.0,2025-11-07 00:00:00+11:00,1
3,2025-11-07,10,351.0,451.0,802.0,2025-11-07 10:00:00+11:00,1
53,2025-11-07,21,112.0,205.0,317.0,2025-11-07 21:00:00+11:00,1
5,2025-11-07,19,892.0,1390.0,2282.0,2025-11-07 19:00:00+11:00,1
9,2025-11-07,1,0.0,1.0,1.0,2025-11-07 01:00:00+11:00,1
3,2025-11-07,1,85.0,59.0,144.0,2025-11-07 01:00:00+11:00,1
9,2025-11-07,15,722.0,137.0,859.0,2025-11-07 15:00:00+11:00,1
53,2025-11-07,16,582.0,555.0,1137.0,2025-11-07 16:00:00+11:00,1
3,2025-11-07,15,921.0,1106.0,2027.0,2025-11-07 15:00:00+11:00,1
51,2025-11-07,22,67.0,73.0,140.0,2025-11-07 22:00:00+11:00,1
53,2025-11-07,10,536.0,434.0,970.0,2025-11-07 10:00:00+11:00,1
51,2025-11-07,21,55.0,46.0,101.0,2025-11-07 21:00:00+11:00,1
5,2025-11-07,14,1053.0,831.0,1884.0,2025-11-07 14:00:00+11:00,1
9,2025-11-07,8,86.0,1766.0,1852.0,2025-11-07 08:00:00+11:00,1
5,2025-11-07,15,1197.0,850.0,2047.0,2025-11-07 15:00:00+11:00,1
3,2025-11-07,3,26.0,17.0,43.0,2025-11-07 03:00:00+11:00,1
51,2025-11-07,14,132.0,113.0,245.0,2025-11-07 14:00:00+11:00,1
3,2025-11-07,9,202.0,316.0,518.0,2025-11-07 09:00:00+11:00,1
9,2025-11-07,17,1320.0,157.0,1477.0,2025-11-07 17:00:00+11:00,1
9,2025-11-07,9,103.0,1093.0,1196.0,2025-11-07 09:00:00+11:00,1
3,2025-11-07,14,844.0,931.0,1775.0,2025-11-07 14:00:00+11:00,1
3,2025-11-07,12,877.0,1043.0,1920.0,2025-11-07 12:00:00+11:00,1
5,2025-11-07,12,869.0,794.0,1663.0,2025-11-07 12:00:00+11:00,1
9,2025-11-07,0,20.0,12.0,32.0,2025-11-07 00:00:00+11:00,1
5,2025-11-07,6,111.0,223.0,334.0,2025-11-07 06:00:00+11:00,1
5,2025-11-07,13,910.0,865.0,1775.0,2025-11-07 13:00:00+11:00,1
53,2025-11-07,6,24.0,33.0,57.0,2025-11-07 06:00:00+11:00,1
51,2025-11-07,8,68.0,52.0,120.0,2025-11-07 08:00:00+11:00,1
5,2025-11-07,10,550.0,579.0,1129.0,2025-11-07 10:00:00+11:00,1
3,2025-11-07,5,18.0,29.0,47.0,2025-11-07 05:00:00+11:00,1
53,2025-11-07,20,209.0,240.0,449.0,2025-11-07 20:00:00+11:00,1
9,2025-11-07,19,123.0,67.0,190.0,2025-11-07 19:00:00+11:00,1
3,2025-11-07,0,160.0,104.0,264.0,2025-11-07 00:00:00+11:00,1
9,2025-11-07,6,26.0,229.0,255.0,2025-11-07 06:00:00+11:00,1
3,2025-11-07,4,12.0,17.0,29.0,2025-11-07 04:00:00+11:00,1
5,2025-11-07,3,28.0,8.0,36.0,2025-11-07 03:00:00+11:00,1
5,2025-11-07,2,23.0,25.0,48.0,2025-11-07 02:00:00+11:00,1
53,2025-11-07,17,602.0,486.0,1088.0,2025-11-07 17:00:00+11:00,1
51,2025-11-07,9,77.0,85.0,162.0,2025-11-07 09:00:00+11:00,1
9,2025-11-07,12,545.0,446.0,991.0,2025-11-07 12:00:00+11:00,1
51,2025-11-07,16,98.0,94.0,192.0,2025-11-07 16:00:00+11:00,1
51,2025-11-07,10,89.0,66.0,155.0,2025-11-07 10:00:00+11:00,1
9,2025-11-07,4,2.0,2.0,4.0,2025-11-07 04:00:00+11:00,1
53,2025-11-07,9,352.0,309.0,661.0,2025-11-07 09:00:00+11:00,1
9,2025-11-07,18,430.0,120.0,550.0,2025-11-07 18:00:00+11:00,1
53,2025-11-07,15,666.0,541.0,1207.0,2025-11-07 15:00:00+11:00,1
51,2025-11-07,2,7.0,7.0,14.0,2025-11-07 02:00:00+11:00,1
9,2025-11-07,11,224.0,225.0,449.0,2025-11-07 11:00:00+11:00,1
5,2025-11-07,18,1173.0,1498.0,2671.0,2025-11-07 18:00:00+11:00,1
5,2025-11-07,5,34.0,29.0,63.0,2025-11-07 05:00:00+11:00,1
51,2025-11-07,7,34.0,21.0,55.0,2025-11-07 07:00:00+11:00,1
5,2025-11-06,9,362.0,668.0,1030.0,2025-11-06 09:00:00+11:00,1
51,2025-11-06,0,27.0,23.0,50.0,2025-11-06 00:00:00+11:00,1
9,2025-11-06,3,0.0,2.0,2.0,2025-11-06 03:00:00+11:00,1
3,2025-11-06,3,22.0,16.0,38.0,2025-11-06 03:00:00+11:00,1
9,2025-11-06,1,2.0,14.0,16.0,2025-11-06 01:00:00+11:00,1
3,2025-11-06,9,228.0,340.0,568.0,2025-11-06 09:00:00+11:00,1
51,2025-11-06,6,62.0,27.0,89.0,2025-11-06 06:00:00+11:00,1
5,2025-11-06,4,32.0,10.0,42.0,2025-11-06 04:00:00+11:00,1
53,2025-11-06,4,6.0,2.0,8.0,2025-11-06 04:00:00+11:00,1
51,2025-11-06,21,53.0,51.0,104.0,2025-11-06 21:00:00+11:00,1
51,2025-11-06,14,145.0,120.0,265.0,2025-11-06 14:00:00+11:00,1
3,2025-11-06,19,1031.0,1008.0,2039.0,2025-11-06 19:00:00+11:00,1
51,2025-11-06,20,75.0,68.0,143.0,2025-11-06 20:00:00+11:00,1
3,2025-11-06,15,919.0,1106.0,2025.0,2025-11-06 15:00:00+11:00,1
5,2025-11-06,5,46.0,51.0,97.0,2025-11-06 05:00:00+11:00,1
51,2025-11-06,19,73.0,68.0,141.0,2025-11-06 19:00:00+11:00,1
3,2025-11-06,21,914.0,724.0,1638.0,2025-11-06 21:00:00+11:00,1
51,2025-11-06,4,7.0,7.0,14.0,2025-11-06 04:00:00+11:00,1
9,2025-11-06,7,51.0,1068.0,1119.0,2025-11-06 07:00:00+11:00,1
5,2025-11-06,22,1513.0,446.0,1959.0,2025-11-06 22:00:00+11:00,1
9,2025-11-06,16,2363.0,176.0,2539.0,2025-11-06 16:00:00+11:00,1
53,2025-11-06,7,148.0,136.0,284.0,2025-11-06 07:00:00+11:00,1
51,2025-11-06,8,54.0,69.0,123.0,2025-11-06 08:00:00+11:00,1
5,2025-11-06,10,384.0,548.0,932.0,2025-11-06 10:00:00+11:00,1
51,2025-11-06,13,180.0,117.0,297.0,2025-11-06 13:00:00+11:00,1
3,2025-11-06,6,48.0,90.0,138.0,2025-11-06 06:00:00+11:00,1
51,2025-11-06,10,97.0,109.0,206.0,2025-11-06 10:00:00+11:00,1
53,2025-11-06,19,240.0,227.0,467.0,2025-11-06 19:00:00+11:00,1
53,2025-11-06,18,498.0,381.0,879.0,2025-11-06 18:00:00+11:00,1
51,2025-11-06,9,88.0,84.0,172.0,2025-11-06 09:00:00+11:00,1
5,2025-11-06,21,1166.0,506.0,1672.0,2025-11-06 21:00:00+11:00,1
53,2025-11-06,22,93.0,136.0,229.0,2025-11-06 22:00:00+11:00,1
53,2025-11-06,8,479.0,321.0,800.0,2025-11-06 08:00:00+11:00,1
9,2025-11-06,17,2692.0,160.0,2852.0,2025-11-06 17:00:00+11:00,1
3,2025-11-06,17,1138.0,1231.0,2369.0,2025-11-06 17:00:00+11:00,1
9,2025-11-06,22,46.0,27.0,73.0,2025-11-06 22:00:00+11:00,1
9,2025-11-06,4,9.0,1.0,10.0,2025-11-06 04:00:00+11:00,1
53,2025-11-06,15,656.0,500.0,1156.0,2025-11-06 15:00:00+11:00,1
51,2025-11-06,16,89.0,71.0,160.0,2025-11-06 16:00:00+11:00,1
5,2025-11-06,16,1025.0,781.0,1806.0,2025-11-06 16:00:00+11:00,1
3,2025-11-06,11,583.0,670.0,1253.0,2025-11-06 11:00:00+11:00,1
3,2025-11-06,18,1019.0,1183.0,2202.0,2025-11-06 18:00:00+11:00,1
5,2025-11-06,2,3.0,3.0,6.0,2025-11-06 02:00:00+11:00,1
51,2025-11-06,23,39.0,21.0,60.0,2025-11-06 23:00:00+11:00,1
53,2025-11-06,20,157.0,181.0,338.0,2025-11-06 20:00:00+11:00,1
3,2025-11-06,12,966.0,1138.0,2104.0,2025-11-06 12:00:00+11:00,1
53,2025-11-06,5,4.0,10.0,14.0,2025-11-06 05:00:00+11:00,1
9,2025-11-06,14,562.0,249.0,811.0,2025-11-06 14:00:00+11:00,1
9,2025-11-06,19,264.0,91.0,355.0,2025-11-06 19:00:00+11:00,1
5,2025-11-06,12,808.0,935.0,1743.0,2025-11-06 12:00:00+11:00,1
3,2025-11-06,10,403.0,405.0,808.0,2025-11-06 10:00:00+11:00,1
3,2025-11-06,5,10.0,34.0,44.0,2025-11-06 05:00:00+11:00,1
53,2025-11-06,13,963.0,743.0,1706.0,2025-11-06 13:00:00+11:00,1
9,2025-11-06,5,29.0,46.0,75.0,2025-11-06 05:00:00+11:00,1
5,2025-11-06,19,660.0,1410.0,2070.0,2025-11-06 19:00:00+11:00,1
53,2025-11-06,9,423.0,313.0,736.0,2025-11-06 09:00:00+11:00,1
51,2025-11-06,11,114.0,124.0,238.0,2025-11-06 11:00:00+11:00,1
3,2025-11-06,7,77.0,159.0,236.0,2025-11-06 07:00:00+11:00,1
3,2025-11-06,0,123.0,69.0,192.0,2025-11-06 00:00:00+11:00,1
53,2025-11-06,17,786.0,515.0,1301.0,2025-11-06 17:00:00+11:00,1
3,2025-11-06,22,627.0,485.0,1112.0,2025-11-06 22:00:00+11:00,1
53,2025-11-06,2,3.0,2.0,5.0,2025-11-06 02:00:00+11:00,1
53,2025-11-06,16,602.0,509.0,1111.0,2025-11-06 16:00:00+11:00,1
3,2025-11-06,1,49.0,36.0,85.0,2025-11-06 01:00:00+11:00,1
9,2025-11-06,18,949.0,113.0,1062.0,2025-11-06 18:00:00+11:00,1
51,2025-11-06,18,82.0,67.0,149.0,2025-11-06 18:00:00+11:00,1
51,2025-11-06,1,14.0,13.0,27.0,2025-11-06 01:00:00+11:00,1
53,2025-11-06,14,680.0,652.0,1332.0,2025-11-06 14:00:00+11:00,1
9,2025-11-06,23,26.0,17.0,43.0,2025-11-06 23:00:00+11:00,1
5,2025-11-06,3,28.0,24.0,52.0,2025-11-06 03:00:00+11:00,1
53,2025-11-06,0,12.0,24.0,36.0,2025-11-06 00:00:00+11:00,1
9,2025-11-06,9,128.0,1990.0,2118.0,2025-11-06 09:00:00+11:00,1
9,2025-11-06,21,54.0,40.0,94.0,2025-11-06 21:00:00+11:00,1
9,2025-11-06,2,1.0,1.0,2.0,2025-11-06 02:00:00+11:00,1
9,2025-11-06,20,133.0,54.0,187.0,2025-11-06 20:00:00+11:00,1
53,2025-11-06,21,116.0,169.0,285.0,2025-11-06 21:00:00+11:00,1
51,2025-11-06,3,8.0,12.0,20.0,2025-11-06 03:00:00+11:00,1
9,2025-11-06,15,843.0,150.0,993.0,2025-11-06 15:00:00+11:00,1
3,2025-11-06,16,1005.0,1096.0,2101.0,2025-11-06 16:00:00+11:00,1
3,2025-11-06,2,43.0,20.0,63.0,2025-11-06 02:00:00+11:00,1
53,2025-11-06,11,610.0,553.0,1163.0,2025-11-06 11:00:00+11:00,1
5,2025-11-06,17,1210.0,1331.0,2541.0,2025-11-06 17:00:00+11:00,1
51,2025-11-06,15,113.0,114.0,227.0,2025-11-06 15:00:00+11:00,1
9,2025-11-06,8,137.0,3199.0,3336.0,2025-11-06 08:00:00+11:00,1
9,2025-11-06,10,167.0,566.0,733.0,2025-11-06 10:00:00+11:00,1
5,2025-11-06,23,326.0,182.0,508.0,2025-11-06 23:00:00+11:00,1
5,2025-11-06,0,34.0,71.0,105.0,2025-11-06 00:00:00+11:00,1
5,2025-11-06,14,649.0,781.0,1430.0,2025-11-06 14:00:00+11:00,1
3,2025-11-06,8,186.0,307.0,493.0,2025-11-06 08:00:00+11:00,1
9,2025-11-06,12,691.0,529.0,1220.0,2025-11-06 12:00:00+11:00,1
5,2025-11-06,15,924.0,752.0,1676.0,2025-11-06 15:00:00+11:00,1
5,2025-11-06,7,245.0,438.0,683.0,2025-11-06 07:00:00+11:00,1
5,2025-11-06,11,664.0,719.0,1383.0,2025-11-06 11:00:00+11:00,1
9,2025-11-06,11,278.0,315.0,593.0,2025-11-06 11:00:00+11:00,1
51,2025-11-06,7,38.0,33.0,71.0,2025-11-06 07:00:00+11:00,1
5,2025-11-06,18,929.0,1610.0,2539.0,2025-11-06 18:00:00+11:00,1
3,2025-11-06,13,1004.0,1003.0,2007.0,2025-11-06 13:00:00+11:00,1
53,2025-11-06,6,25.0,28.0,53.0,2025-11-06 06:00:00+11:00,1
51,2025-11-06,2,21.0,15.0,36.0,2025-11-06 02:00:00+11:00,1
53,2025-11-06,1,4.0,15.0,19.0,2025-11-06 01:00:00+11:00,1
9,2025-11-06,6,25.0,296.0,321.0,2025-11-06 06:00:00+11:00,1
53,2025-11-06,10,519.0,493.0,1012.0,2025-11-06 10:00:00+11:00,1
3,2025-11-06,14,890.0,990.0,1880.0,2025-11-06 14:00:00+11:00,1
51,2025-11-06,5,13.0,14.0,27.0,2025-11-06 05:00:00+11:00,1
5,2025-11-06,13,731.0,920.0,1651.0,2025-11-06 13:00:00+11:00,1
5,2025-11-06,6,100.0,254.0,354.0,2025-11-06 06:00:00+11:00,1
53,2025-11-06,3,4.0,5.0,9.0,2025-11-06 03:00:00+11:00,1
5,2025-11-06,20,687.0,643.0,1330.0,2025-11-06 20:00:00+11:00,1
9,2025-11-06,13,480.0,492.0,972.0,2025-11-06 13:00:00+11:00,1
9,2025-11-06,0,6.0,10.0,16.0,2025-11-06 00:00:00+11:00,1
53,2025-11-06,23,35.0,52.0,87.0,2025-11-06 23:00:00+11:00,1
3,2025-11-06,4,10.0,12.0,22.0,2025-11-06 04:00:00+11:00,1
5,2025-11-06,8,388.0,824.0,1212.0,2025-11-06 08:00:00+11:00,1
51,2025-11-06,12,147.0,132.0,279.0,2025-11-06 12:00:00+11:00,1
3,2025-11-06,23,268.0,232.0,500.0,2025-11-06 23:00:00+11:00,1
51,2025-11-06,17,112.0,98.0,210.0,2025-11-06 17:00:00+11:00,1
51,2025-11-06,22,37.0,27.0,64.0,2025-11-06 22:00:00+11:00,1
3,2025-11-06,20,916.0,831.0,1747.0,2025-11-06 20:00:00+11:00,1
53,2025-11-06,12,904.0,760.0,1664.0,2025-11-06 12:00:00+11:00,1
5,2025-11-05,11,568.0,819.0,1387.0,2025-11-05 11:00:00+11:00,1
3,2025-11-05,6,33.0,90.0,123.0,2025-11-05 06:00:00+11:00,1
51,2025-11-05,3,10.0,8.0,18.0,2025-11-05 03:00:00+11:00,1
3,2025-11-05,18,1015.0,1114.0,2129.0,2025-11-05 18:00:00+11:00,1
3,2025-11-05,13,915.0,1048.0,1963.0,2025-11-05 13:00:00+11:00,1
5,2025-11-05,18,867.0,978.0,1845.0,2025-11-05 18:00:00+11:00,1
9,2025-11-05,18,731.0,117.0,848.0,2025-11-05 18:00:00+11:00,1
53,2025-11-05,0,17.0,30.0,47.0,2025-11-05 00:00:00+11:00,1
51,2025-11-05,15,80.0,81.0,161.0,2025-11-05 15:00:00+11:00,1
53,2025-11-05,2,1.0,3.0,4.0,2025-11-05 02:00:00+11:00,1
51,2025-11-05,11,71.0,54.0,125.0,2025-11-05 11:00:00+11:00,1
3,2025-11-05,0,120.0,79.0,199.0,2025-11-05 00:00:00+11:00,1
3,2025-11-05,20,904.0,790.0,1694.0,2025-11-05 20:00:00+11:00,1
53,2025-11-05,22,59.0,134.0,193.0,2025-11-05 22:00:00+11:00,1
53,2025-11-05,20,146.0,168.0,314.0,2025-11-05 20:00:00+11:00,1
51,2025-11-05,1,11.0,12.0,23.0,2025-11-05 01:00:00+11:00,1
51,2025-11-05,8,49.0,36.0,85.0,2025-11-05 08:00:00+11:00,1
51,2025-11-05,10,69.0,64.0,133.0,2025-11-05 10:00:00+11:00,1
5,2025-11-05,5,40.0,39.0,79.0,2025-11-05 05:00:00+11:00,1
51,2025-11-05,12,105.0,115.0,220.0,2025-11-05 12:00:00+11:00,1
51,2025-11-05,5,8.0,9.0,17.0,2025-11-05 05:00:00+11:00,1
51,2025-11-05,19,111.0,98.0,209.0,2025-11-05 19:00:00+11:00,1
5,2025-11-05,8,381.0,934.0,1315.0,2025-11-05 08:00:00+11:00,1
51,2025-11-05,6,9.0,11.0,20.0,2025-11-05 06:00:00+11:00,1
9,2025-11-05,1,22.0,3.0,25.0,2025-11-05 01:00:00+11:00,1
51,2025-11-05,21,71.0,65.0,136.0,2025-11-05 21:00:00+11:00,1
9,2025-11-05,9,204.0,1642.0,1846.0,2025-11-05 09:00:00+11:00,1
9,2025-11-05,15,1011.0,140.0,1151.0,2025-11-05 15:00:00+11:00,1
3,2025-11-05,9,255.0,312.0,567.0,2025-11-05 09:00:00+11:00,1
9,2025-11-05,7,70.0,1276.0,1346.0,2025-11-05 07:00:00+11:00,1
3,2025-11-05,8,156.0,324.0,480.0,2025-11-05 08:00:00+11:00,1
3,2025-11-05,19,906.0,1021.0,1927.0,2025-11-05 19:00:00+11:00,1
3,2025-11-05,3,54.0,21.0,75.0,2025-11-05 03:00:00+11:00,1
5,2025-11-05,21,648.0,464.0,1112.0,2025-11-05 21:00:00+11:00,1
9,2025-11-05,2,8.0,5.0,13.0,2025-11-05 02:00:00+11:00,1
5,2025-11-05,2,15.0,19.0,34.0,2025-11-05 02:00:00+11:00,1
53,2025-11-05,11,731.0,565.0,1296.0,2025-11-05 11:00:00+11:00,1
53,2025-11-05,4,4.0,1.0,5.0,2025-11-05 04:00:00+11:00,1
3,2025-11-05,2,35.0,28.0,63.0,2025-11-05 02:00:00+11:00,1
53,2025-11-05,3,6.0,14.0,20.0,2025-11-05 03:00:00+11:00,1
51,2025-11-05,4,8.0,9.0,17.0,2025-11-05 04:00:00+11:00,1
5,2025-11-05,6,59.0,169.0,228.0,2025-11-05 06:00:00+11:00,1
9,2025-11-05,4,3.0,1.0,4.0,2025-11-05 04:00:00+11:00,1
51,2025-11-05,2,6.0,5.0,11.0,2025-11-05 02:00:00+11:00,1
51,2025-11-05,17,74.0,79.0,153.0,2025-11-05 17:00:00+11:00,1
53,2025-11-05,21,108.0,161.0,269.0,2025-11-05 21:00:00+11:00,1
5,2025-11-05,9,363.0,542.0,905.0,2025-11-05 09:00:00+11:00,1
53,2025-11-05,6,20.0,26.0,46.0,2025-11-05 06:00:00+11:00,1
53,2025-11-05,14,729.0,630.0,1359.0,2025-11-05 14:00:00+11:00,1
9,2025-11-05,20,117.0,50.0,167.0,2025-11-05 20:00:00+11:00,1
5,2025-11-05,13,746.0,1145.0,1891.0,2025-11-05 13:00:00+11:00,1
9,2025-11-05,10,202.0,462.0,664.0,2025-11-05 10:00:00+11:00,1
9,2025-11-05,11,280.0,294.0,574.0,2025-11-05 11:00:00+11:00,1
9,2025-11-05,6,23.0,292.0,315.0,2025-11-05 06:00:00+11:00,1
5,2025-11-05,17,1370.0,984.0,2354.0,2025-11-05 17:00:00+11:00,1
53,2025-11-05,16,674.0,573.0,1247.0,2025-11-05 16:00:00+11:00,1
3,2025-11-05,4,23.0,18.0,41.0,2025-11-05 04:00:00+11:00,1
51,2025-11-05,22,47.0,44.0,91.0,2025-11-05 22:00:00+11:00,1
53,2025-11-05,18,424.0,312.0,736.0,2025-11-05 18:00:00+11:00,1
5,2025-11-05,22,287.0,309.0,596.0,2025-11-05 22:00:00+11:00,1
53,2025-11-05,12,1001.0,765.0,1766.0,2025-11-05 12:00:00+11:00,1
3,2025-11-05,10,382.0,461.0,843.0,2025-11-05 10:00:00+11:00,1
9,2025-11-05,0,18.0,21.0,39.0,2025-11-05 00:00:00+11:00,1
3,2025-11-05,1,100.0,61.0,161.0,2025-11-05 01:00:00+11:00,1
53,2025-11-05,19,275.0,183.0,458.0,2025-11-05 19:00:00+11:00,1
9,2025-11-05,16,2416.0,124.0,2540.0,2025-11-05 16:00:00+11:00,1
9,2025-11-05,8,96.0,3085.0,3181.0,2025-11-05 08:00:00+11:00,1
53,2025-11-05,1,9.0,10.0,19.0,2025-11-05 01:00:00+11:00,1
3,2025-11-05,5,11.0,17.0,28.0,2025-11-05 05:00:00+11:00,1
9,2025-11-05,14,413.0,237.0,650.0,2025-11-05 14:00:00+11:00,1
5,2025-11-05,19,520.0,602.0,1122.0,2025-11-05 19:00:00+11:00,1
3,2025-11-05,23,271.0,169.0,440.0,2025-11-05 23:00:00+11:00,1
9,2025-11-05,22,41.0,50.0,91.0,2025-11-05 22:00:00+11:00,1
9,2025-11-05,19,223.0,56.0,279.0,2025-11-05 19:00:00+11:00,1
51,2025-11-05,20,89.0,92.0,181.0,2025-11-05 20:00:00+11:00,1
5,2025-11-05,15,987.0,835.0,1822.0,2025-11-05 15:00:00+11:00,1
51,2025-11-05,13,115.0,98.0,213.0,2025-11-05 13:00:00+11:00,1
53,2025-11-05,8,408.0,270.0,678.0,2025-11-05 08:00:00+11:00,1
51,2025-11-05,23,37.0,34.0,71.0,2025-11-05 23:00:00+11:00,1
3,2025-11-05,22,611.0,374.0,985.0,2025-11-05 22:00:00+11:00,1
9,2025-11-05,17,2738.0,135.0,2873.0,2025-11-05 17:00:00+11:00,1
51,2025-11-05,14,98.0,96.0,194.0,2025-11-05 14:00:00+11:00,1
5,2025-11-05,16,1352.0,812.0,2164.0,2025-11-05 16:00:00+11:00,1
51,2025-11-05,18,106.0,101.0,207.0,2025-11-05 18:00:00+11:00,1
3,2025-11-05,12,936.0,1076.0,2012.0,2025-11-05 12:00:00+11:00,1
53,2025-11-05,23,37.0,37.0,74.0,2025-11-05 23:00:00+11:00,1
5,2025-11-05,10,494.0,610.0,1104.0,2025-11-05 10:00:00+11:00,1
5,2025-11-05,3,16.0,7.0,23.0,2025-11-05 03:00:00+11:00,1
3,2025-11-05,11,572.0,801.0,1373.0,2025-11-05 11:00:00+11:00,1
5,2025-11-05,4,28.0,4.0,32.0,2025-11-05 04:00:00+11:00,1
5,2025-11-05,12,839.0,949.0,1788.0,2025-11-05 12:00:00+11:00,1
5,2025-11-05,1,25.0,39.0,64.0,2025-11-05 01:00:00+11:00,1
9,2025-11-05,5,17.0,39.0,56.0,2025-11-05 05:00:00+11:00,1
51,2025-11-05,16,90.0,118.0,208.0,2025-11-05 16:00:00+11:00,1
9,2025-11-05,13,475.0,427.0,902.0,2025-11-05 13:00:00+11:00,1
53,2025-11-05,7,136.0,109.0,245.0,2025-11-05 07:00:00+11:00,1
3,2025-11-05,21,825.0,619.0,1444.0,2025-11-05 21:00:00+11:00,1
53,2025-11-05,13,972.0,813.0,1785.0,2025-11-05 13:00:00+11:00,1
51,2025-11-05,0,7.0,9.0,16.0,2025-11-05 00:00:00+11:00,1
3,2025-11-05,7,86.0,153.0,239.0,2025-11-05 07:00:00+11:00,1
9,2025-11-05,21,47.0,40.0,87.0,2025-11-05 21:00:00+11:00,1
53,2025-11-05,9,445.0,354.0,799.0,2025-11-05 09:00:00+11:00,1
51,2025-11-05,7,23.0,23.0,46.0,2025-11-05 07:00:00+11:00,1
53,2025-11-05,10,646.0,485.0,1131.0,2025-11-05 10:00:00+11:00,1
3,2025-11-05,14,910.0,930.0,1840.0,2025-11-05 14:00:00+11:00,1
3,2025-11-05,15,933.0,1087.0,2020.0,2025-11-05 15:00:00+11:00,1
5,2025-11-05,23,172.0,152.0,324.0,2025-11-05 23:00:00+11:00,1
3,2025-11-05,17,1068.0,1292.0,2360.0,2025-11-05 17:00:00+11:00,1
9,2025-11-05,23,17.0,9.0,26.0,2025-11-05 23:00:00+11:00,1
53,2025-11-05,15,688.0,574.0,1262.0,2025-11-05 15:00:00+11:00,1
5,2025-11-05,0,47.0,58.0,105.0,2025-11-05 00:00:00+11:00,1
3,2025-11-05,16,981.0,993.0,1974.0,2025-11-05 16:00:00+11:00,1
5,2025-11-05,14,796.0,830.0,1626.0,2025-11-05 14:00:00+11:00,1
5,2025-11-05,7,240.0,425.0,665.0,2025-11-05 07:00:00+11:00,1
53,2025-11-05,5,3.0,5.0,8.0,2025-11-05 05:00:00+11:00,1
5,2025-11-05,20,574.0,532.0,1106.0,2025-11-05 20:00:00+11:00,1
9,2025-11-05,3,1.0,1.0,2.0,2025-11-05 03:00:00+11:00,1
51,2025-11-05,9,60.0,60.0,120.0,2025-11-05 09:00:00+11:00,1
9,2025-11-05,12,620.0,537.0,1157.0,2025-11-05 12:00:00+11:00,1
53,2025-11-05,17,644.0,535.0,1179.0,2025-11-05 17:00:00+11:00,1
3,2025-11-04,21,454.0,450.0,904.0,2025-11-04 21:00:00+11:00,1
5,2025-11-04,11,536.0,706.0,1242.0,2025-11-04 11:00:00+11:00,1
51,2025-11-04,18,69.0,93.0,162.0,2025-11-04 18:00:00+11:00,1
51,2025-11-04,13,95.0,74.0,169.0,2025-11-04 13:00:00+11:00,1
3,2025-11-04,7,33.0,54.0,87.0,2025-11-04 07:00:00+11:00,1
3,2025-11-04,14,1108.0,1094.0,2202.0,2025-11-04 14:00:00+11:00,1
3,2025-11-04,23,268.0,178.0,446.0,2025-11-04 23:00:00+11:00,1
53,2025-11-04,9,145.0,144.0,289.0,2025-11-04 09:00:00+11:00,1
51,2025-11-04,2,0.0,5.0,5.0,2025-11-04 02:00:00+11:00,1
53,2025-11-04,15,558.0,375.0,933.0,2025-11-04 15:00:00+11:00,1
9,2025-11-04,16,219.0,226.0,445.0,2025-11-04 16:00:00+11:00,1
9,2025-11-04,10,89.0,158.0,247.0,2025-11-04 10:00:00+11:00,1
53,2025-11-04,3,1.0,6.0,7.0,2025-11-04 03:00:00+11:00,1
3,2025-11-04,10,401.0,402.0,803.0,2025-11-04 10:00:00+11:00,1
9,2025-11-04,14,118.0,144.0,262.0,2025-11-04 14:00:00+11:00,1
9,2025-11-04,12,310.0,371.0,681.0,2025-11-04 12:00:00+11:00,1
9,2025-11-04,21,24.0,24.0,48.0,2025-11-04 21:00:00+11:00,1
53,2025-11-04,13,571.0,467.0,1038.0,2025-11-04 13:00:00+11:00,1
51,2025-11-04,21,58.0,44.0,102.0,2025-11-04 21:00:00+11:00,1
5,2025-11-04,1,34.0,49.0,83.0,2025-11-04 01:00:00+11:00,1
51,2025-11-04,8,30.0,29.0,59.0,2025-11-04 08:00:00+11:00,1
53,2025-11-04,21,58.0,89.0,147.0,2025-11-04 21:00:00+11:00,1
9,2025-11-04,8,32.0,238.0,270.0,2025-11-04 08:00:00+11:00,1
51,2025-11-04,14,62.0,89.0,151.0,2025-11-04 14:00:00+11:00,1
3,2025-11-04,3,62.0,82.0,144.0,2025-11-04 03:00:00+11:00,1
53,2025-11-04,1,17.0,8.0,25.0,2025-11-04 01:00:00+11:00,1
53,2025-11-04,19,191.0,168.0,359.0,2025-11-04 19:00:00+11:00,1
5,2025-11-04,3,16.0,14.0,30.0,2025-11-04 03:00:00+11:00,1
5,2025-11-04,8,117.0,141.0,258.0,2025-11-04 08:00:00+11:00,1
51,2025-11-04,9,37.0,28.0,65.0,2025-11-04 09:00:00+11:00,1
3,2025-11-04,1,98.0,74.0,172.0,2025-11-04 01:00:00+11:00,1
3,2025-11-04,13,1100.0,1353.0,2453.0,2025-11-04 13:00:00+11:00,1
9,2025-11-04,15,197.0,156.0,353.0,2025-11-04 15:00:00+11:00,1
53,2025-11-04,4,3.0,2.0,5.0,2025-11-04 04:00:00+11:00,1
3,2025-11-04,9,196.0,231.0,427.0,2025-11-04 09:00:00+11:00,1
5,2025-11-04,7,54.0,61.0,115.0,2025-11-04 07:00:00+11:00,1
53,2025-11-04,18,275.0,254.0,529.0,2025-11-04 18:00:00+11:00,1
5,2025-11-04,13,785.0,1063.0,1848.0,2025-11-04 13:00:00+11:00,1
53,2025-11-04,8,90.0,96.0,186.0,2025-11-04 08:00:00+11:00,1
53,2025-11-04,22,45.0,71.0,116.0,2025-11-04 22:00:00+11:00,1
51,2025-11-04,16,58.0,72.0,130.0,2025-11-04 16:00:00+11:00,1
9,2025-11-04,23,1840.0,93.0,1933.0,2025-11-04 23:00:00+11:00,1
51,2025-11-04,11,75.0,63.0,138.0,2025-11-04 11:00:00+11:00,1
53,2025-11-04,11,431.0,333.0,764.0,2025-11-04 11:00:00+11:00,1
9,2025-11-04,17,364.0,271.0,635.0,2025-11-04 17:00:00+11:00,1
5,2025-11-04,6,23.0,20.0,43.0,2025-11-04 06:00:00+11:00,1
51,2025-11-04,20,38.0,38.0,76.0,2025-11-04 20:00:00+11:00,1
9,2025-11-04,18,212.0,458.0,670.0,2025-11-04 18:00:00+11:00,1
3,2025-11-04,5,7.0,7.0,14.0,2025-11-04 05:00:00+11:00,1
5,2025-11-04,14,761.0,791.0,1552.0,2025-11-04 14:00:00+11:00,1
9,2025-11-04,9,52.0,230.0,282.0,2025-11-04 09:00:00+11:00,1
9,2025-11-04,2,3.0,1.0,4.0,2025-11-04 02:00:00+11:00,1
5,2025-11-04,23,113.0,150.0,263.0,2025-11-04 23:00:00+11:00,1
51,2025-11-04,3,4.0,3.0,7.0,2025-11-04 03:00:00+11:00,1
51,2025-11-04,1,16.0,10.0,26.0,2025-11-04 01:00:00+11:00,1
53,2025-11-04,6,21.0,14.0,35.0,2025-11-04 06:00:00+11:00,1
5,2025-11-04,17,739.0,902.0,1641.0,2025-11-04 17:00:00+11:00,1
9,2025-11-04,19,94.0,912.0,1006.0,2025-11-04 19:00:00+11:00,1
51,2025-11-04,22,30.0,26.0,56.0,2025-11-04 22:00:00+11:00,1
3,2025-11-04,11,591.0,730.0,1321.0,2025-11-04 11:00:00+11:00,1
9,2025-11-04,0,4.0,15.0,19.0,2025-11-04 00:00:00+11:00,1
9,2025-11-04,7,26.0,89.0,115.0,2025-11-04 07:00:00+11:00,1
3,2025-11-04,12,818.0,1120.0,1938.0,2025-11-04 12:00:00+11:00,1
3,2025-11-04,4,33.0,28.0,61.0,2025-11-04 04:00:00+11:00,1
53,2025-11-04,20,83.0,105.0,188.0,2025-11-04 20:00:00+11:00,1
3,2025-11-04,6,8.0,17.0,25.0,2025-11-04 06:00:00+11:00,1
51,2025-11-04,12,97.0,98.0,195.0,2025-11-04 12:00:00+11:00,1
3,2025-11-04,16,1068.0,1235.0,2303.0,2025-11-04 16:00:00+11:00,1
3,2025-11-04,2,61.0,51.0,112.0,2025-11-04 02:00:00+11:00,1
5,2025-11-04,16,833.0,923.0,1756.0,2025-11-04 16:00:00+11:00,1
5,2025-11-04,5,15.0,20.0,35.0,2025-11-04 05:00:00+11:00,1
3,2025-11-04,18,1028.0,1308.0,2336.0,2025-11-04 18:00:00+11:00,1
3,2025-11-04,8,82.0,127.0,209.0,2025-11-04 08:00:00+11:00,1
51,2025-11-04,5,4.0,10.0,14.0,2025-11-04 05:00:00+11:00,1
9,2025-11-04,6,5.0,23.0,28.0,2025-11-04 06:00:00+11:00,1
9,2025-11-04,1,3.0,5.0,8.0,2025-11-04 01:00:00+11:00,1
5,2025-11-04,21,296.0,183.0,479.0,2025-11-04 21:00:00+11:00,1
51,2025-11-04,19,51.0,57.0,108.0,2025-11-04 19:00:00+11:00,1
51,2025-11-04,23,39.0,19.0,58.0,2025-11-04 23:00:00+11:00,1
9,2025-11-04,20,52.0,319.0,371.0,2025-11-04 20:00:00+11:00,1
5,2025-11-04,22,134.0,186.0,320.0,2025-11-04 22:00:00+11:00,1
53,2025-11-04,2,6.0,4.0,10.0,2025-11-04 02:00:00+11:00,1
53,2025-11-04,17,371.0,350.0,721.0,2025-11-04 17:00:00+11:00,1
53,2025-11-04,16,460.0,433.0,893.0,2025-11-04 16:00:00+11:00,1
5,2025-11-04,4,12.0,12.0,24.0,2025-11-04 04:00:00+11:00,1
53,2025-11-04,10,326.0,184.0,510.0,2025-11-04 10:00:00+11:00,1
5,2025-11-04,18,583.0,995.0,1578.0,2025-11-04 18:00:00+11:00,1
5,2025-11-04,20,410.0,401.0,811.0,2025-11-04 20:00:00+11:00,1
3,2025-11-04,0,155.0,154.0,309.0,2025-11-04 00:00:00+11:00,1
5,2025-11-04,19,563.0,841.0,1404.0,2025-11-04 19:00:00+11:00,1
9,2025-11-04,3,3.0,3.0,6.0,2025-11-04 03:00:00+11:00,1
3,2025-11-04,19,965.0,867.0,1832.0,2025-11-04 19:00:00+11:00,1
53,2025-11-04,12,523.0,413.0,936.0,2025-11-04 12:00:00+11:00,1
53,2025-11-04,7,64.0,24.0,88.0,2025-11-04 07:00:00+11:00,1
3,2025-11-04,15,1196.0,1298.0,2494.0,2025-11-04 15:00:00+11:00,1
51,2025-11-04,4,4.0,4.0,8.0,2025-11-04 04:00:00+11:00,1
9,2025-11-04,4,0.0,1.0,1.0,2025-11-04 04:00:00+11:00,1
51,2025-11-04,10,65.0,52.0,117.0,2025-11-04 10:00:00+11:00,1
53,2025-11-04,23,271.0,25.0,296.0,2025-11-04 23:00:00+11:00,1
9,2025-11-04,11,128.0,184.0,312.0,2025-11-04 11:00:00+11:00,1
5,2025-11-04,12,699.0,907.0,1606.0,2025-11-04 12:00:00+11:00,1
51,2025-11-04,6,2.0,5.0,7.0,2025-11-04 06:00:00+11:00,1
51,2025-11-04,17,61.0,76.0,137.0,2025-11-04 17:00:00+11:00,1
9,2025-11-04,22,244.0,28.0,272.0,2025-11-04 22:00:00+11:00,1
5,2025-11-04,15,732.0,891.0,1623.0,2025-11-04 15:00:00+11:00,1
53,2025-11-04,5,5.0,3.0,8.0,2025-11-04 05:00:00+11:00,1
51,2025-11-04,7,13.0,21.0,34.0,2025-11-04 07:00:00+11:00,1
51,2025-11-04,0,17.0,14.0,31.0,2025-11-04 00:00:00+11:00,1
3,2025-11-04,20,663.0,574.0,1237.0,2025-11-04 20:00:00+11:00,1
5,2025-11-04,0,107.0,102.0,209.0,2025-11-04 00:00:00+11:00,1
5,2025-11-04,10,313.0,450.0,763.0,2025-11-04 10:00:00+11:00,1
9,2025-11-04,13,165.0,280.0,445.0,2025-11-04 13:00:00+11:00,1
51,2025-11-04,15,78.0,58.0,136.0,2025-11-04 15:00:00+11:00,1
5,2025-11-04,2,30.0,26.0,56.0,2025-11-04 02:00:00+11:00,1
9,2025-11-04,5,5.0,2.0,7.0,2025-11-04 05:00:00+11:00,1
5,2025-11-04,9,267.0,240.0,507.0,2025-11-04 09:00:00+11:00,1
3,2025-11-04,22,257.0,245.0,502.0,2025-11-04 22:00:00+11:00,1
53,2025-11-04,14,509.0,498.0,1007.0,2025-11-04 14:00:00+11:00,1
3,2025-11-04,17,1055.0,1479.0,2534.0,2025-11-04 17:00:00+11:00,1
53,2025-11-04,0,16.0,29.0,45.0,2025-11-04 00:00:00+11:00,1
5,2025-11-03,21,678.0,240.0,918.0,2025-11-03 21:00:00+11:00,1
51,2025-11-03,13,95.0,81.0,176.0,2025-11-03 13:00:00+11:00,1
53,2025-11-03,13,491.0,400.0,891.0,2025-11-03 13:00:00+11:00,1
3,2025-11-03,10,134.0,109.0,243.0,2025-11-03 10:00:00+11:00,1
3,2025-11-03,1,65.0,70.0,135.0,2025-11-03 01:00:00+11:00,1
9,2025-11-03,11,72.0,90.0,162.0,2025-11-03 11:00:00+11:00,1
53,2025-11-03,11,230.0,200.0,430.0,2025-11-03 11:00:00+11:00,1
9,2025-11-03,4,4.0,4.0,8.0,2025-11-03 04:00:00+11:00,1
9,2025-11-03,10,51.0,125.0,176.0,2025-11-03 10:00:00+11:00,1
3,2025-11-03,7,39.0,23.0,62.0,2025-11-03 07:00:00+11:00,1
9,2025-11-03,9,38.0,299.0,337.0,2025-11-03 09:00:00+11:00,1
53,2025-11-03,18,348.0,255.0,603.0,2025-11-03 18:00:00+11:00,1
3,2025-11-03,16,904.0,1135.0,2039.0,2025-11-03 16:00:00+11:00,1
53,2025-11-03,4,11.0,3.0,14.0,2025-11-03 04:00:00+11:00,1
9,2025-11-03,13,175.0,147.0,322.0,2025-11-03 13:00:00+11:00,1
3,2025-11-03,15,1002.0,988.0,1990.0,2025-11-03 15:00:00+11:00,1
51,2025-11-03,23,29.0,40.0,69.0,2025-11-03 23:00:00+11:00,1
51,2025-11-03,18,73.0,69.0,142.0,2025-11-03 18:00:00+11:00,1
9,2025-11-03,14,249.0,161.0,410.0,2025-11-03 14:00:00+11:00,1
3,2025-11-03,19,961.0,1035.0,1996.0,2025-11-03 19:00:00+11:00,1
51,2025-11-03,9,28.0,30.0,58.0,2025-11-03 09:00:00+11:00,1
3,2025-11-03,6,7.0,9.0,16.0,2025-11-03 06:00:00+11:00,1
5,2025-11-03,3,14.0,7.0,21.0,2025-11-03 03:00:00+11:00,1
53,2025-11-03,12,426.0,402.0,828.0,2025-11-03 12:00:00+11:00,1
9,2025-11-03,5,8.0,24.0,32.0,2025-11-03 05:00:00+11:00,1
5,2025-11-03,1,19.0,13.0,32.0,2025-11-03 01:00:00+11:00,1
51,2025-11-03,16,91.0,74.0,165.0,2025-11-03 16:00:00+11:00,1
3,2025-11-03,11,238.0,180.0,418.0,2025-11-03 11:00:00+11:00,1
3,2025-11-03,20,796.0,629.0,1425.0,2025-11-03 20:00:00+11:00,1
53,2025-11-03,15,746.0,614.0,1360.0,2025-11-03 15:00:00+11:00,1
3,2025-11-03,13,596.0,588.0,1184.0,2025-11-03 13:00:00+11:00,1
53,2025-11-03,23,50.0,67.0,117.0,2025-11-03 23:00:00+11:00,1
3,2025-11-03,21,554.0,313.0,867.0,2025-11-03 21:00:00+11:00,1
51,2025-11-03,1,10.0,5.0,15.0,2025-11-03 01:00:00+11:00,1
53,2025-11-03,19,289.0,220.0,509.0,2025-11-03 19:00:00+11:00,1
53,2025-11-03,5,1.0,5.0,6.0,2025-11-03 05:00:00+11:00,1
51,2025-11-03,15,76.0,83.0,159.0,2025-11-03 15:00:00+11:00,1
5,2025-11-03,19,522.0,1122.0,1644.0,2025-11-03 19:00:00+11:00,1
9,2025-11-03,2,1.0,2.0,3.0,2025-11-03 02:00:00+11:00,1
9,2025-11-03,6,9.0,103.0,112.0,2025-11-03 06:00:00+11:00,1
51,2025-11-03,17,83.0,81.0,164.0,2025-11-03 17:00:00+11:00,1
3,2025-11-03,0,141.0,88.0,229.0,2025-11-03 00:00:00+11:00,1
9,2025-11-03,22,37.0,25.0,62.0,2025-11-03 22:00:00+11:00,1
5,2025-11-03,5,26.0,25.0,51.0,2025-11-03 05:00:00+11:00,1
51,2025-11-03,0,15.0,13.0,28.0,2025-11-03 00:00:00+11:00,1
9,2025-11-03,18,269.0,69.0,338.0,2025-11-03 18:00:00+11:00,1
51,2025-11-03,20,63.0,55.0,118.0,2025-11-03 20:00:00+11:00,1
5,2025-11-03,16,814.0,758.0,1572.0,2025-11-03 16:00:00+11:00,1
5,2025-11-03,20,462.0,408.0,870.0,2025-11-03 20:00:00+11:00,1
5,2025-11-03,0,73.0,60.0,133.0,2025-11-03 00:00:00+11:00,1
5,2025-11-03,14,459.0,496.0,955.0,2025-11-03 14:00:00+11:00,1
53,2025-11-03,17,569.0,543.0,1112.0,2025-11-03 17:00:00+11:00,1
5,2025-11-03,22,234.0,287.0,521.0,2025-11-03 22:00:00+11:00,1
51,2025-11-03,12,93.0,79.0,172.0,2025-11-03 12:00:00+11:00,1
9,2025-11-03,12,229.0,187.0,416.0,2025-11-03 12:00:00+11:00,1
51,2025-11-03,3,5.0,8.0,13.0,2025-11-03 03:00:00+11:00,1
51,2025-11-03,21,59.0,42.0,101.0,2025-11-03 21:00:00+11:00,1
51,2025-11-03,5,4.0,3.0,7.0,2025-11-03 05:00:00+11:00,1
53,2025-11-03,20,165.0,179.0,344.0,2025-11-03 20:00:00+11:00,1
51,2025-11-03,14,70.0,70.0,140.0,2025-11-03 14:00:00+11:00,1
5,2025-11-03,12,187.0,307.0,494.0,2025-11-03 12:00:00+11:00,1
53,2025-11-03,0,21.0,13.0,34.0,2025-11-03 00:00:00+11:00,1
53,2025-11-03,14,606.0,514.0,1120.0,2025-11-03 14:00:00+11:00,1
51,2025-11-03,2,1.0,2.0,3.0,2025-11-03 02:00:00+11:00,1
3,2025-11-03,5,11.0,13.0,24.0,2025-11-03 05:00:00+11:00,1
53,2025-11-03,22,73.0,122.0,195.0,2025-11-03 22:00:00+11:00,1
9,2025-11-03,15,495.0,135.0,630.0,2025-11-03 15:00:00+11:00,1
5,2025-11-03,10,57.0,94.0,151.0,2025-11-03 10:00:00+11:00,1
53,2025-11-03,3,1.0,2.0,3.0,2025-11-03 03:00:00+11:00,1
5,2025-11-03,2,10.0,7.0,17.0,2025-11-03 02:00:00+11:00,1
9,2025-11-03,23,12.0,23.0,35.0,2025-11-03 23:00:00+11:00,1
53,2025-11-03,10,165.0,129.0,294.0,2025-11-03 10:00:00+11:00,1
51,2025-11-03,6,6.0,10.0,16.0,2025-11-03 06:00:00+11:00,1
5,2025-11-03,18,641.0,803.0,1444.0,2025-11-03 18:00:00+11:00,1
5,2025-11-03,4,19.0,3.0,22.0,2025-11-03 04:00:00+11:00,1
5,2025-11-03,8,42.0,99.0,141.0,2025-11-03 08:00:00+11:00,1
5,2025-11-03,13,283.0,290.0,573.0,2025-11-03 13:00:00+11:00,1
9,2025-11-03,16,879.0,99.0,978.0,2025-11-03 16:00:00+11:00,1
3,2025-11-03,4,17.0,12.0,29.0,2025-11-03 04:00:00+11:00,1
5,2025-11-03,17,883.0,845.0,1728.0,2025-11-03 17:00:00+11:00,1
9,2025-11-03,17,1003.0,103.0,1106.0,2025-11-03 17:00:00+11:00,1
53,2025-11-03,6,13.0,12.0,25.0,2025-11-03 06:00:00+11:00,1
53,2025-11-03,16,623.0,605.0,1228.0,2025-11-03 16:00:00+11:00,1
9,2025-11-03,20,70.0,34.0,104.0,2025-11-03 20:00:00+11:00,1
3,2025-11-03,18,991.0,1227.0,2218.0,2025-11-03 18:00:00+11:00,1
53,2025-11-03,1,9.0,15.0,24.0,2025-11-03 01:00:00+11:00,1
5,2025-11-03,7,43.0,61.0,104.0,2025-11-03 07:00:00+11:00,1
51,2025-11-03,19,84.0,60.0,144.0,2025-11-03 19:00:00+11:00,1
51,2025-11-03,4,5.0,6.0,11.0,2025-11-03 04:00:00+11:00,1
9,2025-11-03,1,0.0,6.0,6.0,2025-11-03 01:00:00+11:00,1
9,2025-11-03,19,91.0,59.0,150.0,2025-11-03 19:00:00+11:00,1
5,2025-11-03,6,27.0,62.0,89.0,2025-11-03 06:00:00+11:00,1
3,2025-11-03,8,65.0,75.0,140.0,2025-11-03 08:00:00+11:00,1
3,2025-11-03,17,1038.0,1236.0,2274.0,2025-11-03 17:00:00+11:00,1
3,2025-11-03,22,485.0,358.0,843.0,2025-11-03 22:00:00+11:00,1
3,2025-11-03,3,20.0,6.0,26.0,2025-11-03 03:00:00+11:00,1
5,2025-11-03,23,168.0,225.0,393.0,2025-11-03 23:00:00+11:00,1
51,2025-11-03,11,62.0,50.0,112.0,2025-11-03 11:00:00+11:00,1
5,2025-11-03,9,38.0,71.0,109.0,2025-11-03 09:00:00+11:00,1
9,2025-11-03,8,17.0,469.0,486.0,2025-11-03 08:00:00+11:00,1
51,2025-11-03,7,17.0,12.0,29.0,2025-11-03 07:00:00+11:00,1
3,2025-11-03,14,798.0,842.0,1640.0,2025-11-03 14:00:00+11:00,1
53,2025-11-03,2,2.0,2.0,4.0,2025-11-03 02:00:00+11:00,1
51,2025-11-03,22,28.0,30.0,58.0,2025-11-03 22:00:00+11:00,1
3,2025-11-03,2,30.0,8.0,38.0,2025-11-03 02:00:00+11:00,1
53,2025-11-03,21,92.0,100.0,192.0,2025-11-03 21:00:00+11:00,1
3,2025-11-03,12,461.0,490.0,951.0,2025-11-03 12:00:00+11:00,1
51,2025-11-03,10,39.0,41.0,80.0,2025-11-03 10:00:00+11:00,1
51,2025-11-03,8,28.0,19.0,47.0,2025-11-03 08:00:00+11:00,1
53,2025-11-03,8,97.0,56.0,153.0,2025-11-03 08:00:00+11:00,1
5,2025-11-03,15,838.0,751.0,1589.0,2025-11-03 15:00:00+11:00,1
5,2025-11-03,11,88.0,123.0,211.0,2025-11-03 11:00:00+11:00,1
53,2025-11-03,7,54.0,33.0,87.0,2025-11-03 07:00:00+11:00,1
9,2025-11-03,0,13.0,10.0,23.0,2025-11-03 00:00:00+11:00,1
53,2025-11-03,9,142.0,84.0,226.0,2025-11-03 09:00:00+11:00,1
3,2025-11-03,23,367.0,280.0,647.0,2025-11-03 23:00:00+11:00,1
3,2025-11-03,9,83.0,98.0,181.0,2025-11-03 09:00:00+11:00,1
9,2025-11-03,21,25.0,17.0,42.0,2025-11-03 21:00:00+11:00,1
9,2025-11-03,7,22.0,262.0,284.0,2025-11-03 07:00:00+11:00,1
9,2025-11-02,20,55.0,58.0,113.0,2025-11-02 20:00:00+11:00,1
5,2025-11-02,10,538.0,540.0,1078.0,2025-11-02 10:00:00+11:00,1
3,2025-11-02,9,209.0,249.0,458.0,2025-11-02 09:00:00+11:00,1
53,2025-11-02,19,221.0,162.0,383.0,2025-11-02 19:00:00+11:00,1
51,2025-11-02,22,28.0,44.0,72.0,2025-11-02 22:00:00+11:00,1
9,2025-11-02,19,61.0,54.0,115.0,2025-11-02 19:00:00+11:00,1
51,2025-11-02,0,19.0,24.0,43.0,2025-11-02 00:00:00+11:00,1
9,2025-11-02,13,31.0,75.0,106.0,2025-11-02 13:00:00+11:00,1
51,2025-11-02,13,160.0,154.0,314.0,2025-11-02 13:00:00+11:00,1
9,2025-11-02,0,26.0,37.0,63.0,2025-11-02 00:00:00+11:00,1
51,2025-11-02,9,64.0,81.0,145.0,2025-11-02 09:00:00+11:00,1
5,2025-11-02,16,1203.0,1206.0,2409.0,2025-11-02 16:00:00+11:00,1
5,2025-11-02,9,291.0,307.0,598.0,2025-11-02 09:00:00+11:00,1
9,2025-11-02,14,42.0,53.0,95.0,2025-11-02 14:00:00+11:00,1
5,2025-11-02,1,153.0,196.0,349.0,2025-11-02 01:00:00+11:00,1
3,2025-11-02,18,905.0,1222.0,2127.0,2025-11-02 18:00:00+11:00,1
5,2025-11-02,22,1139.0,480.0,1619.0,2025-11-02 22:00:00+11:00,1
3,2025-11-02,11,602.0,720.0,1322.0,2025-11-02 11:00:00+11:00,1
3,2025-11-02,4,83.0,53.0,136.0,2025-11-02 04:00:00+11:00,1
51,2025-11-02,23,14.0,19.0,33.0,2025-11-02 23:00:00+11:00,1
9,2025-11-02,5,7.0,6.0,13.0,2025-11-02 05:00:00+11:00,1
51,2025-11-02,10,113.0,111.0,224.0,2025-11-02 10:00:00+11:00,1
51,2025-11-02,3,9.0,4.0,13.0,2025-11-02 03:00:00+11:00,1
51,2025-11-02,18,109.0,83.0,192.0,2025-11-02 18:00:00+11:00,1
53,2025-11-02,22,56.0,132.0,188.0,2025-11-02 22:00:00+11:00,1
3,2025-11-02,14,1216.0,1393.0,2609.0,2025-11-02 14:00:00+11:00,1
5,2025-11-02,5,38.0,39.0,77.0,2025-11-02 05:00:00+11:00,1
53,2025-11-02,10,442.0,275.0,717.0,2025-11-02 10:00:00+11:00,1
3,2025-11-02,10,395.0,429.0,824.0,2025-11-02 10:00:00+11:00,1
53,2025-11-02,11,654.0,469.0,1123.0,2025-11-02 11:00:00+11:00,1
5,2025-11-02,4,28.0,33.0,61.0,2025-11-02 04:00:00+11:00,1
9,2025-11-02,7,27.0,28.0,55.0,2025-11-02 07:00:00+11:00,1
3,2025-11-02,8,100.0,115.0,215.0,2025-11-02 08:00:00+11:00,1
9,2025-11-02,10,69.0,78.0,147.0,2025-11-02 10:00:00+11:00,1
51,2025-11-02,14,173.0,168.0,341.0,2025-11-02 14:00:00+11:00,1
9,2025-11-02,9,39.0,42.0,81.0,2025-11-02 09:00:00+11:00,1
3,2025-11-02,7,60.0,79.0,139.0,2025-11-02 07:00:00+11:00,1
53,2025-11-02,15,703.0,524.0,1227.0,2025-11-02 15:00:00+11:00,1
3,2025-11-02,19,969.0,1050.0,2019.0,2025-11-02 19:00:00+11:00,1
51,2025-11-02,16,111.0,71.0,182.0,2025-11-02 16:00:00+11:00,1
5,2025-11-02,0,491.0,498.0,989.0,2025-11-02 00:00:00+11:00,1
53,2025-11-02,5,5.0,11.0,16.0,2025-11-02 05:00:00+11:00,1
9,2025-11-02,11,70.0,52.0,122.0,2025-11-02 11:00:00+11:00,1
3,2025-11-02,13,1294.0,1559.0,2853.0,2025-11-02 13:00:00+11:00,1
53,2025-11-02,14,768.0,558.0,1326.0,2025-11-02 14:00:00+11:00,1
5,2025-11-02,2,92.0,90.0,182.0,2025-11-02 02:00:00+11:00,1
53,2025-11-02,12,804.0,582.0,1386.0,2025-11-02 12:00:00+11:00,1
51,2025-11-02,5,9.0,11.0,20.0,2025-11-02 05:00:00+11:00,1
51,2025-11-02,1,15.0,25.0,40.0,2025-11-02 01:00:00+11:00,1
5,2025-11-02,3,35.0,57.0,92.0,2025-11-02 03:00:00+11:00,1
53,2025-11-02,8,81.0,68.0,149.0,2025-11-02 08:00:00+11:00,1
5,2025-11-02,17,1005.0,1160.0,2165.0,2025-11-02 17:00:00+11:00,1
51,2025-11-02,8,26.0,46.0,72.0,2025-11-02 08:00:00+11:00,1
5,2025-11-02,15,987.0,1255.0,2242.0,2025-11-02 15:00:00+11:00,1
9,2025-11-02,23,10.0,11.0,21.0,2025-11-02 23:00:00+11:00,1
5,2025-11-02,6,52.0,70.0,122.0,2025-11-02 06:00:00+11:00,1
3,2025-11-02,0,442.0,422.0,864.0,2025-11-02 00:00:00+11:00,1
51,2025-11-02,11,143.0,151.0,294.0,2025-11-02 11:00:00+11:00,1
3,2025-11-02,15,978.0,1159.0,2137.0,2025-11-02 15:00:00+11:00,1
3,2025-11-02,3,168.0,83.0,251.0,2025-11-02 03:00:00+11:00,1
5,2025-11-02,7,104.0,101.0,205.0,2025-11-02 07:00:00+11:00,1
53,2025-11-02,18,266.0,184.0,450.0,2025-11-02 18:00:00+11:00,1
53,2025-11-02,4,12.0,9.0,21.0,2025-11-02 04:00:00+11:00,1
5,2025-11-02,13,900.0,1188.0,2088.0,2025-11-02 13:00:00+11:00,1
9,2025-11-02,16,48.0,69.0,117.0,2025-11-02 16:00:00+11:00,1
9,2025-11-02,17,61.0,67.0,128.0,2025-11-02 17:00:00+11:00,1
3,2025-11-02,21,794.0,582.0,1376.0,2025-11-02 21:00:00+11:00,1
9,2025-11-02,22,27.0,20.0,47.0,2025-11-02 22:00:00+11:00,1
51,2025-11-02,21,56.0,70.0,126.0,2025-11-02 21:00:00+11:00,1
53,2025-11-02,1,49.0,77.0,126.0,2025-11-02 01:00:00+11:00,1
9,2025-11-02,12,69.0,82.0,151.0,2025-11-02 12:00:00+11:00,1
5,2025-11-02,14,934.0,1291.0,2225.0,2025-11-02 14:00:00+11:00,1
3,2025-11-02,5,55.0,53.0,108.0,2025-11-02 05:00:00+11:00,1
53,2025-11-02,21,120.0,181.0,301.0,2025-11-02 21:00:00+11:00,1
5,2025-11-02,23,264.0,177.0,441.0,2025-11-02 23:00:00+11:00,1
5,2025-11-02,18,944.0,1125.0,2069.0,2025-11-02 18:00:00+11:00,1
9,2025-11-02,3,6.0,10.0,16.0,2025-11-02 03:00:00+11:00,1
53,2025-11-02,13,691.0,632.0,1323.0,2025-11-02 13:00:00+11:00,1
3,2025-11-02,2,163.0,147.0,310.0,2025-11-02 02:00:00+11:00,1
5,2025-11-02,8,148.0,172.0,320.0,2025-11-02 08:00:00+11:00,1
9,2025-11-02,1,33.0,15.0,48.0,2025-11-02 01:00:00+11:00,1
3,2025-11-02,22,536.0,404.0,940.0,2025-11-02 22:00:00+11:00,1
51,2025-11-02,19,99.0,71.0,170.0,2025-11-02 19:00:00+11:00,1
5,2025-11-02,11,663.0,867.0,1530.0,2025-11-02 11:00:00+11:00,1
9,2025-11-02,6,10.0,12.0,22.0,2025-11-02 06:00:00+11:00,1
9,2025-11-02,21,52.0,39.0,91.0,2025-11-02 21:00:00+11:00,1
3,2025-11-02,6,40.0,42.0,82.0,2025-11-02 06:00:00+11:00,1
51,2025-11-02,15,199.0,112.0,311.0,2025-11-02 15:00:00+11:00,1
3,2025-11-02,16,938.0,1134.0,2072.0,2025-11-02 16:00:00+11:00,1
51,2025-11-02,6,6.0,8.0,14.0,2025-11-02 06:00:00+11:00,1
51,2025-11-02,2,17.0,18.0,35.0,2025-11-02 02:00:00+11:00,1
3,2025-11-02,20,956.0,824.0,1780.0,2025-11-02 20:00:00+11:00,1
51,2025-11-02,20,60.0,57.0,117.0,2025-11-02 20:00:00+11:00,1
51,2025-11-02,12,185.0,171.0,356.0,2025-11-02 12:00:00+11:00,1
9,2025-11-02,18,48.0,54.0,102.0,2025-11-02 18:00:00+11:00,1
9,2025-11-02,4,5.0,14.0,19.0,2025-11-02 04:00:00+11:00,1
53,2025-11-02,3,16.0,18.0,34.0,2025-11-02 03:00:00+11:00,1
53,2025-11-02,23,35.0,77.0,112.0,2025-11-02 23:00:00+11:00,1
53,2025-11-02,7,32.0,15.0,47.0,2025-11-02 07:00:00+11:00,1
9,2025-11-02,15,70.0,51.0,121.0,2025-11-02 15:00:00+11:00,1
53,2025-11-02,0,110.0,101.0,211.0,2025-11-02 00:00:00+11:00,1
3,2025-11-02,17,996.0,1283.0,2279.0,2025-11-02 17:00:00+11:00,1
5,2025-11-02,21,714.0,777.0,1491.0,2025-11-02 21:00:00+11:00,1
5,2025-11-02,20,922.0,851.0,1773.0,2025-11-02 20:00:00+11:00,1
53,2025-11-02,17,327.0,331.0,658.0,2025-11-02 17:00:00+11:00,1
53,2025-11-02,2,40.0,36.0,76.0,2025-11-02 02:00:00+11:00,1
5,2025-11-02,12,804.0,1143.0,1947.0,2025-11-02 12:00:00+11:00,1
3,2025-11-02,12,921.0,1266.0,2187.0,2025-11-02 12:00:00+11:00,1
51,2025-11-02,4,10.0,5.0,15.0,2025-11-02 04:00:00+11:00,1
5,2025-11-02,19,818.0,1636.0,2454.0,2025-11-02 19:00:00+11:00,1
9,2025-11-02,2,16.0,7.0,23.0,2025-11-02 02:00:00+11:00,1
53,2025-11-02,9,211.0,150.0,361.0,2025-11-02 09:00:00+11:00,1
53,2025-11-02,16,532.0,492.0,1024.0,2025-11-02 16:00:00+11:00,1
51,2025-11-02,17,84.0,91.0,175.0,2025-11-02 17:00:00+11:00,1
53,2025-11-02,6,17.0,9.0,26.0,2025-11-02 06:00:00+11:00,1
3,2025-11-02,1,279.0,247.0,526.0,2025-11-02 01:00:00+11:00,1
53,2025-11-02,20,174.0,163.0,337.0,2025-11-02 20:00:00+11:00,1
51,2025-11-02,7,25.0,17.0,42.0,2025-11-02 07:00:00+11:00,1
3,2025-11-02,23,273.0,219.0,492.0,2025-11-02 23:00:00+11:00,1
9,2025-11-02,8,35.0,22.0,57.0,2025-11-02 08:00:00+11:00,1
53,2025-11-01,1,43.0,96.0,139.0,2025-11-01 01:00:00+11:00,1
53,2025-11-01,6,30.0,18.0,48.0,2025-11-01 06:00:00+11:00,1
51,2025-11-01,2,31.0,15.0,46.0,2025-11-01 02:00:00+11:00,1
5,2025-11-01,9,340.0,285.0,625.0,2025-11-01 09:00:00+11:00,1
53,2025-11-01,15,852.0,680.0,1532.0,2025-11-01 15:00:00+11:00,1
3,2025-11-01,19,1207.0,1383.0,2590.0,2025-11-01 19:00:00+11:00,1
3,2025-11-01,20,1103.0,1090.0,2193.0,2025-11-01 20:00:00+11:00,1
9,2025-11-01,2,21.0,19.0,40.0,2025-11-01 02:00:00+11:00,1
51,2025-11-01,0,39.0,18.0,57.0,2025-11-01 00:00:00+11:00,1
5,2025-11-01,11,764.0,1031.0,1795.0,2025-11-01 11:00:00+11:00,1
53,2025-11-01,9,324.0,239.0,563.0,2025-11-01 09:00:00+11:00,1
51,2025-11-01,15,153.0,130.0,283.0,2025-11-01 15:00:00+11:00,1
3,2025-11-01,18,1115.0,1431.0,2546.0,2025-11-01 18:00:00+11:00,1
53,2025-11-01,23,375.0,133.0,508.0,2025-11-01 23:00:00+11:00,1
3,2025-11-01,23,656.0,631.0,1287.0,2025-11-01 23:00:00+11:00,1
53,2025-11-01,10,456.0,377.0,833.0,2025-11-01 10:00:00+11:00,1
9,2025-11-01,10,104.0,92.0,196.0,2025-11-01 10:00:00+11:00,1
5,2025-11-01,23,672.0,751.0,1423.0,2025-11-01 23:00:00+11:00,1
9,2025-11-01,3,2.0,11.0,13.0,2025-11-01 03:00:00+11:00,1
3,2025-11-01,1,461.0,468.0,929.0,2025-11-01 01:00:00+11:00,1
53,2025-11-01,4,5.0,12.0,17.0,2025-11-01 04:00:00+11:00,1
53,2025-11-01,11,777.0,590.0,1367.0,2025-11-01 11:00:00+11:00,1
51,2025-11-01,6,3.0,7.0,10.0,2025-11-01 06:00:00+11:00,1
3,2025-11-01,22,751.0,670.0,1421.0,2025-11-01 22:00:00+11:00,1
3,2025-11-01,14,1207.0,1488.0,2695.0,2025-11-01 14:00:00+11:00,1
5,2025-11-01,1,189.0,182.0,371.0,2025-11-01 01:00:00+11:00,1
9,2025-11-01,4,2.0,8.0,10.0,2025-11-01 04:00:00+11:00,1
3,2025-11-01,2,346.0,272.0,618.0,2025-11-01 02:00:00+11:00,1
51,2025-11-01,18,96.0,48.0,144.0,2025-11-01 18:00:00+11:00,1
3,2025-11-01,9,213.0,262.0,475.0,2025-11-01 09:00:00+11:00,1
5,2025-11-01,17,1401.0,1652.0,3053.0,2025-11-01 17:00:00+11:00,1
5,2025-11-01,12,852.0,1296.0,2148.0,2025-11-01 12:00:00+11:00,1
51,2025-11-01,5,3.0,13.0,16.0,2025-11-01 05:00:00+11:00,1
9,2025-11-01,18,167.0,495.0,662.0,2025-11-01 18:00:00+11:00,1
53,2025-11-01,18,386.0,330.0,716.0,2025-11-01 18:00:00+11:00,1
51,2025-11-01,13,186.0,151.0,337.0,2025-11-01 13:00:00+11:00,1
53,2025-11-01,17,468.0,410.0,878.0,2025-11-01 17:00:00+11:00,1
3,2025-11-01,21,972.0,907.0,1879.0,2025-11-01 21:00:00+11:00,1
5,2025-11-01,20,1193.0,1414.0,2607.0,2025-11-01 20:00:00+11:00,1
9,2025-11-01,9,93.0,86.0,179.0,2025-11-01 09:00:00+11:00,1
9,2025-11-01,17,129.0,240.0,369.0,2025-11-01 17:00:00+11:00,1
5,2025-11-01,19,1260.0,1929.0,3189.0,2025-11-01 19:00:00+11:00,1
3,2025-11-01,5,62.0,54.0,116.0,2025-11-01 05:00:00+11:00,1
5,2025-11-01,16,1502.0,1452.0,2954.0,2025-11-01 16:00:00+11:00,1
5,2025-11-01,13,952.0,1594.0,2546.0,2025-11-01 13:00:00+11:00,1
9,2025-11-01,16,103.0,204.0,307.0,2025-11-01 16:00:00+11:00,1
51,2025-11-01,14,136.0,134.0,270.0,2025-11-01 14:00:00+11:00,1
53,2025-11-01,13,846.0,643.0,1489.0,2025-11-01 13:00:00+11:00,1
9,2025-11-01,15,83.0,101.0,184.0,2025-11-01 15:00:00+11:00,1
53,2025-11-01,8,107.0,104.0,211.0,2025-11-01 08:00:00+11:00,1
51,2025-11-01,1,20.0,8.0,28.0,2025-11-01 01:00:00+11:00,1
9,2025-11-01,8,29.0,31.0,60.0,2025-11-01 08:00:00+11:00,1
51,2025-11-01,23,84.0,25.0,109.0,2025-11-01 23:00:00+11:00,1
5,2025-11-01,4,26.0,37.0,63.0,2025-11-01 04:00:00+11:00,1
51,2025-11-01,4,14.0,10.0,24.0,2025-11-01 04:00:00+11:00,1
3,2025-11-01,17,1120.0,1426.0,2546.0,2025-11-01 17:00:00+11:00,1
53,2025-11-01,3,39.0,26.0,65.0,2025-11-01 03:00:00+11:00,1
3,2025-11-01,8,98.0,135.0,233.0,2025-11-01 08:00:00+11:00,1
5,2025-11-01,7,106.0,103.0,209.0,2025-11-01 07:00:00+11:00,1
5,2025-11-01,21,1254.0,1011.0,2265.0,2025-11-01 21:00:00+11:00,1
53,2025-11-01,5,9.0,15.0,24.0,2025-11-01 05:00:00+11:00,1
3,2025-11-01,13,1059.0,1260.0,2319.0,2025-11-01 13:00:00+11:00,1
51,2025-11-01,11,136.0,145.0,281.0,2025-11-01 11:00:00+11:00,1
3,2025-11-01,4,114.0,85.0,199.0,2025-11-01 04:00:00+11:00,1
5,2025-11-01,3,48.0,84.0,132.0,2025-11-01 03:00:00+11:00,1
53,2025-11-01,19,316.0,278.0,594.0,2025-11-01 19:00:00+11:00,1
3,2025-11-01,16,1323.0,1396.0,2719.0,2025-11-01 16:00:00+11:00,1
5,2025-11-01,10,540.0,533.0,1073.0,2025-11-01 10:00:00+11:00,1
5,2025-11-01,6,56.0,54.0,110.0,2025-11-01 06:00:00+11:00,1
53,2025-11-01,7,50.0,39.0,89.0,2025-11-01 07:00:00+11:00,1
53,2025-11-01,21,140.0,182.0,322.0,2025-11-01 21:00:00+11:00,1
53,2025-11-01,2,42.0,42.0,84.0,2025-11-01 02:00:00+11:00,1
51,2025-11-01,21,65.0,32.0,97.0,2025-11-01 21:00:00+11:00,1
53,2025-11-01,12,832.0,613.0,1445.0,2025-11-01 12:00:00+11:00,1
51,2025-11-01,12,189.0,110.0,299.0,2025-11-01 12:00:00+11:00,1
53,2025-11-01,0,189.0,156.0,345.0,2025-11-01 00:00:00+11:00,1
9,2025-11-01,14,59.0,85.0,144.0,2025-11-01 14:00:00+11:00,1
3,2025-11-01,12,883.0,1026.0,1909.0,2025-11-01 12:00:00+11:00,1
5,2025-11-01,2,92.0,112.0,204.0,2025-11-01 02:00:00+11:00,1
5,2025-11-01,18,1264.0,1913.0,3177.0,2025-11-01 18:00:00+11:00,1
51,2025-11-01,17,79.0,64.0,143.0,2025-11-01 17:00:00+11:00,1
9,2025-11-01,1,22.0,23.0,45.0,2025-11-01 01:00:00+11:00,1
51,2025-11-01,10,136.0,126.0,262.0,2025-11-01 10:00:00+11:00,1
5,2025-11-01,22,999.0,1096.0,2095.0,2025-11-01 22:00:00+11:00,1
51,2025-11-01,9,72.0,71.0,143.0,2025-11-01 09:00:00+11:00,1
9,2025-11-01,7,24.0,34.0,58.0,2025-11-01 07:00:00+11:00,1
9,2025-11-01,0,58.0,58.0,116.0,2025-11-01 00:00:00+11:00,1
9,2025-11-01,22,262.0,26.0,288.0,2025-11-01 22:00:00+11:00,1
53,2025-11-01,22,132.0,223.0,355.0,2025-11-01 22:00:00+11:00,1
9,2025-11-01,23,2415.0,102.0,2517.0,2025-11-01 23:00:00+11:00,1
9,2025-11-01,21,30.0,56.0,86.0,2025-11-01 21:00:00+11:00,1
5,2025-11-01,8,175.0,211.0,386.0,2025-11-01 08:00:00+11:00,1
9,2025-11-01,20,56.0,425.0,481.0,2025-11-01 20:00:00+11:00,1
9,2025-11-01,11,67.0,96.0,163.0,2025-11-01 11:00:00+11:00,1
51,2025-11-01,7,35.0,25.0,60.0,2025-11-01 07:00:00+11:00,1
5,2025-11-01,5,20.0,35.0,55.0,2025-11-01 05:00:00+11:00,1
3,2025-11-01,6,37.0,58.0,95.0,2025-11-01 06:00:00+11:00,1
51,2025-11-01,22,40.0,41.0,81.0,2025-11-01 22:00:00+11:00,1
3,2025-11-01,7,52.0,72.0,124.0,2025-11-01 07:00:00+11:00,1
9,2025-11-01,13,69.0,115.0,184.0,2025-11-01 13:00:00+11:00,1
53,2025-11-01,16,710.0,608.0,1318.0,2025-11-01 16:00:00+11:00,1
3,2025-11-01,10,365.0,416.0,781.0,2025-11-01 10:00:00+11:00,1
53,2025-11-01,20,199.0,225.0,424.0,2025-11-01 20:00:00+11:00,1
9,2025-11-01,5,7.0,12.0,19.0,2025-11-01 05:00:00+11:00,1
9,2025-11-01,19,83.0,1076.0,1159.0,2025-11-01 19:00:00+11:00,1
51,2025-11-01,16,123.0,116.0,239.0,2025-11-01 16:00:00+11:00,1
3,2025-11-01,0,754.0,719.0,1473.0,2025-11-01 00:00:00+11:00,1
3,2025-11-01,3,267.0,149.0,416.0,2025-11-01 03:00:00+11:00,1
9,2025-11-01,6,14.0,21.0,35.0,2025-11-01 06:00:00+11:00,1
51,2025-11-01,19,108.0,72.0,180.0,2025-11-01 19:00:00+11:00,1
53,2025-11-01,14,887.0,680.0,1567.0,2025-11-01 14:00:00+11:00,1
5,2025-11-01,14,1036.0,1342.0,2378.0,2025-11-01 14:00:00+11:00,1
51,2025-11-01,20,106.0,61.0,167.0,2025-11-01 20:00:00+11:00,1
9,2025-11-01,12,78.0,104.0,182.0,2025-11-01 12:00:00+11:00,1
5,2025-11-01,0,372.0,418.0,790.0,2025-11-01 00:00:00+11:00,1
51,2025-11-01,8,49.0,42.0,91.0,2025-11-01 08:00:00+11:00,1
51,2025-11-01,3,24.0,11.0,35.0,2025-11-01 03:00:00+11:00,1
5,2025-11-01,15,1232.0,1461.0,2693.0,2025-11-01 15:00:00+11:00,1
3,2025-11-01,15,1262.0,1490.0,2752.0,2025-11-01 15:00:00+11:00,1
3,2025-11-01,11,635.0,849.0,1484.0,2025-11-01 11:00:00+11:00,1
3,2025-10-31,4,31.0,25.0,56.0,2025-10-31 04:00:00+11:00,1
5,2025-10-31,3,18.0,16.0,34.0,2025-10-31 03:00:00+11:00,1
51,2025-10-31,7,43.0,29.0,72.0,2025-10-31 07:00:00+11:00,1
51,2025-10-31,14,111.0,102.0,213.0,2025-10-31 14:00:00+11:00,1
9,2025-10-31,15,694.0,222.0,916.0,2025-10-31 15:00:00+11:00,1
9,2025-10-31,14,438.0,256.0,694.0,2025-10-31 14:00:00+11:00,1
3,2025-10-31,3,57.0,38.0,95.0,2025-10-31 03:00:00+11:00,1
51,2025-10-31,0,36.0,18.0,54.0,2025-10-31 00:00:00+11:00,1
51,2025-10-31,17,84.0,78.0,162.0,2025-10-31 17:00:00+11:00,1
53,2025-10-31,4,4.0,4.0,8.0,2025-10-31 04:00:00+11:00,1
3,2025-10-31,11,507.0,700.0,1207.0,2025-10-31 11:00:00+11:00,1
5,2025-10-31,8,284.0,572.0,856.0,2025-10-31 08:00:00+11:00,1
51,2025-10-31,23,94.0,25.0,119.0,2025-10-31 23:00:00+11:00,1
5,2025-10-31,6,69.0,215.0,284.0,2025-10-31 06:00:00+11:00,1
3,2025-10-31,22,1078.0,1004.0,2082.0,2025-10-31 22:00:00+11:00,1
51,2025-10-31,10,107.0,103.0,210.0,2025-10-31 10:00:00+11:00,1
3,2025-10-31,6,23.0,79.0,102.0,2025-10-31 06:00:00+11:00,1
51,2025-10-31,5,7.0,11.0,18.0,2025-10-31 05:00:00+11:00,1
3,2025-10-31,14,874.0,921.0,1795.0,2025-10-31 14:00:00+11:00,1
9,2025-10-31,2,5.0,4.0,9.0,2025-10-31 02:00:00+11:00,1
9,2025-10-31,12,418.0,336.0,754.0,2025-10-31 12:00:00+11:00,1
9,2025-10-31,3,2.0,1.0,3.0,2025-10-31 03:00:00+11:00,1
53,2025-10-31,17,792.0,561.0,1353.0,2025-10-31 17:00:00+11:00,1
5,2025-10-31,16,941.0,938.0,1879.0,2025-10-31 16:00:00+11:00,1
5,2025-10-31,13,606.0,593.0,1199.0,2025-10-31 13:00:00+11:00,1
5,2025-10-31,18,1210.0,1278.0,2488.0,2025-10-31 18:00:00+11:00,1
53,2025-10-31,15,704.0,577.0,1281.0,2025-10-31 15:00:00+11:00,1
3,2025-10-31,23,1089.0,963.0,2052.0,2025-10-31 23:00:00+11:00,1
51,2025-10-31,6,40.0,17.0,57.0,2025-10-31 06:00:00+11:00,1
9,2025-10-31,21,45.0,45.0,90.0,2025-10-31 21:00:00+11:00,1
51,2025-10-31,20,103.0,100.0,203.0,2025-10-31 20:00:00+11:00,1
3,2025-10-31,5,38.0,38.0,76.0,2025-10-31 05:00:00+11:00,1
3,2025-10-31,1,110.0,57.0,167.0,2025-10-31 01:00:00+11:00,1
5,2025-10-31,2,28.0,33.0,61.0,2025-10-31 02:00:00+11:00,1
9,2025-10-31,19,137.0,1034.0,1171.0,2025-10-31 19:00:00+11:00,1
53,2025-10-31,2,9.0,14.0,23.0,2025-10-31 02:00:00+11:00,1
53,2025-10-31,11,746.0,610.0,1356.0,2025-10-31 11:00:00+11:00,1
53,2025-10-31,14,737.0,681.0,1418.0,2025-10-31 14:00:00+11:00,1
53,2025-10-31,13,757.0,669.0,1426.0,2025-10-31 13:00:00+11:00,1
9,2025-10-31,13,363.0,315.0,678.0,2025-10-31 13:00:00+11:00,1
9,2025-10-31,20,69.0,450.0,519.0,2025-10-31 20:00:00+11:00,1
9,2025-10-31,6,24.0,197.0,221.0,2025-10-31 06:00:00+11:00,1
9,2025-10-31,4,3.0,2.0,5.0,2025-10-31 04:00:00+11:00,1
5,2025-10-31,10,345.0,595.0,940.0,2025-10-31 10:00:00+11:00,1
51,2025-10-31,22,38.0,55.0,93.0,2025-10-31 22:00:00+11:00,1
9,2025-10-31,0,9.0,16.0,25.0,2025-10-31 00:00:00+11:00,1
53,2025-10-31,12,670.0,618.0,1288.0,2025-10-31 12:00:00+11:00,1
53,2025-10-31,6,22.0,23.0,45.0,2025-10-31 06:00:00+11:00,1
5,2025-10-31,17,1223.0,1160.0,2383.0,2025-10-31 17:00:00+11:00,1
53,2025-10-31,5,4.0,13.0,17.0,2025-10-31 05:00:00+11:00,1
3,2025-10-31,8,196.0,228.0,424.0,2025-10-31 08:00:00+11:00,1
51,2025-10-31,8,60.0,67.0,127.0,2025-10-31 08:00:00+11:00,1
53,2025-10-31,21,187.0,209.0,396.0,2025-10-31 21:00:00+11:00,1
9,2025-10-31,17,1077.0,355.0,1432.0,2025-10-31 17:00:00+11:00,1
9,2025-10-31,10,125.0,333.0,458.0,2025-10-31 10:00:00+11:00,1
9,2025-10-31,1,1.0,6.0,7.0,2025-10-31 01:00:00+11:00,1
9,2025-10-31,8,87.0,1551.0,1638.0,2025-10-31 08:00:00+11:00,1
51,2025-10-31,3,8.0,6.0,14.0,2025-10-31 03:00:00+11:00,1
5,2025-10-31,12,421.0,436.0,857.0,2025-10-31 12:00:00+11:00,1
3,2025-10-31,2,85.0,38.0,123.0,2025-10-31 02:00:00+11:00,1
53,2025-10-31,22,169.0,271.0,440.0,2025-10-31 22:00:00+11:00,1
51,2025-10-31,9,84.0,89.0,173.0,2025-10-31 09:00:00+11:00,1
53,2025-10-31,8,305.0,233.0,538.0,2025-10-31 08:00:00+11:00,1
3,2025-10-31,16,1022.0,1157.0,2179.0,2025-10-31 16:00:00+11:00,1
9,2025-10-31,23,2425.0,96.0,2521.0,2025-10-31 23:00:00+11:00,1
53,2025-10-31,18,549.0,360.0,909.0,2025-10-31 18:00:00+11:00,1
5,2025-10-31,15,789.0,853.0,1642.0,2025-10-31 15:00:00+11:00,1
53,2025-10-31,3,6.0,9.0,15.0,2025-10-31 03:00:00+11:00,1
51,2025-10-31,4,3.0,3.0,6.0,2025-10-31 04:00:00+11:00,1
3,2025-10-31,7,67.0,125.0,192.0,2025-10-31 07:00:00+11:00,1
5,2025-10-31,19,839.0,1233.0,2072.0,2025-10-31 19:00:00+11:00,1
51,2025-10-31,11,107.0,114.0,221.0,2025-10-31 11:00:00+11:00,1
53,2025-10-31,1,20.0,28.0,48.0,2025-10-31 01:00:00+11:00,1
9,2025-10-31,22,254.0,60.0,314.0,2025-10-31 22:00:00+11:00,1
3,2025-10-31,0,161.0,131.0,292.0,2025-10-31 00:00:00+11:00,1
53,2025-10-31,0,28.0,31.0,59.0,2025-10-31 00:00:00+11:00,1
3,2025-10-31,19,1070.0,1146.0,2216.0,2025-10-31 19:00:00+11:00,1
5,2025-10-31,14,649.0,719.0,1368.0,2025-10-31 14:00:00+11:00,1
51,2025-10-31,12,113.0,140.0,253.0,2025-10-31 12:00:00+11:00,1
3,2025-10-31,13,784.0,927.0,1711.0,2025-10-31 13:00:00+11:00,1
53,2025-10-31,20,203.0,236.0,439.0,2025-10-31 20:00:00+11:00,1
53,2025-10-31,19,387.0,270.0,657.0,2025-10-31 19:00:00+11:00,1
5,2025-10-31,7,187.0,315.0,502.0,2025-10-31 07:00:00+11:00,1
3,2025-10-31,10,434.0,486.0,920.0,2025-10-31 10:00:00+11:00,1
51,2025-10-31,21,60.0,58.0,118.0,2025-10-31 21:00:00+11:00,1
3,2025-10-31,18,1056.0,1285.0,2341.0,2025-10-31 18:00:00+11:00,1
51,2025-10-31,19,86.0,71.0,157.0,2025-10-31 19:00:00+11:00,1
51,2025-10-31,15,96.0,104.0,200.0,2025-10-31 15:00:00+11:00,1
3,2025-10-31,17,1104.0,1463.0,2567.0,2025-10-31 17:00:00+11:00,1
5,2025-10-31,22,700.0,1173.0,1873.0,2025-10-31 22:00:00+11:00,1
5,2025-10-31,23,594.0,1489.0,2083.0,2025-10-31 23:00:00+11:00,1
5,2025-10-31,1,40.0,42.0,82.0,2025-10-31 01:00:00+11:00,1
53,2025-10-31,23,509.0,226.0,735.0,2025-10-31 23:00:00+11:00,1
5,2025-10-31,5,30.0,63.0,93.0,2025-10-31 05:00:00+11:00,1
9,2025-10-31,9,123.0,955.0,1078.0,2025-10-31 09:00:00+11:00,1
51,2025-10-31,13,107.0,107.0,214.0,2025-10-31 13:00:00+11:00,1
5,2025-10-31,20,769.0,856.0,1625.0,2025-10-31 20:00:00+11:00,1
3,2025-10-31,21,1262.0,1224.0,2486.0,2025-10-31 21:00:00+11:00,1
9,2025-10-31,18,412.0,570.0,982.0,2025-10-31 18:00:00+11:00,1
5,2025-10-31,4,30.0,13.0,43.0,2025-10-31 04:00:00+11:00,1
53,2025-10-31,10,539.0,454.0,993.0,2025-10-31 10:00:00+11:00,1
3,2025-10-31,9,251.0,365.0,616.0,2025-10-31 09:00:00+11:00,1
5,2025-10-31,0,118.0,100.0,218.0,2025-10-31 00:00:00+11:00,1
51,2025-10-31,1,30.0,11.0,41.0,2025-10-31 01:00:00+11:00,1
9,2025-10-31,7,53.0,628.0,681.0,2025-10-31 07:00:00+11:00,1
9,2025-10-31,11,216.0,216.0,432.0,2025-10-31 11:00:00+11:00,1
3,2025-10-31,20,1259.0,1228.0,2487.0,2025-10-31 20:00:00+11:00,1
53,2025-10-31,7,131.0,77.0,208.0,2025-10-31 07:00:00+11:00,1
3,2025-10-31,12,816.0,725.0,1541.0,2025-10-31 12:00:00+11:00,1
5,2025-10-31,21,1514.0,852.0,2366.0,2025-10-31 21:00:00+11:00,1
5,2025-10-31,11,627.0,668.0,1295.0,2025-10-31 11:00:00+11:00,1
9,2025-10-31,5,18.0,41.0,59.0,2025-10-31 05:00:00+11:00,1
53,2025-10-31,9,422.0,297.0,719.0,2025-10-31 09:00:00+11:00,1
53,2025-10-31,16,656.0,590.0,1246.0,2025-10-31 16:00:00+11:00,1
9,2025-10-31,16,1159.0,229.0,1388.0,2025-10-31 16:00:00+11:00,1
51,2025-10-31,18,127.0,135.0,262.0,2025-10-31 18:00:00+11:00,1
3,2025-10-31,15,862.0,1063.0,1925.0,2025-10-31 15:00:00+11:00,1
51,2025-10-31,16,101.0,82.0,183.0,2025-10-31 16:00:00+11:00,1
51,2025-10-31,2,9.0,11.0,20.0,2025-10-31 02:00:00+11:00,1
5,2025-10-31,9,343.0,485.0,828.0,2025-10-31 09:00:00+11:00,1
3,2025-10-30,20,992.0,1004.0,1996.0,2025-10-30 20:00:00+11:00,1
9,2025-10-30,14,668.0,249.0,917.0,2025-10-30 14:00:00+11:00,1
51,2025-10-30,22,32.0,32.0,64.0,2025-10-30 22:00:00+11:00,1
9,2025-10-30,23,48.0,34.0,82.0,2025-10-30 23:00:00+11:00,1
9,2025-10-30,7,59.0,1165.0,1224.0,2025-10-30 07:00:00+11:00,1
51,2025-10-30,14,109.0,107.0,216.0,2025-10-30 14:00:00+11:00,1
53,2025-10-30,17,779.0,561.0,1340.0,2025-10-30 17:00:00+11:00,1
51,2025-10-30,0,14.0,14.0,28.0,2025-10-30 00:00:00+11:00,1
5,2025-10-30,3,31.0,16.0,47.0,2025-10-30 03:00:00+11:00,1
5,2025-10-30,2,8.0,17.0,25.0,2025-10-30 02:00:00+11:00,1
5,2025-10-30,11,504.0,599.0,1103.0,2025-10-30 11:00:00+11:00,1
3,2025-10-30,18,1190.0,1263.0,2453.0,2025-10-30 18:00:00+11:00,1
3,2025-10-30,17,1230.0,1324.0,2554.0,2025-10-30 17:00:00+11:00,1
5,2025-10-30,15,939.0,716.0,1655.0,2025-10-30 15:00:00+11:00,1
3,2025-10-30,16,1038.0,1164.0,2202.0,2025-10-30 16:00:00+11:00,1
51,2025-10-30,23,29.0,29.0,58.0,2025-10-30 23:00:00+11:00,1
3,2025-10-30,8,167.0,311.0,478.0,2025-10-30 08:00:00+11:00,1
53,2025-10-30,10,497.0,402.0,899.0,2025-10-30 10:00:00+11:00,1
9,2025-10-30,12,711.0,705.0,1416.0,2025-10-30 12:00:00+11:00,1
53,2025-10-30,23,49.0,119.0,168.0,2025-10-30 23:00:00+11:00,1
3,2025-10-30,0,103.0,104.0,207.0,2025-10-30 00:00:00+11:00,1
3,2025-10-30,7,76.0,176.0,252.0,2025-10-30 07:00:00+11:00,1
9,2025-10-30,2,3.0,4.0,7.0,2025-10-30 02:00:00+11:00,1
9,2025-10-30,5,21.0,41.0,62.0,2025-10-30 05:00:00+11:00,1
3,2025-10-30,15,957.0,1066.0,2023.0,2025-10-30 15:00:00+11:00,1
9,2025-10-30,8,144.0,3437.0,3581.0,2025-10-30 08:00:00+11:00,1
5,2025-10-30,9,338.0,610.0,948.0,2025-10-30 09:00:00+11:00,1
51,2025-10-30,3,7.0,11.0,18.0,2025-10-30 03:00:00+11:00,1
51,2025-10-30,21,55.0,54.0,109.0,2025-10-30 21:00:00+11:00,1
51,2025-10-30,18,99.0,66.0,165.0,2025-10-30 18:00:00+11:00,1
9,2025-10-30,1,2.0,7.0,9.0,2025-10-30 01:00:00+11:00,1
53,2025-10-30,4,0.0,2.0,2.0,2025-10-30 04:00:00+11:00,1
5,2025-10-30,7,226.0,457.0,683.0,2025-10-30 07:00:00+11:00,1
5,2025-10-30,14,769.0,705.0,1474.0,2025-10-30 14:00:00+11:00,1
3,2025-10-30,21,974.0,731.0,1705.0,2025-10-30 21:00:00+11:00,1
53,2025-10-30,20,211.0,221.0,432.0,2025-10-30 20:00:00+11:00,1
5,2025-10-30,5,49.0,74.0,123.0,2025-10-30 05:00:00+11:00,1
5,2025-10-30,13,769.0,870.0,1639.0,2025-10-30 13:00:00+11:00,1
53,2025-10-30,16,631.0,526.0,1157.0,2025-10-30 16:00:00+11:00,1
9,2025-10-30,0,6.0,9.0,15.0,2025-10-30 00:00:00+11:00,1
3,2025-10-30,5,8.0,30.0,38.0,2025-10-30 05:00:00+11:00,1
53,2025-10-30,15,683.0,500.0,1183.0,2025-10-30 15:00:00+11:00,1
53,2025-10-30,13,943.0,770.0,1713.0,2025-10-30 13:00:00+11:00,1
9,2025-10-30,21,79.0,61.0,140.0,2025-10-30 21:00:00+11:00,1
5,2025-10-30,20,881.0,602.0,1483.0,2025-10-30 20:00:00+11:00,1
53,2025-10-30,21,140.0,292.0,432.0,2025-10-30 21:00:00+11:00,1
3,2025-10-30,13,1076.0,1127.0,2203.0,2025-10-30 13:00:00+11:00,1
5,2025-10-30,10,362.0,589.0,951.0,2025-10-30 10:00:00+11:00,1
5,2025-10-30,4,28.0,12.0,40.0,2025-10-30 04:00:00+11:00,1
3,2025-10-30,12,1017.0,1233.0,2250.0,2025-10-30 12:00:00+11:00,1
51,2025-10-30,2,3.0,14.0,17.0,2025-10-30 02:00:00+11:00,1
51,2025-10-30,9,75.0,77.0,152.0,2025-10-30 09:00:00+11:00,1
5,2025-10-30,22,417.0,437.0,854.0,2025-10-30 22:00:00+11:00,1
9,2025-10-30,16,2217.0,158.0,2375.0,2025-10-30 16:00:00+11:00,1
5,2025-10-30,16,1063.0,837.0,1900.0,2025-10-30 16:00:00+11:00,1
51,2025-10-30,17,99.0,97.0,196.0,2025-10-30 17:00:00+11:00,1
5,2025-10-30,17,1382.0,1289.0,2671.0,2025-10-30 17:00:00+11:00,1
53,2025-10-30,1,13.0,13.0,26.0,2025-10-30 01:00:00+11:00,1
51,2025-10-30,4,3.0,5.0,8.0,2025-10-30 04:00:00+11:00,1
53,2025-10-30,12,961.0,804.0,1765.0,2025-10-30 12:00:00+11:00,1
3,2025-10-30,2,52.0,27.0,79.0,2025-10-30 02:00:00+11:00,1
3,2025-10-30,9,269.0,383.0,652.0,2025-10-30 09:00:00+11:00,1
9,2025-10-30,11,273.0,338.0,611.0,2025-10-30 11:00:00+11:00,1
9,2025-10-30,3,0.0,1.0,1.0,2025-10-30 03:00:00+11:00,1
3,2025-10-30,14,889.0,997.0,1886.0,2025-10-30 14:00:00+11:00,1
51,2025-10-30,13,171.0,114.0,285.0,2025-10-30 13:00:00+11:00,1
3,2025-10-30,23,277.0,280.0,557.0,2025-10-30 23:00:00+11:00,1
9,2025-10-30,15,1060.0,192.0,1252.0,2025-10-30 15:00:00+11:00,1
9,2025-10-30,6,26.0,240.0,266.0,2025-10-30 06:00:00+11:00,1
5,2025-10-30,8,372.0,799.0,1171.0,2025-10-30 08:00:00+11:00,1
9,2025-10-30,10,175.0,522.0,697.0,2025-10-30 10:00:00+11:00,1
5,2025-10-30,21,1640.0,621.0,2261.0,2025-10-30 21:00:00+11:00,1
3,2025-10-30,10,322.0,401.0,723.0,2025-10-30 10:00:00+11:00,1
53,2025-10-30,6,32.0,27.0,59.0,2025-10-30 06:00:00+11:00,1
9,2025-10-30,17,2586.0,192.0,2778.0,2025-10-30 17:00:00+11:00,1
51,2025-10-30,6,39.0,10.0,49.0,2025-10-30 06:00:00+11:00,1
9,2025-10-30,9,217.0,2020.0,2237.0,2025-10-30 09:00:00+11:00,1
51,2025-10-30,7,39.0,23.0,62.0,2025-10-30 07:00:00+11:00,1
9,2025-10-30,13,522.0,534.0,1056.0,2025-10-30 13:00:00+11:00,1
53,2025-10-30,14,740.0,631.0,1371.0,2025-10-30 14:00:00+11:00,1
53,2025-10-30,0,8.0,15.0,23.0,2025-10-30 00:00:00+11:00,1
3,2025-10-30,19,986.0,1054.0,2040.0,2025-10-30 19:00:00+11:00,1
51,2025-10-30,15,93.0,98.0,191.0,2025-10-30 15:00:00+11:00,1
9,2025-10-30,20,176.0,89.0,265.0,2025-10-30 20:00:00+11:00,1
51,2025-10-30,1,14.0,6.0,20.0,2025-10-30 01:00:00+11:00,1
53,2025-10-30,22,88.0,201.0,289.0,2025-10-30 22:00:00+11:00,1
51,2025-10-30,10,106.0,97.0,203.0,2025-10-30 10:00:00+11:00,1
3,2025-10-30,11,515.0,779.0,1294.0,2025-10-30 11:00:00+11:00,1
51,2025-10-30,16,88.0,77.0,165.0,2025-10-30 16:00:00+11:00,1
53,2025-10-30,7,177.0,104.0,281.0,2025-10-30 07:00:00+11:00,1
51,2025-10-30,8,54.0,60.0,114.0,2025-10-30 08:00:00+11:00,1
53,2025-10-30,8,470.0,282.0,752.0,2025-10-30 08:00:00+11:00,1
9,2025-10-30,19,274.0,113.0,387.0,2025-10-30 19:00:00+11:00,1
51,2025-10-30,11,106.0,104.0,210.0,2025-10-30 11:00:00+11:00,1
53,2025-10-30,9,413.0,372.0,785.0,2025-10-30 09:00:00+11:00,1
51,2025-10-30,19,82.0,84.0,166.0,2025-10-30 19:00:00+11:00,1
3,2025-10-30,4,8.0,10.0,18.0,2025-10-30 04:00:00+11:00,1
5,2025-10-30,18,1215.0,1431.0,2646.0,2025-10-30 18:00:00+11:00,1
5,2025-10-30,1,21.0,16.0,37.0,2025-10-30 01:00:00+11:00,1
53,2025-10-30,3,3.0,1.0,4.0,2025-10-30 03:00:00+11:00,1
5,2025-10-30,19,854.0,1198.0,2052.0,2025-10-30 19:00:00+11:00,1
3,2025-10-30,3,20.0,15.0,35.0,2025-10-30 03:00:00+11:00,1
53,2025-10-30,19,365.0,226.0,591.0,2025-10-30 19:00:00+11:00,1
53,2025-10-30,5,9.0,8.0,17.0,2025-10-30 05:00:00+11:00,1
5,2025-10-30,6,97.0,257.0,354.0,2025-10-30 06:00:00+11:00,1
51,2025-10-30,5,11.0,8.0,19.0,2025-10-30 05:00:00+11:00,1
9,2025-10-30,4,4.0,3.0,7.0,2025-10-30 04:00:00+11:00,1
5,2025-10-30,12,736.0,838.0,1574.0,2025-10-30 12:00:00+11:00,1
3,2025-10-30,22,694.0,522.0,1216.0,2025-10-30 22:00:00+11:00,1
53,2025-10-30,18,603.0,352.0,955.0,2025-10-30 18:00:00+11:00,1
51,2025-10-30,20,69.0,53.0,122.0,2025-10-30 20:00:00+11:00,1
5,2025-10-30,0,49.0,62.0,111.0,2025-10-30 00:00:00+11:00,1
9,2025-10-30,22,61.0,41.0,102.0,2025-10-30 22:00:00+11:00,1
51,2025-10-30,12,135.0,143.0,278.0,2025-10-30 12:00:00+11:00,1
3,2025-10-30,6,30.0,78.0,108.0,2025-10-30 06:00:00+11:00,1
9,2025-10-30,18,998.0,146.0,1144.0,2025-10-30 18:00:00+11:00,1
5,2025-10-30,23,231.0,333.0,564.0,2025-10-30 23:00:00+11:00,1
53,2025-10-30,11,644.0,516.0,1160.0,2025-10-30 11:00:00+11:00,1
53,2025-10-30,2,2.0,3.0,5.0,2025-10-30 02:00:00+11:00,1
3,2025-10-30,1,56.0,44.0,100.0,2025-10-30 01:00:00+11:00,1
53,2025-10-29,16,667.0,588.0,1255.0,2025-10-29 16:00:00+11:00,1
3,2025-10-29,22,523.0,350.0,873.0,2025-10-29 22:00:00+11:00,1
9,2025-10-29,22,71.0,41.0,112.0,2025-10-29 22:00:00+11:00,1
9,2025-10-29,17,2541.0,153.0,2694.0,2025-10-29 17:00:00+11:00,1
9,2025-10-29,1,5.0,4.0,9.0,2025-10-29 01:00:00+11:00,1
5,2025-10-29,5,45.0,56.0,101.0,2025-10-29 05:00:00+11:00,1
53,2025-10-29,14,671.0,651.0,1322.0,2025-10-29 14:00:00+11:00,1
3,2025-10-29,8,151.0,353.0,504.0,2025-10-29 08:00:00+11:00,1
9,2025-10-29,16,2379.0,128.0,2507.0,2025-10-29 16:00:00+11:00,1
3,2025-10-29,21,788.0,567.0,1355.0,2025-10-29 21:00:00+11:00,1
3,2025-10-29,6,27.0,85.0,112.0,2025-10-29 06:00:00+11:00,1
5,2025-10-29,20,590.0,545.0,1135.0,2025-10-29 20:00:00+11:00,1
51,2025-10-29,3,5.0,1.0,6.0,2025-10-29 03:00:00+11:00,1
5,2025-10-29,12,688.0,918.0,1606.0,2025-10-29 12:00:00+11:00,1
3,2025-10-29,14,815.0,911.0,1726.0,2025-10-29 14:00:00+11:00,1
53,2025-10-29,0,6.0,14.0,20.0,2025-10-29 00:00:00+11:00,1
3,2025-10-29,23,265.0,188.0,453.0,2025-10-29 23:00:00+11:00,1
9,2025-10-29,3,1.0,3.0,4.0,2025-10-29 03:00:00+11:00,1
53,2025-10-29,15,676.0,553.0,1229.0,2025-10-29 15:00:00+11:00,1
51,2025-10-29,6,71.0,23.0,94.0,2025-10-29 06:00:00+11:00,1
3,2025-10-29,9,249.0,307.0,556.0,2025-10-29 09:00:00+11:00,1
51,2025-10-29,23,38.0,19.0,57.0,2025-10-29 23:00:00+11:00,1
5,2025-10-29,2,18.0,14.0,32.0,2025-10-29 02:00:00+11:00,1
5,2025-10-29,16,1102.0,746.0,1848.0,2025-10-29 16:00:00+11:00,1
9,2025-10-29,19,257.0,76.0,333.0,2025-10-29 19:00:00+11:00,1
3,2025-10-29,18,1049.0,1223.0,2272.0,2025-10-29 18:00:00+11:00,1
3,2025-10-29,10,325.0,440.0,765.0,2025-10-29 10:00:00+11:00,1
9,2025-10-29,11,319.0,335.0,654.0,2025-10-29 11:00:00+11:00,1
51,2025-10-29,5,10.0,17.0,27.0,2025-10-29 05:00:00+11:00,1
51,2025-10-29,18,107.0,83.0,190.0,2025-10-29 18:00:00+11:00,1
51,2025-10-29,17,108.0,98.0,206.0,2025-10-29 17:00:00+11:00,1
3,2025-10-29,20,909.0,870.0,1779.0,2025-10-29 20:00:00+11:00,1
53,2025-10-29,12,898.0,716.0,1614.0,2025-10-29 12:00:00+11:00,1
9,2025-10-29,4,1.0,3.0,4.0,2025-10-29 04:00:00+11:00,1
51,2025-10-29,9,86.0,88.0,174.0,2025-10-29 09:00:00+11:00,1
5,2025-10-29,21,846.0,457.0,1303.0,2025-10-29 21:00:00+11:00,1
53,2025-10-29,13,973.0,784.0,1757.0,2025-10-29 13:00:00+11:00,1
9,2025-10-29,0,10.0,5.0,15.0,2025-10-29 00:00:00+11:00,1
9,2025-10-29,2,4.0,3.0,7.0,2025-10-29 02:00:00+11:00,1
51,2025-10-29,10,92.0,75.0,167.0,2025-10-29 10:00:00+11:00,1
51,2025-10-29,1,11.0,22.0,33.0,2025-10-29 01:00:00+11:00,1
53,2025-10-29,19,215.0,167.0,382.0,2025-10-29 19:00:00+11:00,1
5,2025-10-29,8,388.0,863.0,1251.0,2025-10-29 08:00:00+11:00,1
5,2025-10-29,14,853.0,611.0,1464.0,2025-10-29 14:00:00+11:00,1
51,2025-10-29,0,17.0,7.0,24.0,2025-10-29 00:00:00+11:00,1
3,2025-10-29,7,73.0,150.0,223.0,2025-10-29 07:00:00+11:00,1
9,2025-10-29,8,130.0,3314.0,3444.0,2025-10-29 08:00:00+11:00,1
9,2025-10-29,7,66.0,1246.0,1312.0,2025-10-29 07:00:00+11:00,1
9,2025-10-29,21,76.0,39.0,115.0,2025-10-29 21:00:00+11:00,1
3,2025-10-29,5,14.0,30.0,44.0,2025-10-29 05:00:00+11:00,1
53,2025-10-29,9,394.0,310.0,704.0,2025-10-29 09:00:00+11:00,1
5,2025-10-29,13,789.0,856.0,1645.0,2025-10-29 13:00:00+11:00,1
53,2025-10-29,17,820.0,517.0,1337.0,2025-10-29 17:00:00+11:00,1
3,2025-10-29,0,130.0,78.0,208.0,2025-10-29 00:00:00+11:00,1
5,2025-10-29,3,26.0,13.0,39.0,2025-10-29 03:00:00+11:00,1
9,2025-10-29,15,1083.0,178.0,1261.0,2025-10-29 15:00:00+11:00,1
51,2025-10-29,2,2.0,10.0,12.0,2025-10-29 02:00:00+11:00,1
3,2025-10-29,17,1182.0,1281.0,2463.0,2025-10-29 17:00:00+11:00,1
9,2025-10-29,12,651.0,544.0,1195.0,2025-10-29 12:00:00+11:00,1
5,2025-10-29,7,217.0,496.0,713.0,2025-10-29 07:00:00+11:00,1
5,2025-10-29,1,19.0,29.0,48.0,2025-10-29 01:00:00+11:00,1
51,2025-10-29,16,92.0,89.0,181.0,2025-10-29 16:00:00+11:00,1
51,2025-10-29,15,102.0,82.0,184.0,2025-10-29 15:00:00+11:00,1
3,2025-10-29,19,1000.0,1004.0,2004.0,2025-10-29 19:00:00+11:00,1
3,2025-10-29,3,32.0,39.0,71.0,2025-10-29 03:00:00+11:00,1
5,2025-10-29,18,1013.0,1218.0,2231.0,2025-10-29 18:00:00+11:00,1
53,2025-10-29,5,9.0,14.0,23.0,2025-10-29 05:00:00+11:00,1
9,2025-10-29,9,161.0,1858.0,2019.0,2025-10-29 09:00:00+11:00,1
53,2025-10-29,3,3.0,4.0,7.0,2025-10-29 03:00:00+11:00,1
51,2025-10-29,8,61.0,55.0,116.0,2025-10-29 08:00:00+11:00,1
3,2025-10-29,2,60.0,24.0,84.0,2025-10-29 02:00:00+11:00,1
5,2025-10-29,15,956.0,756.0,1712.0,2025-10-29 15:00:00+11:00,1
5,2025-10-29,11,508.0,725.0,1233.0,2025-10-29 11:00:00+11:00,1
5,2025-10-29,6,96.0,296.0,392.0,2025-10-29 06:00:00+11:00,1
53,2025-10-29,7,147.0,112.0,259.0,2025-10-29 07:00:00+11:00,1
9,2025-10-29,14,478.0,243.0,721.0,2025-10-29 14:00:00+11:00,1
53,2025-10-29,11,645.0,559.0,1204.0,2025-10-29 11:00:00+11:00,1
9,2025-10-29,23,16.0,23.0,39.0,2025-10-29 23:00:00+11:00,1
5,2025-10-29,19,706.0,762.0,1468.0,2025-10-29 19:00:00+11:00,1
53,2025-10-29,2,3.0,3.0,6.0,2025-10-29 02:00:00+11:00,1
53,2025-10-29,1,8.0,15.0,23.0,2025-10-29 01:00:00+11:00,1
51,2025-10-29,20,63.0,59.0,122.0,2025-10-29 20:00:00+11:00,1
5,2025-10-29,4,34.0,13.0,47.0,2025-10-29 04:00:00+11:00,1
3,2025-10-29,4,20.0,15.0,35.0,2025-10-29 04:00:00+11:00,1
5,2025-10-29,22,432.0,347.0,779.0,2025-10-29 22:00:00+11:00,1
9,2025-10-29,10,202.0,553.0,755.0,2025-10-29 10:00:00+11:00,1
3,2025-10-29,15,912.0,916.0,1828.0,2025-10-29 15:00:00+11:00,1
53,2025-10-29,8,467.0,301.0,768.0,2025-10-29 08:00:00+11:00,1
5,2025-10-29,0,21.0,50.0,71.0,2025-10-29 00:00:00+11:00,1
53,2025-10-29,6,31.0,35.0,66.0,2025-10-29 06:00:00+11:00,1
9,2025-10-29,6,24.0,314.0,338.0,2025-10-29 06:00:00+11:00,1
53,2025-10-29,23,49.0,87.0,136.0,2025-10-29 23:00:00+11:00,1
51,2025-10-29,19,96.0,83.0,179.0,2025-10-29 19:00:00+11:00,1
53,2025-10-29,21,122.0,188.0,310.0,2025-10-29 21:00:00+11:00,1
51,2025-10-29,13,118.0,100.0,218.0,2025-10-29 13:00:00+11:00,1
5,2025-10-29,10,333.0,670.0,1003.0,2025-10-29 10:00:00+11:00,1
51,2025-10-29,12,145.0,128.0,273.0,2025-10-29 12:00:00+11:00,1
3,2025-10-29,16,993.0,1152.0,2145.0,2025-10-29 16:00:00+11:00,1
53,2025-10-29,22,73.0,124.0,197.0,2025-10-29 22:00:00+11:00,1
51,2025-10-29,22,66.0,27.0,93.0,2025-10-29 22:00:00+11:00,1
53,2025-10-29,4,1.0,5.0,6.0,2025-10-29 04:00:00+11:00,1
51,2025-10-29,7,44.0,28.0,72.0,2025-10-29 07:00:00+11:00,1
3,2025-10-29,1,77.0,40.0,117.0,2025-10-29 01:00:00+11:00,1
51,2025-10-29,4,5.0,2.0,7.0,2025-10-29 04:00:00+11:00,1
9,2025-10-29,18,860.0,109.0,969.0,2025-10-29 18:00:00+11:00,1
3,2025-10-29,12,948.0,1182.0,2130.0,2025-10-29 12:00:00+11:00,1
3,2025-10-29,13,945.0,1120.0,2065.0,2025-10-29 13:00:00+11:00,1
9,2025-10-29,5,19.0,51.0,70.0,2025-10-29 05:00:00+11:00,1
5,2025-10-29,9,365.0,663.0,1028.0,2025-10-29 09:00:00+11:00,1
9,2025-10-29,13,523.0,511.0,1034.0,2025-10-29 13:00:00+11:00,1
53,2025-10-29,10,502.0,419.0,921.0,2025-10-29 10:00:00+11:00,1
51,2025-10-29,11,85.0,67.0,152.0,2025-10-29 11:00:00+11:00,1
5,2025-10-29,17,1362.0,994.0,2356.0,2025-10-29 17:00:00+11:00,1
9,2025-10-29,20,112.0,90.0,202.0,2025-10-29 20:00:00+11:00,1
53,2025-10-29,20,143.0,150.0,293.0,2025-10-29 20:00:00+11:00,1
51,2025-10-29,14,107.0,110.0,217.0,2025-10-29 14:00:00+11:00,1
51,2025-10-29,21,50.0,55.0,105.0,2025-10-29 21:00:00+11:00,1
5,2025-10-29,23,150.0,212.0,362.0,2025-10-29 23:00:00+11:00,1
53,2025-10-29,18,442.0,276.0,718.0,2025-10-29 18:00:00+11:00,1
3,2025-10-29,11,551.0,770.0,1321.0,2025-10-29 11:00:00+11:00,1
3,2025-10-28,2,35.0,14.0,49.0,2025-10-28 02:00:00+11:00,1
5,2025-10-28,22,178.0,248.0,426.0,2025-10-28 22:00:00+11:00,1
51,2025-10-28,5,7.0,7.0,14.0,2025-10-28 05:00:00+11:00,1
3,2025-10-28,8,179.0,303.0,482.0,2025-10-28 08:00:00+11:00,1
3,2025-10-28,1,58.0,44.0,102.0,2025-10-28 01:00:00+11:00,1
9,2025-10-28,13,510.0,543.0,1053.0,2025-10-28 13:00:00+11:00,1
3,2025-10-28,15,950.0,1077.0,2027.0,2025-10-28 15:00:00+11:00,1
51,2025-10-28,20,58.0,61.0,119.0,2025-10-28 20:00:00+11:00,1
5,2025-10-28,14,721.0,720.0,1441.0,2025-10-28 14:00:00+11:00,1
53,2025-10-28,2,3.0,6.0,9.0,2025-10-28 02:00:00+11:00,1
5,2025-10-28,13,697.0,798.0,1495.0,2025-10-28 13:00:00+11:00,1
9,2025-10-28,18,839.0,104.0,943.0,2025-10-28 18:00:00+11:00,1
3,2025-10-28,6,27.0,72.0,99.0,2025-10-28 06:00:00+11:00,1
51,2025-10-28,17,124.0,86.0,210.0,2025-10-28 17:00:00+11:00,1
53,2025-10-28,15,660.0,549.0,1209.0,2025-10-28 15:00:00+11:00,1
5,2025-10-28,3,14.0,5.0,19.0,2025-10-28 03:00:00+11:00,1
3,2025-10-28,12,1022.0,1164.0,2186.0,2025-10-28 12:00:00+11:00,1
53,2025-10-28,19,198.0,207.0,405.0,2025-10-28 19:00:00+11:00,1
51,2025-10-28,3,3.0,8.0,11.0,2025-10-28 03:00:00+11:00,1
51,2025-10-28,18,71.0,92.0,163.0,2025-10-28 18:00:00+11:00,1
9,2025-10-28,23,23.0,9.0,32.0,2025-10-28 23:00:00+11:00,1
5,2025-10-28,7,197.0,418.0,615.0,2025-10-28 07:00:00+11:00,1
53,2025-10-28,4,3.0,4.0,7.0,2025-10-28 04:00:00+11:00,1
3,2025-10-28,11,494.0,749.0,1243.0,2025-10-28 11:00:00+11:00,1
9,2025-10-28,8,123.0,3281.0,3404.0,2025-10-28 08:00:00+11:00,1
9,2025-10-28,22,61.0,12.0,73.0,2025-10-28 22:00:00+11:00,1
51,2025-10-28,2,3.0,11.0,14.0,2025-10-28 02:00:00+11:00,1
51,2025-10-28,1,2.0,5.0,7.0,2025-10-28 01:00:00+11:00,1
9,2025-10-28,5,20.0,46.0,66.0,2025-10-28 05:00:00+11:00,1
9,2025-10-28,20,109.0,76.0,185.0,2025-10-28 20:00:00+11:00,1
51,2025-10-28,8,57.0,41.0,98.0,2025-10-28 08:00:00+11:00,1
3,2025-10-28,18,1020.0,1107.0,2127.0,2025-10-28 18:00:00+11:00,1
9,2025-10-28,19,250.0,99.0,349.0,2025-10-28 19:00:00+11:00,1
5,2025-10-28,20,612.0,445.0,1057.0,2025-10-28 20:00:00+11:00,1
53,2025-10-28,12,921.0,776.0,1697.0,2025-10-28 12:00:00+11:00,1
51,2025-10-28,14,117.0,144.0,261.0,2025-10-28 14:00:00+11:00,1
3,2025-10-28,7,81.0,128.0,209.0,2025-10-28 07:00:00+11:00,1
9,2025-10-28,16,2299.0,127.0,2426.0,2025-10-28 16:00:00+11:00,1
5,2025-10-28,8,347.0,770.0,1117.0,2025-10-28 08:00:00+11:00,1
5,2025-10-28,1,9.0,20.0,29.0,2025-10-28 01:00:00+11:00,1
5,2025-10-28,19,640.0,648.0,1288.0,2025-10-28 19:00:00+11:00,1
53,2025-10-28,5,4.0,7.0,11.0,2025-10-28 05:00:00+11:00,1
3,2025-10-28,10,460.0,489.0,949.0,2025-10-28 10:00:00+11:00,1
5,2025-10-28,23,116.0,260.0,376.0,2025-10-28 23:00:00+11:00,1
51,2025-10-28,7,32.0,23.0,55.0,2025-10-28 07:00:00+11:00,1
51,2025-10-28,12,124.0,126.0,250.0,2025-10-28 12:00:00+11:00,1
3,2025-10-28,23,210.0,180.0,390.0,2025-10-28 23:00:00+11:00,1
53,2025-10-28,20,122.0,159.0,281.0,2025-10-28 20:00:00+11:00,1
53,2025-10-28,1,4.0,11.0,15.0,2025-10-28 01:00:00+11:00,1
53,2025-10-28,10,484.0,385.0,869.0,2025-10-28 10:00:00+11:00,1
3,2025-10-28,16,963.0,1114.0,2077.0,2025-10-28 16:00:00+11:00,1
3,2025-10-28,22,450.0,313.0,763.0,2025-10-28 22:00:00+11:00,1
3,2025-10-28,9,247.0,318.0,565.0,2025-10-28 09:00:00+11:00,1
51,2025-10-28,16,72.0,94.0,166.0,2025-10-28 16:00:00+11:00,1
5,2025-10-28,5,40.0,65.0,105.0,2025-10-28 05:00:00+11:00,1
5,2025-10-28,18,756.0,1222.0,1978.0,2025-10-28 18:00:00+11:00,1
5,2025-10-28,9,330.0,703.0,1033.0,2025-10-28 09:00:00+11:00,1
5,2025-10-28,4,24.0,8.0,32.0,2025-10-28 04:00:00+11:00,1
9,2025-10-28,9,186.0,1950.0,2136.0,2025-10-28 09:00:00+11:00,1
9,2025-10-28,11,253.0,320.0,573.0,2025-10-28 11:00:00+11:00,1
5,2025-10-28,15,855.0,862.0,1717.0,2025-10-28 15:00:00+11:00,1
9,2025-10-28,0,2.0,5.0,7.0,2025-10-28 00:00:00+11:00,1
9,2025-10-28,15,1070.0,163.0,1233.0,2025-10-28 15:00:00+11:00,1
3,2025-10-28,19,955.0,969.0,1924.0,2025-10-28 19:00:00+11:00,1
9,2025-10-28,14,580.0,251.0,831.0,2025-10-28 14:00:00+11:00,1
53,2025-10-28,21,112.0,142.0,254.0,2025-10-28 21:00:00+11:00,1
5,2025-10-28,0,26.0,38.0,64.0,2025-10-28 00:00:00+11:00,1
3,2025-10-28,5,12.0,30.0,42.0,2025-10-28 05:00:00+11:00,1
51,2025-10-28,6,49.0,14.0,63.0,2025-10-28 06:00:00+11:00,1
9,2025-10-28,12,706.0,583.0,1289.0,2025-10-28 12:00:00+11:00,1
53,2025-10-28,14,755.0,693.0,1448.0,2025-10-28 14:00:00+11:00,1
53,2025-10-28,7,180.0,110.0,290.0,2025-10-28 07:00:00+11:00,1
53,2025-10-28,18,492.0,302.0,794.0,2025-10-28 18:00:00+11:00,1
9,2025-10-28,1,1.0,0.0,1.0,2025-10-28 01:00:00+11:00,1
53,2025-10-28,13,977.0,739.0,1716.0,2025-10-28 13:00:00+11:00,1
3,2025-10-28,13,993.0,1123.0,2116.0,2025-10-28 13:00:00+11:00,1
51,2025-10-28,10,83.0,85.0,168.0,2025-10-28 10:00:00+11:00,1
51,2025-10-28,22,46.0,37.0,83.0,2025-10-28 22:00:00+11:00,1
3,2025-10-28,4,12.0,11.0,23.0,2025-10-28 04:00:00+11:00,1
53,2025-10-28,8,492.0,322.0,814.0,2025-10-28 08:00:00+11:00,1
5,2025-10-28,2,27.0,22.0,49.0,2025-10-28 02:00:00+11:00,1
51,2025-10-28,4,2.0,5.0,7.0,2025-10-28 04:00:00+11:00,1
51,2025-10-28,9,103.0,64.0,167.0,2025-10-28 09:00:00+11:00,1
51,2025-10-28,19,98.0,89.0,187.0,2025-10-28 19:00:00+11:00,1
9,2025-10-28,2,5.0,1.0,6.0,2025-10-28 02:00:00+11:00,1
53,2025-10-28,6,24.0,31.0,55.0,2025-10-28 06:00:00+11:00,1
53,2025-10-28,16,663.0,490.0,1153.0,2025-10-28 16:00:00+11:00,1
53,2025-10-28,11,590.0,494.0,1084.0,2025-10-28 11:00:00+11:00,1
51,2025-10-28,13,135.0,137.0,272.0,2025-10-28 13:00:00+11:00,1
5,2025-10-28,6,81.0,261.0,342.0,2025-10-28 06:00:00+11:00,1
53,2025-10-28,3,4.0,1.0,5.0,2025-10-28 03:00:00+11:00,1
53,2025-10-28,23,21.0,46.0,67.0,2025-10-28 23:00:00+11:00,1
5,2025-10-28,10,360.0,597.0,957.0,2025-10-28 10:00:00+11:00,1
5,2025-10-28,17,1377.0,1189.0,2566.0,2025-10-28 17:00:00+11:00,1
9,2025-10-28,21,61.0,49.0,110.0,2025-10-28 21:00:00+11:00,1
9,2025-10-28,7,62.0,1383.0,1445.0,2025-10-28 07:00:00+11:00,1
9,2025-10-28,4,2.0,2.0,4.0,2025-10-28 04:00:00+11:00,1
3,2025-10-28,3,9.0,11.0,20.0,2025-10-28 03:00:00+11:00,1
3,2025-10-28,21,709.0,517.0,1226.0,2025-10-28 21:00:00+11:00,1
5,2025-10-28,11,536.0,645.0,1181.0,2025-10-28 11:00:00+11:00,1
9,2025-10-28,10,181.0,662.0,843.0,2025-10-28 10:00:00+11:00,1
53,2025-10-28,9,505.0,343.0,848.0,2025-10-28 09:00:00+11:00,1
53,2025-10-28,0,13.0,13.0,26.0,2025-10-28 00:00:00+11:00,1
3,2025-10-28,20,907.0,796.0,1703.0,2025-10-28 20:00:00+11:00,1
51,2025-10-28,21,38.0,30.0,68.0,2025-10-28 21:00:00+11:00,1
3,2025-10-28,14,944.0,1014.0,1958.0,2025-10-28 14:00:00+11:00,1
9,2025-10-28,17,3068.0,177.0,3245.0,2025-10-28 17:00:00+11:00,1
3,2025-10-28,0,75.0,39.0,114.0,2025-10-28 00:00:00+11:00,1
51,2025-10-28,11,77.0,104.0,181.0,2025-10-28 11:00:00+11:00,1
51,2025-10-28,23,29.0,14.0,43.0,2025-10-28 23:00:00+11:00,1
9,2025-10-28,6,27.0,303.0,330.0,2025-10-28 06:00:00+11:00,1
51,2025-10-28,15,103.0,95.0,198.0,2025-10-28 15:00:00+11:00,1
9,2025-10-28,3,2.0,0.0,2.0,2025-10-28 03:00:00+11:00,1
5,2025-10-28,12,682.0,836.0,1518.0,2025-10-28 12:00:00+11:00,1
5,2025-10-28,21,686.0,330.0,1016.0,2025-10-28 21:00:00+11:00,1
53,2025-10-28,17,727.0,563.0,1290.0,2025-10-28 17:00:00+11:00,1
51,2025-10-28,0,15.0,8.0,23.0,2025-10-28 00:00:00+11:00,1
53,2025-10-28,22,54.0,148.0,202.0,2025-10-28 22:00:00+11:00,1
5,2025-10-28,16,844.0,747.0,1591.0,2025-10-28 16:00:00+11:00,1
3,2025-10-28,17,1046.0,1199.0,2245.0,2025-10-28 17:00:00+11:00,1
5,2025-10-27,22,182.0,166.0,348.0,2025-10-27 22:00:00+11:00,1
5,2025-10-27,8,290.0,644.0,934.0,2025-10-27 08:00:00+11:00,1
51,2025-10-27,13,117.0,111.0,228.0,2025-10-27 13:00:00+11:00,1
53,2025-10-27,13,826.0,661.0,1487.0,2025-10-27 13:00:00+11:00,1
5,2025-10-27,9,253.0,457.0,710.0,2025-10-27 09:00:00+11:00,1
5,2025-10-27,2,12.0,8.0,20.0,2025-10-27 02:00:00+11:00,1
53,2025-10-27,6,20.0,20.0,40.0,2025-10-27 06:00:00+11:00,1
53,2025-10-27,5,5.0,10.0,15.0,2025-10-27 05:00:00+11:00,1
9,2025-10-27,20,103.0,55.0,158.0,2025-10-27 20:00:00+11:00,1
3,2025-10-27,1,74.0,44.0,118.0,2025-10-27 01:00:00+11:00,1
53,2025-10-27,3,2.0,13.0,15.0,2025-10-27 03:00:00+11:00,1
5,2025-10-27,15,780.0,619.0,1399.0,2025-10-27 15:00:00+11:00,1
51,2025-10-27,21,49.0,65.0,114.0,2025-10-27 21:00:00+11:00,1
9,2025-10-27,0,4.0,8.0,12.0,2025-10-27 00:00:00+11:00,1
51,2025-10-27,6,6.0,9.0,15.0,2025-10-27 06:00:00+11:00,1
51,2025-10-27,14,74.0,96.0,170.0,2025-10-27 14:00:00+11:00,1
51,2025-10-27,17,107.0,83.0,190.0,2025-10-27 17:00:00+11:00,1
51,2025-10-27,18,110.0,86.0,196.0,2025-10-27 18:00:00+11:00,1
5,2025-10-27,13,615.0,634.0,1249.0,2025-10-27 13:00:00+11:00,1
51,2025-10-27,9,80.0,43.0,123.0,2025-10-27 09:00:00+11:00,1
9,2025-10-27,23,15.0,13.0,28.0,2025-10-27 23:00:00+11:00,1
51,2025-10-27,22,43.0,28.0,71.0,2025-10-27 22:00:00+11:00,1
9,2025-10-27,14,465.0,207.0,672.0,2025-10-27 14:00:00+11:00,1
5,2025-10-27,17,1170.0,972.0,2142.0,2025-10-27 17:00:00+11:00,1
3,2025-10-27,15,811.0,849.0,1660.0,2025-10-27 15:00:00+11:00,1
5,2025-10-27,10,363.0,432.0,795.0,2025-10-27 10:00:00+11:00,1
3,2025-10-27,17,950.0,1184.0,2134.0,2025-10-27 17:00:00+11:00,1
51,2025-10-27,15,69.0,97.0,166.0,2025-10-27 15:00:00+11:00,1
53,2025-10-27,23,23.0,26.0,49.0,2025-10-27 23:00:00+11:00,1
51,2025-10-27,10,81.0,78.0,159.0,2025-10-27 10:00:00+11:00,1
9,2025-10-27,10,131.0,388.0,519.0,2025-10-27 10:00:00+11:00,1
53,2025-10-27,17,565.0,467.0,1032.0,2025-10-27 17:00:00+11:00,1
5,2025-10-27,3,18.0,5.0,23.0,2025-10-27 03:00:00+11:00,1
9,2025-10-27,13,374.0,346.0,720.0,2025-10-27 13:00:00+11:00,1
5,2025-10-27,12,620.0,569.0,1189.0,2025-10-27 12:00:00+11:00,1
53,2025-10-27,14,700.0,551.0,1251.0,2025-10-27 14:00:00+11:00,1
51,2025-10-27,19,74.0,98.0,172.0,2025-10-27 19:00:00+11:00,1
51,2025-10-27,1,7.0,5.0,12.0,2025-10-27 01:00:00+11:00,1
3,2025-10-27,22,307.0,235.0,542.0,2025-10-27 22:00:00+11:00,1
9,2025-10-27,19,205.0,80.0,285.0,2025-10-27 19:00:00+11:00,1
5,2025-10-27,1,10.0,42.0,52.0,2025-10-27 01:00:00+11:00,1
9,2025-10-27,5,14.0,38.0,52.0,2025-10-27 05:00:00+11:00,1
9,2025-10-27,3,1.0,1.0,2.0,2025-10-27 03:00:00+11:00,1
5,2025-10-27,23,49.0,64.0,113.0,2025-10-27 23:00:00+11:00,1
5,2025-10-27,14,543.0,600.0,1143.0,2025-10-27 14:00:00+11:00,1
53,2025-10-27,12,804.0,703.0,1507.0,2025-10-27 12:00:00+11:00,1
3,2025-10-27,9,203.0,256.0,459.0,2025-10-27 09:00:00+11:00,1
51,2025-10-27,0,24.0,18.0,42.0,2025-10-27 00:00:00+11:00,1
53,2025-10-27,16,569.0,486.0,1055.0,2025-10-27 16:00:00+11:00,1
3,2025-10-27,16,931.0,1016.0,1947.0,2025-10-27 16:00:00+11:00,1
53,2025-10-27,2,3.0,24.0,27.0,2025-10-27 02:00:00+11:00,1
51,2025-10-27,20,75.0,53.0,128.0,2025-10-27 20:00:00+11:00,1
3,2025-10-27,7,63.0,104.0,167.0,2025-10-27 07:00:00+11:00,1
5,2025-10-27,18,717.0,793.0,1510.0,2025-10-27 18:00:00+11:00,1
3,2025-10-27,21,568.0,466.0,1034.0,2025-10-27 21:00:00+11:00,1
5,2025-10-27,11,463.0,537.0,1000.0,2025-10-27 11:00:00+11:00,1
3,2025-10-27,14,779.0,884.0,1663.0,2025-10-27 14:00:00+11:00,1
5,2025-10-27,19,716.0,518.0,1234.0,2025-10-27 19:00:00+11:00,1
53,2025-10-27,10,395.0,389.0,784.0,2025-10-27 10:00:00+11:00,1
5,2025-10-27,20,575.0,398.0,973.0,2025-10-27 20:00:00+11:00,1
53,2025-10-27,1,10.0,12.0,22.0,2025-10-27 01:00:00+11:00,1
53,2025-10-27,15,539.0,439.0,978.0,2025-10-27 15:00:00+11:00,1
53,2025-10-27,21,98.0,131.0,229.0,2025-10-27 21:00:00+11:00,1
9,2025-10-27,4,7.0,2.0,9.0,2025-10-27 04:00:00+11:00,1
5,2025-10-27,6,55.0,161.0,216.0,2025-10-27 06:00:00+11:00,1
9,2025-10-27,18,691.0,89.0,780.0,2025-10-27 18:00:00+11:00,1
5,2025-10-27,5,49.0,34.0,83.0,2025-10-27 05:00:00+11:00,1
3,2025-10-27,4,12.0,12.0,24.0,2025-10-27 04:00:00+11:00,1
53,2025-10-27,0,27.0,26.0,53.0,2025-10-27 00:00:00+11:00,1
3,2025-10-27,18,1021.0,1211.0,2232.0,2025-10-27 18:00:00+11:00,1
9,2025-10-27,16,1876.0,97.0,1973.0,2025-10-27 16:00:00+11:00,1
9,2025-10-27,11,207.0,246.0,453.0,2025-10-27 11:00:00+11:00,1
9,2025-10-27,6,12.0,253.0,265.0,2025-10-27 06:00:00+11:00,1
9,2025-10-27,15,763.0,153.0,916.0,2025-10-27 15:00:00+11:00,1
53,2025-10-27,22,73.0,86.0,159.0,2025-10-27 22:00:00+11:00,1
3,2025-10-27,23,155.0,124.0,279.0,2025-10-27 23:00:00+11:00,1
3,2025-10-27,12,786.0,945.0,1731.0,2025-10-27 12:00:00+11:00,1
3,2025-10-27,8,150.0,232.0,382.0,2025-10-27 08:00:00+11:00,1
9,2025-10-27,2,3.0,4.0,7.0,2025-10-27 02:00:00+11:00,1
53,2025-10-27,9,372.0,260.0,632.0,2025-10-27 09:00:00+11:00,1
5,2025-10-27,21,356.0,273.0,629.0,2025-10-27 21:00:00+11:00,1
5,2025-10-27,7,201.0,357.0,558.0,2025-10-27 07:00:00+11:00,1
53,2025-10-27,19,186.0,188.0,374.0,2025-10-27 19:00:00+11:00,1
9,2025-10-27,12,507.0,454.0,961.0,2025-10-27 12:00:00+11:00,1
53,2025-10-27,11,587.0,427.0,1014.0,2025-10-27 11:00:00+11:00,1
3,2025-10-27,3,16.0,8.0,24.0,2025-10-27 03:00:00+11:00,1
3,2025-10-27,2,64.0,16.0,80.0,2025-10-27 02:00:00+11:00,1
53,2025-10-27,4,3.0,8.0,11.0,2025-10-27 04:00:00+11:00,1
51,2025-10-27,7,27.0,21.0,48.0,2025-10-27 07:00:00+11:00,1
3,2025-10-27,20,754.0,624.0,1378.0,2025-10-27 20:00:00+11:00,1
53,2025-10-27,20,119.0,169.0,288.0,2025-10-27 20:00:00+11:00,1
3,2025-10-27,10,321.0,383.0,704.0,2025-10-27 10:00:00+11:00,1
53,2025-10-27,18,316.0,237.0,553.0,2025-10-27 18:00:00+11:00,1
53,2025-10-27,8,370.0,241.0,611.0,2025-10-27 08:00:00+11:00,1
51,2025-10-27,4,6.0,4.0,10.0,2025-10-27 04:00:00+11:00,1
51,2025-10-27,3,2.0,7.0,9.0,2025-10-27 03:00:00+11:00,1
3,2025-10-27,11,508.0,613.0,1121.0,2025-10-27 11:00:00+11:00,1
3,2025-10-27,6,24.0,50.0,74.0,2025-10-27 06:00:00+11:00,1
5,2025-10-27,16,906.0,652.0,1558.0,2025-10-27 16:00:00+11:00,1
5,2025-10-27,4,33.0,7.0,40.0,2025-10-27 04:00:00+11:00,1
3,2025-10-27,19,796.0,902.0,1698.0,2025-10-27 19:00:00+11:00,1
51,2025-10-27,5,6.0,12.0,18.0,2025-10-27 05:00:00+11:00,1
9,2025-10-27,21,45.0,29.0,74.0,2025-10-27 21:00:00+11:00,1
3,2025-10-27,13,887.0,946.0,1833.0,2025-10-27 13:00:00+11:00,1
51,2025-10-27,23,25.0,26.0,51.0,2025-10-27 23:00:00+11:00,1
9,2025-10-27,7,53.0,986.0,1039.0,2025-10-27 07:00:00+11:00,1
3,2025-10-27,5,11.0,19.0,30.0,2025-10-27 05:00:00+11:00,1
51,2025-10-27,12,109.0,112.0,221.0,2025-10-27 12:00:00+11:00,1
5,2025-10-27,0,37.0,50.0,87.0,2025-10-27 00:00:00+11:00,1
51,2025-10-27,8,42.0,32.0,74.0,2025-10-27 08:00:00+11:00,1
3,2025-10-27,0,85.0,71.0,156.0,2025-10-27 00:00:00+11:00,1
9,2025-10-27,22,45.0,30.0,75.0,2025-10-27 22:00:00+11:00,1
9,2025-10-27,17,2253.0,140.0,2393.0,2025-10-27 17:00:00+11:00,1
9,2025-10-27,9,111.0,1284.0,1395.0,2025-10-27 09:00:00+11:00,1
53,2025-10-27,7,118.0,83.0,201.0,2025-10-27 07:00:00+11:00,1
9,2025-10-27,1,3.0,9.0,12.0,2025-10-27 01:00:00+11:00,1
51,2025-10-27,16,87.0,94.0,181.0,2025-10-27 16:00:00+11:00,1
51,2025-10-27,11,75.0,77.0,152.0,2025-10-27 11:00:00+11:00,1
51,2025-10-27,2,3.0,5.0,8.0,2025-10-27 02:00:00+11:00,1
9,2025-10-27,8,85.0,2433.0,2518.0,2025-10-27 08:00:00+11:00,1
53,2025-10-26,7,31.0,16.0,47.0,2025-10-26 07:00:00+11:00,1
9,2025-10-26,14,45.0,55.0,100.0,2025-10-26 14:00:00+11:00,1
9,2025-10-26,21,21.0,23.0,44.0,2025-10-26 21:00:00+11:00,1
5,2025-10-26,1,73.0,63.0,136.0,2025-10-26 01:00:00+11:00,1
9,2025-10-26,5,5.0,5.0,10.0,2025-10-26 05:00:00+11:00,1
53,2025-10-26,12,249.0,219.0,468.0,2025-10-26 12:00:00+11:00,1
3,2025-10-26,18,856.0,979.0,1835.0,2025-10-26 18:00:00+11:00,1
53,2025-10-26,14,556.0,416.0,972.0,2025-10-26 14:00:00+11:00,1
3,2025-10-26,12,292.0,201.0,493.0,2025-10-26 12:00:00+11:00,1
5,2025-10-26,17,687.0,585.0,1272.0,2025-10-26 17:00:00+11:00,1
3,2025-10-26,16,592.0,579.0,1171.0,2025-10-26 16:00:00+11:00,1
53,2025-10-26,4,4.0,2.0,6.0,2025-10-26 04:00:00+11:00,1
9,2025-10-26,4,5.0,3.0,8.0,2025-10-26 04:00:00+11:00,1
5,2025-10-26,7,69.0,59.0,128.0,2025-10-26 07:00:00+11:00,1
9,2025-10-26,10,66.0,38.0,104.0,2025-10-26 10:00:00+11:00,1
5,2025-10-26,14,574.0,616.0,1190.0,2025-10-26 14:00:00+11:00,1
9,2025-10-26,9,50.0,34.0,84.0,2025-10-26 09:00:00+11:00,1
53,2025-10-26,22,31.0,69.0,100.0,2025-10-26 22:00:00+11:00,1
51,2025-10-26,4,4.0,7.0,11.0,2025-10-26 04:00:00+11:00,1
5,2025-10-26,9,295.0,276.0,571.0,2025-10-26 09:00:00+11:00,1
3,2025-10-26,19,736.0,848.0,1584.0,2025-10-26 19:00:00+11:00,1
51,2025-10-26,20,54.0,62.0,116.0,2025-10-26 20:00:00+11:00,1
5,2025-10-26,4,20.0,19.0,39.0,2025-10-26 04:00:00+11:00,1
9,2025-10-26,8,29.0,19.0,48.0,2025-10-26 08:00:00+11:00,1
53,2025-10-26,9,243.0,129.0,372.0,2025-10-26 09:00:00+11:00,1
53,2025-10-26,17,339.0,228.0,567.0,2025-10-26 17:00:00+11:00,1
5,2025-10-26,6,41.0,43.0,84.0,2025-10-26 06:00:00+11:00,1
9,2025-10-26,0,25.0,25.0,50.0,2025-10-26 00:00:00+11:00,1
3,2025-10-26,21,417.0,277.0,694.0,2025-10-26 21:00:00+11:00,1
3,2025-10-26,23,228.0,203.0,431.0,2025-10-26 23:00:00+11:00,1
5,2025-10-26,11,111.0,120.0,231.0,2025-10-26 11:00:00+11:00,1
53,2025-10-26,1,26.0,33.0,59.0,2025-10-26 01:00:00+11:00,1
51,2025-10-26,19,78.0,86.0,164.0,2025-10-26 19:00:00+11:00,1
9,2025-10-26,2,4.0,7.0,11.0,2025-10-26 02:00:00+11:00,1
5,2025-10-26,22,159.0,184.0,343.0,2025-10-26 22:00:00+11:00,1
9,2025-10-26,1,6.0,18.0,24.0,2025-10-26 01:00:00+11:00,1
3,2025-10-26,6,44.0,23.0,67.0,2025-10-26 06:00:00+11:00,1
51,2025-10-26,23,20.0,17.0,37.0,2025-10-26 23:00:00+11:00,1
5,2025-10-26,3,29.0,35.0,64.0,2025-10-26 03:00:00+11:00,1
51,2025-10-26,14,133.0,129.0,262.0,2025-10-26 14:00:00+11:00,1
51,2025-10-26,8,32.0,50.0,82.0,2025-10-26 08:00:00+11:00,1
9,2025-10-26,6,13.0,9.0,22.0,2025-10-26 06:00:00+11:00,1
53,2025-10-26,0,48.0,74.0,122.0,2025-10-26 00:00:00+11:00,1
53,2025-10-26,13,301.0,231.0,532.0,2025-10-26 13:00:00+11:00,1
9,2025-10-26,13,23.0,38.0,61.0,2025-10-26 13:00:00+11:00,1
9,2025-10-26,22,21.0,30.0,51.0,2025-10-26 22:00:00+11:00,1
51,2025-10-26,7,14.0,23.0,37.0,2025-10-26 07:00:00+11:00,1
53,2025-10-26,16,375.0,276.0,651.0,2025-10-26 16:00:00+11:00,1
9,2025-10-26,11,13.0,25.0,38.0,2025-10-26 11:00:00+11:00,1
9,2025-10-26,18,70.0,53.0,123.0,2025-10-26 18:00:00+11:00,1
53,2025-10-26,11,209.0,184.0,393.0,2025-10-26 11:00:00+11:00,1
5,2025-10-26,19,404.0,881.0,1285.0,2025-10-26 19:00:00+11:00,1
3,2025-10-26,8,105.0,98.0,203.0,2025-10-26 08:00:00+11:00,1
3,2025-10-26,15,914.0,1059.0,1973.0,2025-10-26 15:00:00+11:00,1
53,2025-10-26,18,192.0,142.0,334.0,2025-10-26 18:00:00+11:00,1
5,2025-10-26,0,189.0,208.0,397.0,2025-10-26 00:00:00+11:00,1
51,2025-10-26,18,94.0,77.0,171.0,2025-10-26 18:00:00+11:00,1
3,2025-10-26,3,73.0,42.0,115.0,2025-10-26 03:00:00+11:00,1
3,2025-10-26,22,341.0,269.0,610.0,2025-10-26 22:00:00+11:00,1
53,2025-10-26,3,10.0,26.0,36.0,2025-10-26 03:00:00+11:00,1
9,2025-10-26,7,24.0,17.0,41.0,2025-10-26 07:00:00+11:00,1
3,2025-10-26,0,309.0,305.0,614.0,2025-10-26 00:00:00+11:00,1
9,2025-10-26,20,44.0,45.0,89.0,2025-10-26 20:00:00+11:00,1
5,2025-10-26,13,183.0,484.0,667.0,2025-10-26 13:00:00+11:00,1
53,2025-10-26,10,405.0,276.0,681.0,2025-10-26 10:00:00+11:00,1
5,2025-10-26,5,30.0,18.0,48.0,2025-10-26 05:00:00+11:00,1
53,2025-10-26,2,16.0,14.0,30.0,2025-10-26 02:00:00+11:00,1
9,2025-10-26,16,33.0,30.0,63.0,2025-10-26 16:00:00+11:00,1
53,2025-10-26,20,105.0,166.0,271.0,2025-10-26 20:00:00+11:00,1
3,2025-10-26,10,362.0,275.0,637.0,2025-10-26 10:00:00+11:00,1
53,2025-10-26,5,9.0,7.0,16.0,2025-10-26 05:00:00+11:00,1
53,2025-10-26,15,582.0,409.0,991.0,2025-10-26 15:00:00+11:00,1
53,2025-10-26,19,154.0,167.0,321.0,2025-10-26 19:00:00+11:00,1
51,2025-10-26,10,74.0,108.0,182.0,2025-10-26 10:00:00+11:00,1
51,2025-10-26,16,78.0,64.0,142.0,2025-10-26 16:00:00+11:00,1
5,2025-10-26,10,345.0,341.0,686.0,2025-10-26 10:00:00+11:00,1
3,2025-10-26,4,64.0,33.0,97.0,2025-10-26 04:00:00+11:00,1
3,2025-10-26,11,247.0,157.0,404.0,2025-10-26 11:00:00+11:00,1
51,2025-10-26,9,44.0,83.0,127.0,2025-10-26 09:00:00+11:00,1
53,2025-10-26,21,37.0,62.0,99.0,2025-10-26 21:00:00+11:00,1
51,2025-10-26,1,16.0,11.0,27.0,2025-10-26 01:00:00+11:00,1
3,2025-10-26,5,25.0,26.0,51.0,2025-10-26 05:00:00+11:00,1
5,2025-10-26,2,29.0,43.0,72.0,2025-10-26 02:00:00+11:00,1
5,2025-10-26,15,1517.0,598.0,2115.0,2025-10-26 15:00:00+11:00,1
3,2025-10-26,20,680.0,752.0,1432.0,2025-10-26 20:00:00+11:00,1
51,2025-10-26,22,38.0,36.0,74.0,2025-10-26 22:00:00+11:00,1
51,2025-10-26,0,16.0,20.0,36.0,2025-10-26 00:00:00+11:00,1
51,2025-10-26,5,11.0,3.0,14.0,2025-10-26 05:00:00+11:00,1
5,2025-10-26,20,422.0,354.0,776.0,2025-10-26 20:00:00+11:00,1
3,2025-10-26,7,47.0,41.0,88.0,2025-10-26 07:00:00+11:00,1
5,2025-10-26,16,509.0,411.0,920.0,2025-10-26 16:00:00+11:00,1
3,2025-10-26,2,85.0,64.0,149.0,2025-10-26 02:00:00+11:00,1
9,2025-10-26,23,3.0,17.0,20.0,2025-10-26 23:00:00+11:00,1
51,2025-10-26,12,80.0,76.0,156.0,2025-10-26 12:00:00+11:00,1
3,2025-10-26,1,149.0,90.0,239.0,2025-10-26 01:00:00+11:00,1
51,2025-10-26,3,6.0,5.0,11.0,2025-10-26 03:00:00+11:00,1
9,2025-10-26,15,40.0,47.0,87.0,2025-10-26 15:00:00+11:00,1
53,2025-10-26,6,14.0,8.0,22.0,2025-10-26 06:00:00+11:00,1
5,2025-10-26,23,131.0,280.0,411.0,2025-10-26 23:00:00+11:00,1
51,2025-10-26,21,25.0,43.0,68.0,2025-10-26 21:00:00+11:00,1
51,2025-10-26,2,29.0,19.0,48.0,2025-10-26 02:00:00+11:00,1
51,2025-10-26,11,86.0,97.0,183.0,2025-10-26 11:00:00+11:00,1
5,2025-10-26,12,107.0,166.0,273.0,2025-10-26 12:00:00+11:00,1
3,2025-10-26,13,436.0,334.0,770.0,2025-10-26 13:00:00+11:00,1
53,2025-10-26,23,40.0,52.0,92.0,2025-10-26 23:00:00+11:00,1
9,2025-10-26,12,8.0,17.0,25.0,2025-10-26 12:00:00+11:00,1
9,2025-10-26,19,40.0,43.0,83.0,2025-10-26 19:00:00+11:00,1
53,2025-10-26,8,84.0,79.0,163.0,2025-10-26 08:00:00+11:00,1
9,2025-10-26,3,5.0,11.0,16.0,2025-10-26 03:00:00+11:00,1
51,2025-10-26,13,74.0,82.0,156.0,2025-10-26 13:00:00+11:00,1
51,2025-10-26,17,88.0,79.0,167.0,2025-10-26 17:00:00+11:00,1
5,2025-10-26,21,624.0,209.0,833.0,2025-10-26 21:00:00+11:00,1
9,2025-10-26,17,39.0,43.0,82.0,2025-10-26 17:00:00+11:00,1
5,2025-10-26,8,135.0,129.0,264.0,2025-10-26 08:00:00+11:00,1
3,2025-10-26,17,827.0,1118.0,1945.0,2025-10-26 17:00:00+11:00,1
51,2025-10-26,15,125.0,137.0,262.0,2025-10-26 15:00:00+11:00,1
3,2025-10-26,9,224.0,225.0,449.0,2025-10-26 09:00:00+11:00,1
3,2025-10-26,14,732.0,870.0,1602.0,2025-10-26 14:00:00+11:00,1
51,2025-10-26,6,6.0,15.0,21.0,2025-10-26 06:00:00+11:00,1
5,2025-10-26,18,520.0,748.0,1268.0,2025-10-26 18:00:00+11:00,1
9,2025-10-25,7,29.0,53.0,82.0,2025-10-25 07:00:00+11:00,1
9,2025-10-25,14,111.0,104.0,215.0,2025-10-25 14:00:00+11:00,1
9,2025-10-25,16,112.0,223.0,335.0,2025-10-25 16:00:00+11:00,1
9,2025-10-25,8,26.0,32.0,58.0,2025-10-25 08:00:00+11:00,1
3,2025-10-25,12,901.0,953.0,1854.0,2025-10-25 12:00:00+11:00,1
3,2025-10-25,4,36.0,18.0,54.0,2025-10-25 04:00:00+11:00,1
51,2025-10-25,1,14.0,16.0,30.0,2025-10-25 01:00:00+11:00,1
3,2025-10-25,22,737.0,624.0,1361.0,2025-10-25 22:00:00+11:00,1
51,2025-10-25,5,12.0,7.0,19.0,2025-10-25 05:00:00+11:00,1
51,2025-10-25,10,108.0,113.0,221.0,2025-10-25 10:00:00+11:00,1
3,2025-10-25,6,14.0,27.0,41.0,2025-10-25 06:00:00+11:00,1
3,2025-10-25,21,973.0,933.0,1906.0,2025-10-25 21:00:00+11:00,1
3,2025-10-25,0,419.0,359.0,778.0,2025-10-25 00:00:00+11:00,1
51,2025-10-25,9,64.0,118.0,182.0,2025-10-25 09:00:00+11:00,1
51,2025-10-25,16,121.0,117.0,238.0,2025-10-25 16:00:00+11:00,1
53,2025-10-25,13,813.0,640.0,1453.0,2025-10-25 13:00:00+11:00,1
9,2025-10-25,12,63.0,93.0,156.0,2025-10-25 12:00:00+11:00,1
51,2025-10-25,13,179.0,135.0,314.0,2025-10-25 13:00:00+11:00,1
9,2025-10-25,20,33.0,54.0,87.0,2025-10-25 20:00:00+11:00,1
53,2025-10-25,17,533.0,455.0,988.0,2025-10-25 17:00:00+11:00,1
5,2025-10-25,3,25.0,49.0,74.0,2025-10-25 03:00:00+11:00,1
53,2025-10-25,14,840.0,677.0,1517.0,2025-10-25 14:00:00+11:00,1
51,2025-10-25,4,6.0,6.0,12.0,2025-10-25 04:00:00+11:00,1
53,2025-10-25,5,11.0,7.0,18.0,2025-10-25 05:00:00+11:00,1
5,2025-10-25,21,1881.0,815.0,2696.0,2025-10-25 21:00:00+11:00,1
5,2025-10-25,0,326.0,204.0,530.0,2025-10-25 00:00:00+11:00,1
3,2025-10-25,1,271.0,205.0,476.0,2025-10-25 01:00:00+11:00,1
53,2025-10-25,6,17.0,11.0,28.0,2025-10-25 06:00:00+11:00,1
5,2025-10-25,19,614.0,1497.0,2111.0,2025-10-25 19:00:00+11:00,1
3,2025-10-25,2,126.0,109.0,235.0,2025-10-25 02:00:00+11:00,1
3,2025-10-25,15,1259.0,1293.0,2552.0,2025-10-25 15:00:00+11:00,1
51,2025-10-25,14,148.0,173.0,321.0,2025-10-25 14:00:00+11:00,1
51,2025-10-25,19,116.0,121.0,237.0,2025-10-25 19:00:00+11:00,1
9,2025-10-25,1,9.0,4.0,13.0,2025-10-25 01:00:00+11:00,1
3,2025-10-25,19,1145.0,1467.0,2612.0,2025-10-25 19:00:00+11:00,1
51,2025-10-25,20,72.0,86.0,158.0,2025-10-25 20:00:00+11:00,1
3,2025-10-25,10,356.0,438.0,794.0,2025-10-25 10:00:00+11:00,1
51,2025-10-25,17,97.0,110.0,207.0,2025-10-25 17:00:00+11:00,1
9,2025-10-25,0,10.0,13.0,23.0,2025-10-25 00:00:00+11:00,1
53,2025-10-25,3,12.0,11.0,23.0,2025-10-25 03:00:00+11:00,1
51,2025-10-25,23,37.0,30.0,67.0,2025-10-25 23:00:00+11:00,1
9,2025-10-25,23,853.0,107.0,960.0,2025-10-25 23:00:00+11:00,1
53,2025-10-25,23,132.0,94.0,226.0,2025-10-25 23:00:00+11:00,1
53,2025-10-25,8,120.0,86.0,206.0,2025-10-25 08:00:00+11:00,1
53,2025-10-25,22,95.0,186.0,281.0,2025-10-25 22:00:00+11:00,1
5,2025-10-25,18,625.0,1097.0,1722.0,2025-10-25 18:00:00+11:00,1
9,2025-10-25,2,8.0,23.0,31.0,2025-10-25 02:00:00+11:00,1
3,2025-10-25,20,1089.0,1110.0,2199.0,2025-10-25 20:00:00+11:00,1
3,2025-10-25,7,33.0,53.0,86.0,2025-10-25 07:00:00+11:00,1
51,2025-10-25,3,11.0,7.0,18.0,2025-10-25 03:00:00+11:00,1
9,2025-10-25,6,13.0,20.0,33.0,2025-10-25 06:00:00+11:00,1
53,2025-10-25,18,355.0,250.0,605.0,2025-10-25 18:00:00+11:00,1
53,2025-10-25,9,284.0,274.0,558.0,2025-10-25 09:00:00+11:00,1
5,2025-10-25,11,704.0,992.0,1696.0,2025-10-25 11:00:00+11:00,1
5,2025-10-25,6,40.0,83.0,123.0,2025-10-25 06:00:00+11:00,1
3,2025-10-25,14,1223.0,1253.0,2476.0,2025-10-25 14:00:00+11:00,1
5,2025-10-25,1,156.0,125.0,281.0,2025-10-25 01:00:00+11:00,1
5,2025-10-25,17,847.0,873.0,1720.0,2025-10-25 17:00:00+11:00,1
9,2025-10-25,11,65.0,79.0,144.0,2025-10-25 11:00:00+11:00,1
9,2025-10-25,4,3.0,4.0,7.0,2025-10-25 04:00:00+11:00,1
9,2025-10-25,13,91.0,118.0,209.0,2025-10-25 13:00:00+11:00,1
3,2025-10-25,9,243.0,232.0,475.0,2025-10-25 09:00:00+11:00,1
5,2025-10-25,15,984.0,947.0,1931.0,2025-10-25 15:00:00+11:00,1
53,2025-10-25,19,253.0,264.0,517.0,2025-10-25 19:00:00+11:00,1
51,2025-10-25,6,11.0,7.0,18.0,2025-10-25 06:00:00+11:00,1
9,2025-10-25,10,55.0,78.0,133.0,2025-10-25 10:00:00+11:00,1
53,2025-10-25,4,8.0,4.0,12.0,2025-10-25 04:00:00+11:00,1
3,2025-10-25,18,956.0,1132.0,2088.0,2025-10-25 18:00:00+11:00,1
5,2025-10-25,2,44.0,60.0,104.0,2025-10-25 02:00:00+11:00,1
5,2025-10-25,16,1824.0,813.0,2637.0,2025-10-25 16:00:00+11:00,1
5,2025-10-25,14,942.0,1036.0,1978.0,2025-10-25 14:00:00+11:00,1
53,2025-10-25,11,762.0,522.0,1284.0,2025-10-25 11:00:00+11:00,1
5,2025-10-25,23,452.0,425.0,877.0,2025-10-25 23:00:00+11:00,1
9,2025-10-25,17,95.0,174.0,269.0,2025-10-25 17:00:00+11:00,1
5,2025-10-25,9,361.0,295.0,656.0,2025-10-25 09:00:00+11:00,1
3,2025-10-25,5,25.0,14.0,39.0,2025-10-25 05:00:00+11:00,1
3,2025-10-25,23,607.0,634.0,1241.0,2025-10-25 23:00:00+11:00,1
51,2025-10-25,12,153.0,162.0,315.0,2025-10-25 12:00:00+11:00,1
51,2025-10-25,15,158.0,156.0,314.0,2025-10-25 15:00:00+11:00,1
53,2025-10-25,12,773.0,592.0,1365.0,2025-10-25 12:00:00+11:00,1
53,2025-10-25,21,157.0,224.0,381.0,2025-10-25 21:00:00+11:00,1
53,2025-10-25,7,27.0,27.0,54.0,2025-10-25 07:00:00+11:00,1
53,2025-10-25,15,849.0,719.0,1568.0,2025-10-25 15:00:00+11:00,1
53,2025-10-25,2,19.0,3.0,22.0,2025-10-25 02:00:00+11:00,1
53,2025-10-25,1,16.0,36.0,52.0,2025-10-25 01:00:00+11:00,1
5,2025-10-25,5,30.0,23.0,53.0,2025-10-25 05:00:00+11:00,1
5,2025-10-25,12,834.0,1183.0,2017.0,2025-10-25 12:00:00+11:00,1
5,2025-10-25,4,24.0,25.0,49.0,2025-10-25 04:00:00+11:00,1
51,2025-10-25,18,115.0,87.0,202.0,2025-10-25 18:00:00+11:00,1
53,2025-10-25,0,62.0,71.0,133.0,2025-10-25 00:00:00+11:00,1
5,2025-10-25,13,863.0,1766.0,2629.0,2025-10-25 13:00:00+11:00,1
9,2025-10-25,15,107.0,173.0,280.0,2025-10-25 15:00:00+11:00,1
9,2025-10-25,21,38.0,21.0,59.0,2025-10-25 21:00:00+11:00,1
3,2025-10-25,3,91.0,60.0,151.0,2025-10-25 03:00:00+11:00,1
9,2025-10-25,9,77.0,87.0,164.0,2025-10-25 09:00:00+11:00,1
51,2025-10-25,11,150.0,148.0,298.0,2025-10-25 11:00:00+11:00,1
5,2025-10-25,20,780.0,834.0,1614.0,2025-10-25 20:00:00+11:00,1
3,2025-10-25,13,1078.0,1320.0,2398.0,2025-10-25 13:00:00+11:00,1
5,2025-10-25,8,185.0,244.0,429.0,2025-10-25 08:00:00+11:00,1
3,2025-10-25,17,1121.0,1228.0,2349.0,2025-10-25 17:00:00+11:00,1
9,2025-10-25,3,4.0,10.0,14.0,2025-10-25 03:00:00+11:00,1
53,2025-10-25,10,548.0,407.0,955.0,2025-10-25 10:00:00+11:00,1
3,2025-10-25,11,520.0,720.0,1240.0,2025-10-25 11:00:00+11:00,1
51,2025-10-25,2,15.0,14.0,29.0,2025-10-25 02:00:00+11:00,1
53,2025-10-25,16,675.0,598.0,1273.0,2025-10-25 16:00:00+11:00,1
9,2025-10-25,18,46.0,80.0,126.0,2025-10-25 18:00:00+11:00,1
51,2025-10-25,8,66.0,48.0,114.0,2025-10-25 08:00:00+11:00,1
3,2025-10-25,16,1078.0,1088.0,2166.0,2025-10-25 16:00:00+11:00,1
51,2025-10-25,22,53.0,29.0,82.0,2025-10-25 22:00:00+11:00,1
9,2025-10-25,5,17.0,5.0,22.0,2025-10-25 05:00:00+11:00,1
51,2025-10-25,0,33.0,37.0,70.0,2025-10-25 00:00:00+11:00,1
5,2025-10-25,7,70.0,94.0,164.0,2025-10-25 07:00:00+11:00,1
3,2025-10-25,8,113.0,148.0,261.0,2025-10-25 08:00:00+11:00,1
9,2025-10-25,19,56.0,56.0,112.0,2025-10-25 19:00:00+11:00,1
5,2025-10-25,22,921.0,741.0,1662.0,2025-10-25 22:00:00+11:00,1
5,2025-10-25,10,547.0,568.0,1115.0,2025-10-25 10:00:00+11:00,1
53,2025-10-25,20,178.0,167.0,345.0,2025-10-25 20:00:00+11:00,1
51,2025-10-25,7,54.0,33.0,87.0,2025-10-25 07:00:00+11:00,1
51,2025-10-25,21,58.0,68.0,126.0,2025-10-25 21:00:00+11:00,1
9,2025-10-25,22,163.0,48.0,211.0,2025-10-25 22:00:00+11:00,1
51,2025-10-24,5,15.0,12.0,27.0,2025-10-24 05:00:00+11:00,1
3,2025-10-24,15,947.0,1113.0,2060.0,2025-10-24 15:00:00+11:00,1
9,2025-10-24,10,167.0,404.0,571.0,2025-10-24 10:00:00+11:00,1
53,2025-10-24,1,10.0,26.0,36.0,2025-10-24 01:00:00+11:00,1
3,2025-10-24,1,106.0,67.0,173.0,2025-10-24 01:00:00+11:00,1
9,2025-10-24,17,1121.0,120.0,1241.0,2025-10-24 17:00:00+11:00,1
53,2025-10-24,2,3.0,11.0,14.0,2025-10-24 02:00:00+11:00,1
5,2025-10-24,14,1068.0,918.0,1986.0,2025-10-24 14:00:00+11:00,1
51,2025-10-24,9,89.0,104.0,193.0,2025-10-24 09:00:00+11:00,1
5,2025-10-24,16,956.0,946.0,1902.0,2025-10-24 16:00:00+11:00,1
3,2025-10-24,5,12.0,26.0,38.0,2025-10-24 05:00:00+11:00,1
51,2025-10-24,16,101.0,77.0,178.0,2025-10-24 16:00:00+11:00,1
5,2025-10-24,8,433.0,686.0,1119.0,2025-10-24 08:00:00+11:00,1
51,2025-10-24,0,20.0,24.0,44.0,2025-10-24 00:00:00+11:00,1
5,2025-10-24,3,24.0,23.0,47.0,2025-10-24 03:00:00+11:00,1
9,2025-10-24,21,70.0,64.0,134.0,2025-10-24 21:00:00+11:00,1
5,2025-10-24,4,35.0,9.0,44.0,2025-10-24 04:00:00+11:00,1
3,2025-10-24,12,844.0,1117.0,1961.0,2025-10-24 12:00:00+11:00,1
5,2025-10-24,21,1981.0,888.0,2869.0,2025-10-24 21:00:00+11:00,1
9,2025-10-24,1,1.0,4.0,5.0,2025-10-24 01:00:00+11:00,1
3,2025-10-24,21,1156.0,1025.0,2181.0,2025-10-24 21:00:00+11:00,1
3,2025-10-24,13,927.0,983.0,1910.0,2025-10-24 13:00:00+11:00,1
53,2025-10-24,5,5.0,13.0,18.0,2025-10-24 05:00:00+11:00,1
3,2025-10-24,11,484.0,631.0,1115.0,2025-10-24 11:00:00+11:00,1
3,2025-10-24,16,1096.0,1106.0,2202.0,2025-10-24 16:00:00+11:00,1
51,2025-10-24,17,120.0,121.0,241.0,2025-10-24 17:00:00+11:00,1
53,2025-10-24,22,203.0,195.0,398.0,2025-10-24 22:00:00+11:00,1
9,2025-10-24,18,433.0,124.0,557.0,2025-10-24 18:00:00+11:00,1
3,2025-10-24,6,26.0,75.0,101.0,2025-10-24 06:00:00+11:00,1
3,2025-10-24,10,391.0,468.0,859.0,2025-10-24 10:00:00+11:00,1
53,2025-10-24,8,323.0,285.0,608.0,2025-10-24 08:00:00+11:00,1
9,2025-10-24,5,18.0,40.0,58.0,2025-10-24 05:00:00+11:00,1
51,2025-10-24,8,86.0,82.0,168.0,2025-10-24 08:00:00+11:00,1
5,2025-10-24,17,1163.0,1245.0,2408.0,2025-10-24 17:00:00+11:00,1
9,2025-10-24,2,5.0,4.0,9.0,2025-10-24 02:00:00+11:00,1
3,2025-10-24,9,313.0,378.0,691.0,2025-10-24 09:00:00+11:00,1
53,2025-10-24,19,428.0,284.0,712.0,2025-10-24 19:00:00+11:00,1
3,2025-10-24,4,34.0,32.0,66.0,2025-10-24 04:00:00+11:00,1
53,2025-10-24,21,207.0,227.0,434.0,2025-10-24 21:00:00+11:00,1
9,2025-10-24,8,89.0,1859.0,1948.0,2025-10-24 08:00:00+11:00,1
51,2025-10-24,2,7.0,14.0,21.0,2025-10-24 02:00:00+11:00,1
53,2025-10-24,6,46.0,36.0,82.0,2025-10-24 06:00:00+11:00,1
3,2025-10-24,3,56.0,14.0,70.0,2025-10-24 03:00:00+11:00,1
3,2025-10-24,22,1145.0,761.0,1906.0,2025-10-24 22:00:00+11:00,1
51,2025-10-24,4,5.0,11.0,16.0,2025-10-24 04:00:00+11:00,1
51,2025-10-24,11,154.0,102.0,256.0,2025-10-24 11:00:00+11:00,1
51,2025-10-24,18,151.0,74.0,225.0,2025-10-24 18:00:00+11:00,1
3,2025-10-24,14,952.0,1043.0,1995.0,2025-10-24 14:00:00+11:00,1
51,2025-10-24,19,106.0,91.0,197.0,2025-10-24 19:00:00+11:00,1
3,2025-10-24,0,171.0,134.0,305.0,2025-10-24 00:00:00+11:00,1
51,2025-10-24,10,106.0,108.0,214.0,2025-10-24 10:00:00+11:00,1
5,2025-10-24,22,958.0,972.0,1930.0,2025-10-24 22:00:00+11:00,1
53,2025-10-24,10,467.0,387.0,854.0,2025-10-24 10:00:00+11:00,1
5,2025-10-24,0,139.0,100.0,239.0,2025-10-24 00:00:00+11:00,1
3,2025-10-24,7,50.0,130.0,180.0,2025-10-24 07:00:00+11:00,1
5,2025-10-24,18,1257.0,1747.0,3004.0,2025-10-24 18:00:00+11:00,1
5,2025-10-24,12,968.0,985.0,1953.0,2025-10-24 12:00:00+11:00,1
53,2025-10-24,17,775.0,531.0,1306.0,2025-10-24 17:00:00+11:00,1
5,2025-10-24,9,455.0,660.0,1115.0,2025-10-24 09:00:00+11:00,1
9,2025-10-24,15,811.0,131.0,942.0,2025-10-24 15:00:00+11:00,1
3,2025-10-24,19,1094.0,1412.0,2506.0,2025-10-24 19:00:00+11:00,1
51,2025-10-24,7,40.0,44.0,84.0,2025-10-24 07:00:00+11:00,1
51,2025-10-24,15,85.0,107.0,192.0,2025-10-24 15:00:00+11:00,1
9,2025-10-24,16,1349.0,140.0,1489.0,2025-10-24 16:00:00+11:00,1
53,2025-10-24,0,27.0,41.0,68.0,2025-10-24 00:00:00+11:00,1
53,2025-10-24,14,748.0,611.0,1359.0,2025-10-24 14:00:00+11:00,1
5,2025-10-24,15,975.0,1121.0,2096.0,2025-10-24 15:00:00+11:00,1
3,2025-10-24,2,67.0,49.0,116.0,2025-10-24 02:00:00+11:00,1
53,2025-10-24,7,124.0,109.0,233.0,2025-10-24 07:00:00+11:00,1
51,2025-10-24,22,45.0,56.0,101.0,2025-10-24 22:00:00+11:00,1
53,2025-10-24,12,871.0,703.0,1574.0,2025-10-24 12:00:00+11:00,1
5,2025-10-24,23,617.0,763.0,1380.0,2025-10-24 23:00:00+11:00,1
9,2025-10-24,0,5.0,7.0,12.0,2025-10-24 00:00:00+11:00,1
5,2025-10-24,5,56.0,60.0,116.0,2025-10-24 05:00:00+11:00,1
51,2025-10-24,12,159.0,162.0,321.0,2025-10-24 12:00:00+11:00,1
53,2025-10-24,3,8.0,13.0,21.0,2025-10-24 03:00:00+11:00,1
9,2025-10-24,3,3.0,4.0,7.0,2025-10-24 03:00:00+11:00,1
5,2025-10-24,6,69.0,257.0,326.0,2025-10-24 06:00:00+11:00,1
3,2025-10-24,8,149.0,265.0,414.0,2025-10-24 08:00:00+11:00,1
51,2025-10-24,20,93.0,81.0,174.0,2025-10-24 20:00:00+11:00,1
5,2025-10-24,19,1135.0,1590.0,2725.0,2025-10-24 19:00:00+11:00,1
53,2025-10-24,4,8.0,6.0,14.0,2025-10-24 04:00:00+11:00,1
51,2025-10-24,13,144.0,132.0,276.0,2025-10-24 13:00:00+11:00,1
5,2025-10-24,7,317.0,366.0,683.0,2025-10-24 07:00:00+11:00,1
3,2025-10-24,23,838.0,606.0,1444.0,2025-10-24 23:00:00+11:00,1
53,2025-10-24,9,373.0,325.0,698.0,2025-10-24 09:00:00+11:00,1
5,2025-10-24,20,872.0,884.0,1756.0,2025-10-24 20:00:00+11:00,1
53,2025-10-24,16,760.0,575.0,1335.0,2025-10-24 16:00:00+11:00,1
53,2025-10-24,11,667.0,471.0,1138.0,2025-10-24 11:00:00+11:00,1
51,2025-10-24,21,58.0,70.0,128.0,2025-10-24 21:00:00+11:00,1
9,2025-10-24,22,68.0,54.0,122.0,2025-10-24 22:00:00+11:00,1
5,2025-10-24,2,32.0,15.0,47.0,2025-10-24 02:00:00+11:00,1
51,2025-10-24,14,152.0,120.0,272.0,2025-10-24 14:00:00+11:00,1
53,2025-10-24,18,625.0,393.0,1018.0,2025-10-24 18:00:00+11:00,1
5,2025-10-24,13,861.0,926.0,1787.0,2025-10-24 13:00:00+11:00,1
9,2025-10-24,9,102.0,1247.0,1349.0,2025-10-24 09:00:00+11:00,1
5,2025-10-24,11,688.0,803.0,1491.0,2025-10-24 11:00:00+11:00,1
9,2025-10-24,19,152.0,70.0,222.0,2025-10-24 19:00:00+11:00,1
9,2025-10-24,23,34.0,26.0,60.0,2025-10-24 23:00:00+11:00,1
53,2025-10-24,15,685.0,549.0,1234.0,2025-10-24 15:00:00+11:00,1
53,2025-10-24,20,284.0,272.0,556.0,2025-10-24 20:00:00+11:00,1
51,2025-10-24,3,4.0,2.0,6.0,2025-10-24 03:00:00+11:00,1
53,2025-10-24,23,128.0,110.0,238.0,2025-10-24 23:00:00+11:00,1
9,2025-10-24,12,559.0,498.0,1057.0,2025-10-24 12:00:00+11:00,1
51,2025-10-24,6,51.0,22.0,73.0,2025-10-24 06:00:00+11:00,1
9,2025-10-24,6,22.0,202.0,224.0,2025-10-24 06:00:00+11:00,1
3,2025-10-24,18,1196.0,1524.0,2720.0,2025-10-24 18:00:00+11:00,1
9,2025-10-24,7,55.0,705.0,760.0,2025-10-24 07:00:00+11:00,1
3,2025-10-24,17,1203.0,1370.0,2573.0,2025-10-24 17:00:00+11:00,1
9,2025-10-24,11,223.0,295.0,518.0,2025-10-24 11:00:00+11:00,1
9,2025-10-24,20,93.0,52.0,145.0,2025-10-24 20:00:00+11:00,1
9,2025-10-24,14,517.0,254.0,771.0,2025-10-24 14:00:00+11:00,1
53,2025-10-24,13,816.0,765.0,1581.0,2025-10-24 13:00:00+11:00,1
51,2025-10-24,23,38.0,36.0,74.0,2025-10-24 23:00:00+11:00,1
51,2025-10-24,1,5.0,11.0,16.0,2025-10-24 01:00:00+11:00,1
5,2025-10-24,10,457.0,751.0,1208.0,2025-10-24 10:00:00+11:00,1
9,2025-10-24,4,6.0,0.0,6.0,2025-10-24 04:00:00+11:00,1
9,2025-10-24,13,340.0,357.0,697.0,2025-10-24 13:00:00+11:00,1
5,2025-10-24,1,97.0,55.0,152.0,2025-10-24 01:00:00+11:00,1
3,2025-10-24,20,1173.0,1241.0,2414.0,2025-10-24 20:00:00+11:00,1
53,2025-10-23,4,3.0,3.0,6.0,2025-10-23 04:00:00+11:00,1
5,2025-10-23,8,517.0,940.0,1457.0,2025-10-23 08:00:00+11:00,1
3,2025-10-23,9,277.0,406.0,683.0,2025-10-23 09:00:00+11:00,1
3,2025-10-23,18,1188.0,1340.0,2528.0,2025-10-23 18:00:00+11:00,1
3,2025-10-23,4,17.0,12.0,29.0,2025-10-23 04:00:00+11:00,1
3,2025-10-23,15,1161.0,1124.0,2285.0,2025-10-23 15:00:00+11:00,1
3,2025-10-23,16,1056.0,1245.0,2301.0,2025-10-23 16:00:00+11:00,1
51,2025-10-23,6,46.0,24.0,70.0,2025-10-23 06:00:00+11:00,1
3,2025-10-23,2,36.0,28.0,64.0,2025-10-23 02:00:00+11:00,1
9,2025-10-23,17,2653.0,175.0,2828.0,2025-10-23 17:00:00+11:00,1
51,2025-10-23,7,46.0,46.0,92.0,2025-10-23 07:00:00+11:00,1
3,2025-10-23,5,6.0,20.0,26.0,2025-10-23 05:00:00+11:00,1
9,2025-10-23,2,1.0,3.0,4.0,2025-10-23 02:00:00+11:00,1
3,2025-10-23,13,998.0,1180.0,2178.0,2025-10-23 13:00:00+11:00,1
53,2025-10-23,9,363.0,299.0,662.0,2025-10-23 09:00:00+11:00,1
9,2025-10-23,23,32.0,15.0,47.0,2025-10-23 23:00:00+11:00,1
5,2025-10-23,7,349.0,473.0,822.0,2025-10-23 07:00:00+11:00,1
3,2025-10-23,21,926.0,745.0,1671.0,2025-10-23 21:00:00+11:00,1
53,2025-10-23,17,813.0,634.0,1447.0,2025-10-23 17:00:00+11:00,1
3,2025-10-23,22,610.0,512.0,1122.0,2025-10-23 22:00:00+11:00,1
9,2025-10-23,5,15.0,43.0,58.0,2025-10-23 05:00:00+11:00,1
3,2025-10-23,7,88.0,141.0,229.0,2025-10-23 07:00:00+11:00,1
5,2025-10-23,2,8.0,15.0,23.0,2025-10-23 02:00:00+11:00,1
51,2025-10-23,3,6.0,5.0,11.0,2025-10-23 03:00:00+11:00,1
5,2025-10-23,3,21.0,14.0,35.0,2025-10-23 03:00:00+11:00,1
51,2025-10-23,9,82.0,86.0,168.0,2025-10-23 09:00:00+11:00,1
3,2025-10-23,14,925.0,980.0,1905.0,2025-10-23 14:00:00+11:00,1
51,2025-10-23,2,6.0,2.0,8.0,2025-10-23 02:00:00+11:00,1
9,2025-10-23,12,716.0,608.0,1324.0,2025-10-23 12:00:00+11:00,1
5,2025-10-23,12,818.0,996.0,1814.0,2025-10-23 12:00:00+11:00,1
5,2025-10-23,10,525.0,622.0,1147.0,2025-10-23 10:00:00+11:00,1
51,2025-10-23,22,36.0,46.0,82.0,2025-10-23 22:00:00+11:00,1
53,2025-10-23,14,731.0,581.0,1312.0,2025-10-23 14:00:00+11:00,1
5,2025-10-23,6,106.0,311.0,417.0,2025-10-23 06:00:00+11:00,1
51,2025-10-23,4,5.0,8.0,13.0,2025-10-23 04:00:00+11:00,1
9,2025-10-23,14,565.0,279.0,844.0,2025-10-23 14:00:00+11:00,1
9,2025-10-23,11,340.0,388.0,728.0,2025-10-23 11:00:00+11:00,1
9,2025-10-23,20,172.0,59.0,231.0,2025-10-23 20:00:00+11:00,1
51,2025-10-23,12,157.0,175.0,332.0,2025-10-23 12:00:00+11:00,1
3,2025-10-23,17,1222.0,1402.0,2624.0,2025-10-23 17:00:00+11:00,1
5,2025-10-23,22,454.0,451.0,905.0,2025-10-23 22:00:00+11:00,1
9,2025-10-23,6,23.0,285.0,308.0,2025-10-23 06:00:00+11:00,1
51,2025-10-23,5,13.0,10.0,23.0,2025-10-23 05:00:00+11:00,1
3,2025-10-23,10,360.0,414.0,774.0,2025-10-23 10:00:00+11:00,1
5,2025-10-23,23,308.0,473.0,781.0,2025-10-23 23:00:00+11:00,1
9,2025-10-23,13,610.0,518.0,1128.0,2025-10-23 13:00:00+11:00,1
53,2025-10-23,11,600.0,467.0,1067.0,2025-10-23 11:00:00+11:00,1
53,2025-10-23,5,4.0,8.0,12.0,2025-10-23 05:00:00+11:00,1
51,2025-10-23,21,62.0,75.0,137.0,2025-10-23 21:00:00+11:00,1
5,2025-10-23,14,857.0,907.0,1764.0,2025-10-23 14:00:00+11:00,1
5,2025-10-23,0,29.0,33.0,62.0,2025-10-23 00:00:00+11:00,1
9,2025-10-23,18,849.0,127.0,976.0,2025-10-23 18:00:00+11:00,1
9,2025-10-23,4,3.0,5.0,8.0,2025-10-23 04:00:00+11:00,1
9,2025-10-23,16,2299.0,148.0,2447.0,2025-10-23 16:00:00+11:00,1
9,2025-10-23,22,60.0,79.0,139.0,2025-10-23 22:00:00+11:00,1
9,2025-10-23,15,1007.0,145.0,1152.0,2025-10-23 15:00:00+11:00,1
5,2025-10-23,11,655.0,705.0,1360.0,2025-10-23 11:00:00+11:00,1
5,2025-10-23,19,899.0,1051.0,1950.0,2025-10-23 19:00:00+11:00,1
9,2025-10-23,7,66.0,1103.0,1169.0,2025-10-23 07:00:00+11:00,1
53,2025-10-23,15,681.0,561.0,1242.0,2025-10-23 15:00:00+11:00,1
51,2025-10-23,11,116.0,140.0,256.0,2025-10-23 11:00:00+11:00,1
53,2025-10-23,6,38.0,33.0,71.0,2025-10-23 06:00:00+11:00,1
53,2025-10-23,8,396.0,333.0,729.0,2025-10-23 08:00:00+11:00,1
9,2025-10-23,8,127.0,3327.0,3454.0,2025-10-23 08:00:00+11:00,1
3,2025-10-23,19,1062.0,1126.0,2188.0,2025-10-23 19:00:00+11:00,1
3,2025-10-23,1,59.0,70.0,129.0,2025-10-23 01:00:00+11:00,1
3,2025-10-23,6,32.0,78.0,110.0,2025-10-23 06:00:00+11:00,1
9,2025-10-23,1,0.0,1.0,1.0,2025-10-23 01:00:00+11:00,1
5,2025-10-23,13,953.0,956.0,1909.0,2025-10-23 13:00:00+11:00,1
53,2025-10-23,22,78.0,152.0,230.0,2025-10-23 22:00:00+11:00,1
53,2025-10-23,23,50.0,105.0,155.0,2025-10-23 23:00:00+11:00,1
3,2025-10-23,3,19.0,17.0,36.0,2025-10-23 03:00:00+11:00,1
53,2025-10-23,3,6.0,7.0,13.0,2025-10-23 03:00:00+11:00,1
51,2025-10-23,8,58.0,79.0,137.0,2025-10-23 08:00:00+11:00,1
53,2025-10-23,7,152.0,107.0,259.0,2025-10-23 07:00:00+11:00,1
9,2025-10-23,10,224.0,664.0,888.0,2025-10-23 10:00:00+11:00,1
9,2025-10-23,0,2.0,5.0,7.0,2025-10-23 00:00:00+11:00,1
51,2025-10-23,13,199.0,150.0,349.0,2025-10-23 13:00:00+11:00,1
51,2025-10-23,19,76.0,95.0,171.0,2025-10-23 19:00:00+11:00,1
53,2025-10-23,13,892.0,703.0,1595.0,2025-10-23 13:00:00+11:00,1
9,2025-10-23,19,243.0,90.0,333.0,2025-10-23 19:00:00+11:00,1
53,2025-10-23,18,577.0,365.0,942.0,2025-10-23 18:00:00+11:00,1
9,2025-10-23,21,70.0,70.0,140.0,2025-10-23 21:00:00+11:00,1
5,2025-10-23,15,1088.0,1057.0,2145.0,2025-10-23 15:00:00+11:00,1
53,2025-10-23,20,169.0,174.0,343.0,2025-10-23 20:00:00+11:00,1
51,2025-10-23,15,156.0,136.0,292.0,2025-10-23 15:00:00+11:00,1
3,2025-10-23,0,94.0,69.0,163.0,2025-10-23 00:00:00+11:00,1
53,2025-10-23,12,944.0,670.0,1614.0,2025-10-23 12:00:00+11:00,1
53,2025-10-23,16,625.0,480.0,1105.0,2025-10-23 16:00:00+11:00,1
51,2025-10-23,10,126.0,101.0,227.0,2025-10-23 10:00:00+11:00,1
51,2025-10-23,16,103.0,111.0,214.0,2025-10-23 16:00:00+11:00,1
53,2025-10-23,1,9.0,6.0,15.0,2025-10-23 01:00:00+11:00,1
3,2025-10-23,23,339.0,331.0,670.0,2025-10-23 23:00:00+11:00,1
5,2025-10-23,9,426.0,783.0,1209.0,2025-10-23 09:00:00+11:00,1
53,2025-10-23,19,335.0,245.0,580.0,2025-10-23 19:00:00+11:00,1
9,2025-10-23,9,196.0,2068.0,2264.0,2025-10-23 09:00:00+11:00,1
51,2025-10-23,14,211.0,150.0,361.0,2025-10-23 14:00:00+11:00,1
5,2025-10-23,21,1173.0,527.0,1700.0,2025-10-23 21:00:00+11:00,1
53,2025-10-23,0,11.0,23.0,34.0,2025-10-23 00:00:00+11:00,1
3,2025-10-23,11,537.0,695.0,1232.0,2025-10-23 11:00:00+11:00,1
51,2025-10-23,18,109.0,91.0,200.0,2025-10-23 18:00:00+11:00,1
5,2025-10-23,20,760.0,662.0,1422.0,2025-10-23 20:00:00+11:00,1
51,2025-10-23,23,45.0,35.0,80.0,2025-10-23 23:00:00+11:00,1
3,2025-10-23,20,1035.0,907.0,1942.0,2025-10-23 20:00:00+11:00,1
53,2025-10-23,2,2.0,0.0,2.0,2025-10-23 02:00:00+11:00,1
5,2025-10-23,5,46.0,77.0,123.0,2025-10-23 05:00:00+11:00,1
5,2025-10-23,1,13.0,23.0,36.0,2025-10-23 01:00:00+11:00,1
9,2025-10-23,3,1.0,4.0,5.0,2025-10-23 03:00:00+11:00,1
51,2025-10-23,1,5.0,6.0,11.0,2025-10-23 01:00:00+11:00,1
5,2025-10-23,17,1621.0,1470.0,3091.0,2025-10-23 17:00:00+11:00,1
53,2025-10-23,10,465.0,413.0,878.0,2025-10-23 10:00:00+11:00,1
5,2025-10-23,18,1276.0,1504.0,2780.0,2025-10-23 18:00:00+11:00,1
51,2025-10-23,20,83.0,82.0,165.0,2025-10-23 20:00:00+11:00,1
5,2025-10-23,4,25.0,9.0,34.0,2025-10-23 04:00:00+11:00,1
51,2025-10-23,17,137.0,119.0,256.0,2025-10-23 17:00:00+11:00,1
53,2025-10-23,21,111.0,156.0,267.0,2025-10-23 21:00:00+11:00,1
51,2025-10-23,0,7.0,9.0,16.0,2025-10-23 00:00:00+11:00,1
3,2025-10-23,12,1097.0,1209.0,2306.0,2025-10-23 12:00:00+11:00,1
5,2025-10-23,16,1239.0,967.0,2206.0,2025-10-23 16:00:00+11:00,1
3,2025-10-23,8,176.0,331.0,507.0,2025-10-23 08:00:00+11:00,1
51,2025-10-22,8,69.0,40.0,109.0,2025-10-22 08:00:00+11:00,1
5,2025-10-22,9,130.0,323.0,453.0,2025-10-22 09:00:00+11:00,1
51,2025-10-22,23,27.0,25.0,52.0,2025-10-22 23:00:00+11:00,1
51,2025-10-22,16,78.0,78.0,156.0,2025-10-22 16:00:00+11:00,1
9,2025-10-22,5,19.0,41.0,60.0,2025-10-22 05:00:00+11:00,1
9,2025-10-22,0,11.0,4.0,15.0,2025-10-22 00:00:00+11:00,1
3,2025-10-22,4,24.0,20.0,44.0,2025-10-22 04:00:00+11:00,1
53,2025-10-22,12,797.0,600.0,1397.0,2025-10-22 12:00:00+11:00,1
9,2025-10-22,12,612.0,556.0,1168.0,2025-10-22 12:00:00+11:00,1
3,2025-10-22,2,61.0,22.0,83.0,2025-10-22 02:00:00+11:00,1
51,2025-10-22,15,75.0,81.0,156.0,2025-10-22 15:00:00+11:00,1
3,2025-10-22,12,783.0,987.0,1770.0,2025-10-22 12:00:00+11:00,1
53,2025-10-22,6,25.0,33.0,58.0,2025-10-22 06:00:00+11:00,1
3,2025-10-22,10,200.0,172.0,372.0,2025-10-22 10:00:00+11:00,1
5,2025-10-22,1,36.0,37.0,73.0,2025-10-22 01:00:00+11:00,1
9,2025-10-22,14,554.0,258.0,812.0,2025-10-22 14:00:00+11:00,1
51,2025-10-22,21,48.0,48.0,96.0,2025-10-22 21:00:00+11:00,1
53,2025-10-22,21,68.0,121.0,189.0,2025-10-22 21:00:00+11:00,1
53,2025-10-22,16,539.0,465.0,1004.0,2025-10-22 16:00:00+11:00,1
5,2025-10-22,6,97.0,317.0,414.0,2025-10-22 06:00:00+11:00,1
5,2025-10-22,23,146.0,278.0,424.0,2025-10-22 23:00:00+11:00,1
53,2025-10-22,13,758.0,644.0,1402.0,2025-10-22 13:00:00+11:00,1
53,2025-10-22,9,269.0,154.0,423.0,2025-10-22 09:00:00+11:00,1
9,2025-10-22,15,914.0,145.0,1059.0,2025-10-22 15:00:00+11:00,1
9,2025-10-22,11,254.0,282.0,536.0,2025-10-22 11:00:00+11:00,1
3,2025-10-22,13,854.0,913.0,1767.0,2025-10-22 13:00:00+11:00,1
3,2025-10-22,7,48.0,75.0,123.0,2025-10-22 07:00:00+11:00,1
53,2025-10-22,8,272.0,150.0,422.0,2025-10-22 08:00:00+11:00,1
53,2025-10-22,3,7.0,8.0,15.0,2025-10-22 03:00:00+11:00,1
51,2025-10-22,5,12.0,10.0,22.0,2025-10-22 05:00:00+11:00,1
5,2025-10-22,19,135.0,131.0,266.0,2025-10-22 19:00:00+11:00,1
9,2025-10-22,4,11.0,4.0,15.0,2025-10-22 04:00:00+11:00,1
9,2025-10-22,18,719.0,91.0,810.0,2025-10-22 18:00:00+11:00,1
51,2025-10-22,12,102.0,115.0,217.0,2025-10-22 12:00:00+11:00,1
51,2025-10-22,3,4.0,3.0,7.0,2025-10-22 03:00:00+11:00,1
3,2025-10-22,15,786.0,875.0,1661.0,2025-10-22 15:00:00+11:00,1
3,2025-10-22,21,558.0,459.0,1017.0,2025-10-22 21:00:00+11:00,1
51,2025-10-22,13,113.0,110.0,223.0,2025-10-22 13:00:00+11:00,1
5,2025-10-22,22,201.0,263.0,464.0,2025-10-22 22:00:00+11:00,1
3,2025-10-22,17,1027.0,1065.0,2092.0,2025-10-22 17:00:00+11:00,1
51,2025-10-22,18,84.0,76.0,160.0,2025-10-22 18:00:00+11:00,1
51,2025-10-22,4,3.0,4.0,7.0,2025-10-22 04:00:00+11:00,1
5,2025-10-22,13,695.0,899.0,1594.0,2025-10-22 13:00:00+11:00,1
5,2025-10-22,18,690.0,662.0,1352.0,2025-10-22 18:00:00+11:00,1
3,2025-10-22,9,149.0,183.0,332.0,2025-10-22 09:00:00+11:00,1
51,2025-10-22,22,50.0,47.0,97.0,2025-10-22 22:00:00+11:00,1
9,2025-10-22,19,71.0,19.0,90.0,2025-10-22 19:00:00+11:00,1
5,2025-10-22,16,1131.0,766.0,1897.0,2025-10-22 16:00:00+11:00,1
9,2025-10-22,23,17.0,18.0,35.0,2025-10-22 23:00:00+11:00,1
5,2025-10-22,10,127.0,180.0,307.0,2025-10-22 10:00:00+11:00,1
3,2025-10-22,11,391.0,502.0,893.0,2025-10-22 11:00:00+11:00,1
3,2025-10-22,18,946.0,894.0,1840.0,2025-10-22 18:00:00+11:00,1
3,2025-10-22,5,13.0,39.0,52.0,2025-10-22 05:00:00+11:00,1
5,2025-10-22,17,1350.0,949.0,2299.0,2025-10-22 17:00:00+11:00,1
51,2025-10-22,17,88.0,89.0,177.0,2025-10-22 17:00:00+11:00,1
3,2025-10-22,20,508.0,347.0,855.0,2025-10-22 20:00:00+11:00,1
9,2025-10-22,2,5.0,0.0,5.0,2025-10-22 02:00:00+11:00,1
9,2025-10-22,10,130.0,340.0,470.0,2025-10-22 10:00:00+11:00,1
53,2025-10-22,17,590.0,430.0,1020.0,2025-10-22 17:00:00+11:00,1
9,2025-10-22,17,2197.0,120.0,2317.0,2025-10-22 17:00:00+11:00,1
53,2025-10-22,2,2.0,14.0,16.0,2025-10-22 02:00:00+11:00,1
53,2025-10-22,11,514.0,412.0,926.0,2025-10-22 11:00:00+11:00,1
51,2025-10-22,2,3.0,1.0,4.0,2025-10-22 02:00:00+11:00,1
53,2025-10-22,10,207.0,175.0,382.0,2025-10-22 10:00:00+11:00,1
5,2025-10-22,0,62.0,79.0,141.0,2025-10-22 00:00:00+11:00,1
9,2025-10-22,13,505.0,448.0,953.0,2025-10-22 13:00:00+11:00,1
5,2025-10-22,3,21.0,14.0,35.0,2025-10-22 03:00:00+11:00,1
9,2025-10-22,6,32.0,282.0,314.0,2025-10-22 06:00:00+11:00,1
53,2025-10-22,14,629.0,584.0,1213.0,2025-10-22 14:00:00+11:00,1
3,2025-10-22,8,148.0,202.0,350.0,2025-10-22 08:00:00+11:00,1
51,2025-10-22,6,61.0,21.0,82.0,2025-10-22 06:00:00+11:00,1
3,2025-10-22,14,803.0,874.0,1677.0,2025-10-22 14:00:00+11:00,1
9,2025-10-22,1,2.0,0.0,2.0,2025-10-22 01:00:00+11:00,1
5,2025-10-22,7,199.0,275.0,474.0,2025-10-22 07:00:00+11:00,1
5,2025-10-22,20,129.0,147.0,276.0,2025-10-22 20:00:00+11:00,1
53,2025-10-22,5,5.0,11.0,16.0,2025-10-22 05:00:00+11:00,1
5,2025-10-22,8,221.0,655.0,876.0,2025-10-22 08:00:00+11:00,1
51,2025-10-22,14,89.0,115.0,204.0,2025-10-22 14:00:00+11:00,1
9,2025-10-22,16,2116.0,107.0,2223.0,2025-10-22 16:00:00+11:00,1
51,2025-10-22,9,68.0,56.0,124.0,2025-10-22 09:00:00+11:00,1
53,2025-10-22,4,3.0,1.0,4.0,2025-10-22 04:00:00+11:00,1
53,2025-10-22,18,410.0,248.0,658.0,2025-10-22 18:00:00+11:00,1
3,2025-10-22,16,834.0,900.0,1734.0,2025-10-22 16:00:00+11:00,1
3,2025-10-22,19,384.0,231.0,615.0,2025-10-22 19:00:00+11:00,1
5,2025-10-22,14,678.0,743.0,1421.0,2025-10-22 14:00:00+11:00,1
5,2025-10-22,2,13.0,20.0,33.0,2025-10-22 02:00:00+11:00,1
51,2025-10-22,0,23.0,22.0,45.0,2025-10-22 00:00:00+11:00,1
53,2025-10-22,15,570.0,509.0,1079.0,2025-10-22 15:00:00+11:00,1
53,2025-10-22,7,114.0,58.0,172.0,2025-10-22 07:00:00+11:00,1
51,2025-10-22,1,8.0,9.0,17.0,2025-10-22 01:00:00+11:00,1
9,2025-10-22,7,64.0,946.0,1010.0,2025-10-22 07:00:00+11:00,1
53,2025-10-22,20,61.0,57.0,118.0,2025-10-22 20:00:00+11:00,1
5,2025-10-22,11,439.0,484.0,923.0,2025-10-22 11:00:00+11:00,1
53,2025-10-22,22,68.0,109.0,177.0,2025-10-22 22:00:00+11:00,1
9,2025-10-22,21,51.0,37.0,88.0,2025-10-22 21:00:00+11:00,1
5,2025-10-22,4,31.0,22.0,53.0,2025-10-22 04:00:00+11:00,1
51,2025-10-22,10,82.0,69.0,151.0,2025-10-22 10:00:00+11:00,1
53,2025-10-22,19,133.0,84.0,217.0,2025-10-22 19:00:00+11:00,1
51,2025-10-22,11,88.0,91.0,179.0,2025-10-22 11:00:00+11:00,1
3,2025-10-22,6,33.0,63.0,96.0,2025-10-22 06:00:00+11:00,1
9,2025-10-22,8,93.0,2316.0,2409.0,2025-10-22 08:00:00+11:00,1
5,2025-10-22,21,290.0,282.0,572.0,2025-10-22 21:00:00+11:00,1
3,2025-10-22,3,28.0,22.0,50.0,2025-10-22 03:00:00+11:00,1
51,2025-10-22,20,59.0,64.0,123.0,2025-10-22 20:00:00+11:00,1
3,2025-10-22,0,139.0,113.0,252.0,2025-10-22 00:00:00+11:00,1
3,2025-10-22,23,255.0,196.0,451.0,2025-10-22 23:00:00+11:00,1
5,2025-10-22,15,1064.0,795.0,1859.0,2025-10-22 15:00:00+11:00,1
9,2025-10-22,22,49.0,35.0,84.0,2025-10-22 22:00:00+11:00,1
3,2025-10-22,1,81.0,29.0,110.0,2025-10-22 01:00:00+11:00,1
9,2025-10-22,3,3.0,7.0,10.0,2025-10-22 03:00:00+11:00,1
9,2025-10-22,9,96.0,1029.0,1125.0,2025-10-22 09:00:00+11:00,1
51,2025-10-22,7,53.0,41.0,94.0,2025-10-22 07:00:00+11:00,1
5,2025-10-22,5,52.0,59.0,111.0,2025-10-22 05:00:00+11:00,1
3,2025-10-22,22,409.0,320.0,729.0,2025-10-22 22:00:00+11:00,1
53,2025-10-22,1,11.0,12.0,23.0,2025-10-22 01:00:00+11:00,1
53,2025-10-22,23,38.0,67.0,105.0,2025-10-22 23:00:00+11:00,1
53,2025-10-22,0,9.0,30.0,39.0,2025-10-22 00:00:00+11:00,1
9,2025-10-22,20,63.0,42.0,105.0,2025-10-22 20:00:00+11:00,1
51,2025-10-22,19,39.0,56.0,95.0,2025-10-22 19:00:00+11:00,1
5,2025-10-22,12,741.0,750.0,1491.0,2025-10-22 12:00:00+11:00,1
9,2025-10-21,8,107.0,3379.0,3486.0,2025-10-21 08:00:00+11:00,1
53,2025-10-21,16,569.0,468.0,1037.0,2025-10-21 16:00:00+11:00,1
9,2025-10-21,15,1069.0,181.0,1250.0,2025-10-21 15:00:00+11:00,1
53,2025-10-21,2,5.0,24.0,29.0,2025-10-21 02:00:00+11:00,1
51,2025-10-21,19,79.0,66.0,145.0,2025-10-21 19:00:00+11:00,1
51,2025-10-21,0,23.0,15.0,38.0,2025-10-21 00:00:00+11:00,1
9,2025-10-21,22,40.0,44.0,84.0,2025-10-21 22:00:00+11:00,1
5,2025-10-21,18,1377.0,951.0,2328.0,2025-10-21 18:00:00+11:00,1
9,2025-10-21,23,26.0,21.0,47.0,2025-10-21 23:00:00+11:00,1
51,2025-10-21,15,107.0,115.0,222.0,2025-10-21 15:00:00+11:00,1
3,2025-10-21,15,973.0,1017.0,1990.0,2025-10-21 15:00:00+11:00,1
53,2025-10-21,1,9.0,17.0,26.0,2025-10-21 01:00:00+11:00,1
5,2025-10-21,10,486.0,664.0,1150.0,2025-10-21 10:00:00+11:00,1
51,2025-10-21,5,8.0,11.0,19.0,2025-10-21 05:00:00+11:00,1
51,2025-10-21,7,39.0,44.0,83.0,2025-10-21 07:00:00+11:00,1
5,2025-10-21,7,318.0,512.0,830.0,2025-10-21 07:00:00+11:00,1
9,2025-10-21,12,740.0,662.0,1402.0,2025-10-21 12:00:00+11:00,1
3,2025-10-21,3,24.0,11.0,35.0,2025-10-21 03:00:00+11:00,1
9,2025-10-21,18,823.0,103.0,926.0,2025-10-21 18:00:00+11:00,1
5,2025-10-21,1,30.0,24.0,54.0,2025-10-21 01:00:00+11:00,1
5,2025-10-21,8,565.0,1021.0,1586.0,2025-10-21 08:00:00+11:00,1
51,2025-10-21,16,96.0,93.0,189.0,2025-10-21 16:00:00+11:00,1
51,2025-10-21,23,25.0,14.0,39.0,2025-10-21 23:00:00+11:00,1
5,2025-10-21,0,39.0,59.0,98.0,2025-10-21 00:00:00+11:00,1
5,2025-10-21,16,1279.0,867.0,2146.0,2025-10-21 16:00:00+11:00,1
3,2025-10-21,9,257.0,331.0,588.0,2025-10-21 09:00:00+11:00,1
3,2025-10-21,14,924.0,948.0,1872.0,2025-10-21 14:00:00+11:00,1
3,2025-10-21,23,251.0,183.0,434.0,2025-10-21 23:00:00+11:00,1
53,2025-10-21,14,676.0,614.0,1290.0,2025-10-21 14:00:00+11:00,1
9,2025-10-21,16,2525.0,135.0,2660.0,2025-10-21 16:00:00+11:00,1
5,2025-10-21,17,4260.0,1251.0,5511.0,2025-10-21 17:00:00+11:00,1
53,2025-10-21,6,29.0,31.0,60.0,2025-10-21 06:00:00+11:00,1
9,2025-10-21,0,13.0,8.0,21.0,2025-10-21 00:00:00+11:00,1
5,2025-10-21,15,955.0,1039.0,1994.0,2025-10-21 15:00:00+11:00,1
53,2025-10-21,18,479.0,264.0,743.0,2025-10-21 18:00:00+11:00,1
9,2025-10-21,21,49.0,44.0,93.0,2025-10-21 21:00:00+11:00,1
5,2025-10-21,4,36.0,10.0,46.0,2025-10-21 04:00:00+11:00,1
53,2025-10-21,22,69.0,128.0,197.0,2025-10-21 22:00:00+11:00,1
3,2025-10-21,20,899.0,817.0,1716.0,2025-10-21 20:00:00+11:00,1
51,2025-10-21,11,110.0,129.0,239.0,2025-10-21 11:00:00+11:00,1
9,2025-10-21,1,1.0,6.0,7.0,2025-10-21 01:00:00+11:00,1
53,2025-10-21,8,408.0,270.0,678.0,2025-10-21 08:00:00+11:00,1
5,2025-10-21,11,846.0,841.0,1687.0,2025-10-21 11:00:00+11:00,1
5,2025-10-21,12,896.0,855.0,1751.0,2025-10-21 12:00:00+11:00,1
5,2025-10-21,19,624.0,670.0,1294.0,2025-10-21 19:00:00+11:00,1
51,2025-10-21,1,9.0,10.0,19.0,2025-10-21 01:00:00+11:00,1
53,2025-10-21,0,7.0,8.0,15.0,2025-10-21 00:00:00+11:00,1
3,2025-10-21,5,21.0,27.0,48.0,2025-10-21 05:00:00+11:00,1
3,2025-10-21,13,1000.0,1016.0,2016.0,2025-10-21 13:00:00+11:00,1
53,2025-10-21,9,440.0,322.0,762.0,2025-10-21 09:00:00+11:00,1
5,2025-10-21,21,471.0,428.0,899.0,2025-10-21 21:00:00+11:00,1
51,2025-10-21,9,87.0,86.0,173.0,2025-10-21 09:00:00+11:00,1
51,2025-10-21,10,94.0,99.0,193.0,2025-10-21 10:00:00+11:00,1
51,2025-10-21,3,3.0,10.0,13.0,2025-10-21 03:00:00+11:00,1
51,2025-10-21,2,11.0,8.0,19.0,2025-10-21 02:00:00+11:00,1
53,2025-10-21,20,187.0,208.0,395.0,2025-10-21 20:00:00+11:00,1
53,2025-10-21,11,591.0,495.0,1086.0,2025-10-21 11:00:00+11:00,1
3,2025-10-21,16,1033.0,1107.0,2140.0,2025-10-21 16:00:00+11:00,1
53,2025-10-21,12,969.0,712.0,1681.0,2025-10-21 12:00:00+11:00,1
3,2025-10-21,7,64.0,145.0,209.0,2025-10-21 07:00:00+11:00,1
9,2025-10-21,14,657.0,245.0,902.0,2025-10-21 14:00:00+11:00,1
53,2025-10-21,21,130.0,224.0,354.0,2025-10-21 21:00:00+11:00,1
9,2025-10-21,13,488.0,512.0,1000.0,2025-10-21 13:00:00+11:00,1
51,2025-10-21,17,102.0,113.0,215.0,2025-10-21 17:00:00+11:00,1
5,2025-10-21,13,907.0,995.0,1902.0,2025-10-21 13:00:00+11:00,1
5,2025-10-21,3,15.0,5.0,20.0,2025-10-21 03:00:00+11:00,1
51,2025-10-21,13,144.0,146.0,290.0,2025-10-21 13:00:00+11:00,1
3,2025-10-21,22,439.0,328.0,767.0,2025-10-21 22:00:00+11:00,1
3,2025-10-21,8,220.0,374.0,594.0,2025-10-21 08:00:00+11:00,1
51,2025-10-21,4,8.0,5.0,13.0,2025-10-21 04:00:00+11:00,1
3,2025-10-21,1,57.0,48.0,105.0,2025-10-21 01:00:00+11:00,1
51,2025-10-21,22,37.0,33.0,70.0,2025-10-21 22:00:00+11:00,1
53,2025-10-21,19,210.0,160.0,370.0,2025-10-21 19:00:00+11:00,1
51,2025-10-21,8,62.0,73.0,135.0,2025-10-21 08:00:00+11:00,1
51,2025-10-21,12,131.0,136.0,267.0,2025-10-21 12:00:00+11:00,1
9,2025-10-21,17,2931.0,157.0,3088.0,2025-10-21 17:00:00+11:00,1
53,2025-10-21,23,18.0,42.0,60.0,2025-10-21 23:00:00+11:00,1
3,2025-10-21,6,30.0,96.0,126.0,2025-10-21 06:00:00+11:00,1
5,2025-10-21,5,51.0,92.0,143.0,2025-10-21 05:00:00+11:00,1
51,2025-10-21,21,44.0,33.0,77.0,2025-10-21 21:00:00+11:00,1
53,2025-10-21,7,174.0,111.0,285.0,2025-10-21 07:00:00+11:00,1
51,2025-10-21,6,62.0,18.0,80.0,2025-10-21 06:00:00+11:00,1
9,2025-10-21,19,250.0,75.0,325.0,2025-10-21 19:00:00+11:00,1
53,2025-10-21,15,568.0,498.0,1066.0,2025-10-21 15:00:00+11:00,1
51,2025-10-21,14,106.0,117.0,223.0,2025-10-21 14:00:00+11:00,1
3,2025-10-21,12,962.0,1154.0,2116.0,2025-10-21 12:00:00+11:00,1
3,2025-10-21,10,337.0,511.0,848.0,2025-10-21 10:00:00+11:00,1
5,2025-10-21,23,139.0,131.0,270.0,2025-10-21 23:00:00+11:00,1
53,2025-10-21,13,976.0,745.0,1721.0,2025-10-21 13:00:00+11:00,1
3,2025-10-21,17,1797.0,1268.0,3065.0,2025-10-21 17:00:00+11:00,1
9,2025-10-21,10,223.0,589.0,812.0,2025-10-21 10:00:00+11:00,1
3,2025-10-21,11,578.0,759.0,1337.0,2025-10-21 11:00:00+11:00,1
9,2025-10-21,6,23.0,312.0,335.0,2025-10-21 06:00:00+11:00,1
3,2025-10-21,19,976.0,998.0,1974.0,2025-10-21 19:00:00+11:00,1
3,2025-10-21,0,116.0,68.0,184.0,2025-10-21 00:00:00+11:00,1
9,2025-10-21,7,65.0,1358.0,1423.0,2025-10-21 07:00:00+11:00,1
3,2025-10-21,4,6.0,10.0,16.0,2025-10-21 04:00:00+11:00,1
3,2025-10-21,18,1069.0,1303.0,2372.0,2025-10-21 18:00:00+11:00,1
5,2025-10-21,9,431.0,834.0,1265.0,2025-10-21 09:00:00+11:00,1
9,2025-10-21,3,2.0,2.0,4.0,2025-10-21 03:00:00+11:00,1
5,2025-10-21,14,984.0,861.0,1845.0,2025-10-21 14:00:00+11:00,1
53,2025-10-21,10,520.0,431.0,951.0,2025-10-21 10:00:00+11:00,1
5,2025-10-21,2,20.0,23.0,43.0,2025-10-21 02:00:00+11:00,1
9,2025-10-21,9,183.0,1808.0,1991.0,2025-10-21 09:00:00+11:00,1
53,2025-10-21,17,666.0,481.0,1147.0,2025-10-21 17:00:00+11:00,1
3,2025-10-21,21,711.0,580.0,1291.0,2025-10-21 21:00:00+11:00,1
9,2025-10-21,20,108.0,83.0,191.0,2025-10-21 20:00:00+11:00,1
3,2025-10-21,2,133.0,26.0,159.0,2025-10-21 02:00:00+11:00,1
53,2025-10-21,4,4.0,3.0,7.0,2025-10-21 04:00:00+11:00,1
9,2025-10-21,4,5.0,5.0,10.0,2025-10-21 04:00:00+11:00,1
5,2025-10-21,22,363.0,379.0,742.0,2025-10-21 22:00:00+11:00,1
9,2025-10-21,5,18.0,48.0,66.0,2025-10-21 05:00:00+11:00,1
5,2025-10-21,20,579.0,560.0,1139.0,2025-10-21 20:00:00+11:00,1
51,2025-10-21,20,68.0,61.0,129.0,2025-10-21 20:00:00+11:00,1
53,2025-10-21,3,4.0,5.0,9.0,2025-10-21 03:00:00+11:00,1
9,2025-10-21,11,307.0,409.0,716.0,2025-10-21 11:00:00+11:00,1
5,2025-10-21,6,95.0,326.0,421.0,2025-10-21 06:00:00+11:00,1
51,2025-10-21,18,106.0,96.0,202.0,2025-10-21 18:00:00+11:00,1
53,2025-10-21,5,5.0,8.0,13.0,2025-10-21 05:00:00+11:00,1
9,2025-10-21,2,5.0,4.0,9.0,2025-10-21 02:00:00+11:00,1
9,2025-10-20,16,1840.0,88.0,1928.0,2025-10-20 16:00:00+11:00,1
51,2025-10-20,6,48.0,11.0,59.0,2025-10-20 06:00:00+11:00,1
5,2025-10-20,11,352.0,525.0,877.0,2025-10-20 11:00:00+11:00,1
51,2025-10-20,16,99.0,116.0,215.0,2025-10-20 16:00:00+11:00,1
3,2025-10-20,0,140.0,66.0,206.0,2025-10-20 00:00:00+11:00,1
3,2025-10-20,21,582.0,545.0,1127.0,2025-10-20 21:00:00+11:00,1
9,2025-10-20,11,201.0,213.0,414.0,2025-10-20 11:00:00+11:00,1
9,2025-10-20,19,159.0,65.0,224.0,2025-10-20 19:00:00+11:00,1
53,2025-10-20,7,96.0,56.0,152.0,2025-10-20 07:00:00+11:00,1
5,2025-10-20,13,820.0,966.0,1786.0,2025-10-20 13:00:00+11:00,1
5,2025-10-20,20,650.0,487.0,1137.0,2025-10-20 20:00:00+11:00,1
3,2025-10-20,23,245.0,173.0,418.0,2025-10-20 23:00:00+11:00,1
53,2025-10-20,19,184.0,167.0,351.0,2025-10-20 19:00:00+11:00,1
9,2025-10-20,14,487.0,237.0,724.0,2025-10-20 14:00:00+11:00,1
53,2025-10-20,3,5.0,4.0,9.0,2025-10-20 03:00:00+11:00,1
5,2025-10-20,1,16.0,19.0,35.0,2025-10-20 01:00:00+11:00,1
5,2025-10-20,3,13.0,5.0,18.0,2025-10-20 03:00:00+11:00,1
51,2025-10-20,10,85.0,87.0,172.0,2025-10-20 10:00:00+11:00,1
9,2025-10-20,23,19.0,23.0,42.0,2025-10-20 23:00:00+11:00,1
5,2025-10-20,12,1363.0,1090.0,2453.0,2025-10-20 12:00:00+11:00,1
53,2025-10-20,1,8.0,2.0,10.0,2025-10-20 01:00:00+11:00,1
3,2025-10-20,4,11.0,4.0,15.0,2025-10-20 04:00:00+11:00,1
51,2025-10-20,4,9.0,8.0,17.0,2025-10-20 04:00:00+11:00,1
9,2025-10-20,15,844.0,128.0,972.0,2025-10-20 15:00:00+11:00,1
51,2025-10-20,13,126.0,98.0,224.0,2025-10-20 13:00:00+11:00,1
51,2025-10-20,5,15.0,10.0,25.0,2025-10-20 05:00:00+11:00,1
5,2025-10-20,0,29.0,33.0,62.0,2025-10-20 00:00:00+11:00,1
51,2025-10-20,19,101.0,67.0,168.0,2025-10-20 19:00:00+11:00,1
53,2025-10-20,13,789.0,650.0,1439.0,2025-10-20 13:00:00+11:00,1
3,2025-10-20,10,351.0,349.0,700.0,2025-10-20 10:00:00+11:00,1
3,2025-10-20,1,56.0,28.0,84.0,2025-10-20 01:00:00+11:00,1
9,2025-10-20,17,2182.0,150.0,2332.0,2025-10-20 17:00:00+11:00,1
9,2025-10-20,12,523.0,543.0,1066.0,2025-10-20 12:00:00+11:00,1
3,2025-10-20,17,917.0,1149.0,2066.0,2025-10-20 17:00:00+11:00,1
9,2025-10-20,4,0.0,2.0,2.0,2025-10-20 04:00:00+11:00,1
3,2025-10-20,8,126.0,116.0,242.0,2025-10-20 08:00:00+11:00,1
3,2025-10-20,22,367.0,293.0,660.0,2025-10-20 22:00:00+11:00,1
5,2025-10-20,21,356.0,457.0,813.0,2025-10-20 21:00:00+11:00,1
3,2025-10-20,3,19.0,14.0,33.0,2025-10-20 03:00:00+11:00,1
53,2025-10-20,4,1.0,2.0,3.0,2025-10-20 04:00:00+11:00,1
5,2025-10-20,18,931.0,789.0,1720.0,2025-10-20 18:00:00+11:00,1
9,2025-10-20,22,56.0,27.0,83.0,2025-10-20 22:00:00+11:00,1
5,2025-10-20,4,24.0,9.0,33.0,2025-10-20 04:00:00+11:00,1
53,2025-10-20,8,216.0,126.0,342.0,2025-10-20 08:00:00+11:00,1
3,2025-10-20,16,915.0,1038.0,1953.0,2025-10-20 16:00:00+11:00,1
53,2025-10-20,5,3.0,9.0,12.0,2025-10-20 05:00:00+11:00,1
51,2025-10-20,17,97.0,84.0,181.0,2025-10-20 17:00:00+11:00,1
3,2025-10-20,2,16.0,17.0,33.0,2025-10-20 02:00:00+11:00,1
51,2025-10-20,2,5.0,4.0,9.0,2025-10-20 02:00:00+11:00,1
53,2025-10-20,15,588.0,500.0,1088.0,2025-10-20 15:00:00+11:00,1
51,2025-10-20,15,103.0,94.0,197.0,2025-10-20 15:00:00+11:00,1
53,2025-10-20,6,16.0,10.0,26.0,2025-10-20 06:00:00+11:00,1
5,2025-10-20,6,41.0,212.0,253.0,2025-10-20 06:00:00+11:00,1
53,2025-10-20,21,115.0,149.0,264.0,2025-10-20 21:00:00+11:00,1
3,2025-10-20,7,56.0,80.0,136.0,2025-10-20 07:00:00+11:00,1
53,2025-10-20,14,604.0,532.0,1136.0,2025-10-20 14:00:00+11:00,1
9,2025-10-20,5,26.0,39.0,65.0,2025-10-20 05:00:00+11:00,1
53,2025-10-20,0,14.0,13.0,27.0,2025-10-20 00:00:00+11:00,1
51,2025-10-20,1,5.0,7.0,12.0,2025-10-20 01:00:00+11:00,1
9,2025-10-20,13,337.0,403.0,740.0,2025-10-20 13:00:00+11:00,1
51,2025-10-20,12,116.0,126.0,242.0,2025-10-20 12:00:00+11:00,1
9,2025-10-20,0,4.0,10.0,14.0,2025-10-20 00:00:00+11:00,1
51,2025-10-20,20,65.0,68.0,133.0,2025-10-20 20:00:00+11:00,1
5,2025-10-20,7,255.0,270.0,525.0,2025-10-20 07:00:00+11:00,1
51,2025-10-20,21,61.0,73.0,134.0,2025-10-20 21:00:00+11:00,1
5,2025-10-20,17,1342.0,1007.0,2349.0,2025-10-20 17:00:00+11:00,1
51,2025-10-20,7,66.0,65.0,131.0,2025-10-20 07:00:00+11:00,1
5,2025-10-20,19,490.0,603.0,1093.0,2025-10-20 19:00:00+11:00,1
9,2025-10-20,3,3.0,4.0,7.0,2025-10-20 03:00:00+11:00,1
53,2025-10-20,18,337.0,240.0,577.0,2025-10-20 18:00:00+11:00,1
53,2025-10-20,23,18.0,49.0,67.0,2025-10-20 23:00:00+11:00,1
3,2025-10-20,5,17.0,32.0,49.0,2025-10-20 05:00:00+11:00,1
3,2025-10-20,6,20.0,43.0,63.0,2025-10-20 06:00:00+11:00,1
53,2025-10-20,22,79.0,48.0,127.0,2025-10-20 22:00:00+11:00,1
3,2025-10-20,14,820.0,938.0,1758.0,2025-10-20 14:00:00+11:00,1
9,2025-10-20,2,0.0,2.0,2.0,2025-10-20 02:00:00+11:00,1
3,2025-10-20,15,885.0,986.0,1871.0,2025-10-20 15:00:00+11:00,1
5,2025-10-20,22,185.0,210.0,395.0,2025-10-20 22:00:00+11:00,1
9,2025-10-20,21,55.0,42.0,97.0,2025-10-20 21:00:00+11:00,1
9,2025-10-20,20,82.0,82.0,164.0,2025-10-20 20:00:00+11:00,1
51,2025-10-20,3,2.0,0.0,2.0,2025-10-20 03:00:00+11:00,1
9,2025-10-20,7,49.0,900.0,949.0,2025-10-20 07:00:00+11:00,1
53,2025-10-20,11,439.0,406.0,845.0,2025-10-20 11:00:00+11:00,1
5,2025-10-20,9,236.0,541.0,777.0,2025-10-20 09:00:00+11:00,1
5,2025-10-20,16,1030.0,877.0,1907.0,2025-10-20 16:00:00+11:00,1
51,2025-10-20,22,44.0,31.0,75.0,2025-10-20 22:00:00+11:00,1
51,2025-10-20,8,92.0,97.0,189.0,2025-10-20 08:00:00+11:00,1
9,2025-10-20,9,125.0,1108.0,1233.0,2025-10-20 09:00:00+11:00,1
53,2025-10-20,12,694.0,630.0,1324.0,2025-10-20 12:00:00+11:00,1
5,2025-10-20,15,877.0,774.0,1651.0,2025-10-20 15:00:00+11:00,1
3,2025-10-20,13,925.0,924.0,1849.0,2025-10-20 13:00:00+11:00,1
51,2025-10-20,9,107.0,94.0,201.0,2025-10-20 09:00:00+11:00,1
5,2025-10-20,10,378.0,1187.0,1565.0,2025-10-20 10:00:00+11:00,1
51,2025-10-20,14,101.0,122.0,223.0,2025-10-20 14:00:00+11:00,1
5,2025-10-20,5,40.0,44.0,84.0,2025-10-20 05:00:00+11:00,1
9,2025-10-20,18,625.0,83.0,708.0,2025-10-20 18:00:00+11:00,1
3,2025-10-20,19,796.0,901.0,1697.0,2025-10-20 19:00:00+11:00,1
5,2025-10-20,8,157.0,351.0,508.0,2025-10-20 08:00:00+11:00,1
3,2025-10-20,20,710.0,656.0,1366.0,2025-10-20 20:00:00+11:00,1
9,2025-10-20,6,28.0,195.0,223.0,2025-10-20 06:00:00+11:00,1
51,2025-10-20,11,97.0,82.0,179.0,2025-10-20 11:00:00+11:00,1
3,2025-10-20,11,421.0,435.0,856.0,2025-10-20 11:00:00+11:00,1
3,2025-10-20,18,979.0,1070.0,2049.0,2025-10-20 18:00:00+11:00,1
53,2025-10-20,10,383.0,337.0,720.0,2025-10-20 10:00:00+11:00,1
53,2025-10-20,17,589.0,524.0,1113.0,2025-10-20 17:00:00+11:00,1
53,2025-10-20,2,0.0,1.0,1.0,2025-10-20 02:00:00+11:00,1
53,2025-10-20,20,147.0,202.0,349.0,2025-10-20 20:00:00+11:00,1
3,2025-10-20,12,740.0,813.0,1553.0,2025-10-20 12:00:00+11:00,1
9,2025-10-20,10,155.0,418.0,573.0,2025-10-20 10:00:00+11:00,1
9,2025-10-20,1,4.0,2.0,6.0,2025-10-20 01:00:00+11:00,1
53,2025-10-20,9,290.0,218.0,508.0,2025-10-20 09:00:00+11:00,1
53,2025-10-20,16,534.0,464.0,998.0,2025-10-20 16:00:00+11:00,1
5,2025-10-20,2,10.0,9.0,19.0,2025-10-20 02:00:00+11:00,1
51,2025-10-20,18,96.0,86.0,182.0,2025-10-20 18:00:00+11:00,1
3,2025-10-20,9,208.0,262.0,470.0,2025-10-20 09:00:00+11:00,1
51,2025-10-20,0,21.0,19.0,40.0,2025-10-20 00:00:00+11:00,1
9,2025-10-20,8,53.0,1588.0,1641.0,2025-10-20 08:00:00+11:00,1
5,2025-10-20,23,99.0,107.0,206.0,2025-10-20 23:00:00+11:00,1
51,2025-10-20,23,33.0,30.0,63.0,2025-10-20 23:00:00+11:00,1
5,2025-10-20,14,1438.0,760.0,2198.0,2025-10-20 14:00:00+11:00,1
53,2025-10-19,22,46.0,75.0,121.0,2025-10-19 22:00:00+11:00,1
9,2025-10-19,12,83.0,116.0,199.0,2025-10-19 12:00:00+11:00,1
53,2025-10-19,15,524.0,479.0,1003.0,2025-10-19 15:00:00+11:00,1
51,2025-10-19,2,13.0,9.0,22.0,2025-10-19 02:00:00+11:00,1
3,2025-10-19,16,996.0,1214.0,2210.0,2025-10-19 16:00:00+11:00,1
3,2025-10-19,14,1380.0,1511.0,2891.0,2025-10-19 14:00:00+11:00,1
3,2025-10-19,22,480.0,305.0,785.0,2025-10-19 22:00:00+11:00,1
53,2025-10-19,20,125.0,123.0,248.0,2025-10-19 20:00:00+11:00,1
5,2025-10-19,21,343.0,353.0,696.0,2025-10-19 21:00:00+11:00,1
5,2025-10-19,14,1521.0,1073.0,2594.0,2025-10-19 14:00:00+11:00,1
53,2025-10-19,1,40.0,54.0,94.0,2025-10-19 01:00:00+11:00,1
3,2025-10-19,3,152.0,83.0,235.0,2025-10-19 03:00:00+11:00,1
3,2025-10-19,23,202.0,174.0,376.0,2025-10-19 23:00:00+11:00,1
51,2025-10-19,14,120.0,141.0,261.0,2025-10-19 14:00:00+11:00,1
9,2025-10-19,22,11.0,18.0,29.0,2025-10-19 22:00:00+11:00,1
5,2025-10-19,11,1233.0,888.0,2121.0,2025-10-19 11:00:00+11:00,1
51,2025-10-19,6,2.0,7.0,9.0,2025-10-19 06:00:00+11:00,1
51,2025-10-19,19,78.0,74.0,152.0,2025-10-19 19:00:00+11:00,1
5,2025-10-19,18,544.0,569.0,1113.0,2025-10-19 18:00:00+11:00,1
9,2025-10-19,15,96.0,66.0,162.0,2025-10-19 15:00:00+11:00,1
5,2025-10-19,1,124.0,122.0,246.0,2025-10-19 01:00:00+11:00,1
9,2025-10-19,9,61.0,58.0,119.0,2025-10-19 09:00:00+11:00,1
53,2025-10-19,5,6.0,6.0,12.0,2025-10-19 05:00:00+11:00,1
3,2025-10-19,15,1069.0,1208.0,2277.0,2025-10-19 15:00:00+11:00,1
3,2025-10-19,18,864.0,1011.0,1875.0,2025-10-19 18:00:00+11:00,1
51,2025-10-19,12,147.0,152.0,299.0,2025-10-19 12:00:00+11:00,1
9,2025-10-19,2,7.0,8.0,15.0,2025-10-19 02:00:00+11:00,1
3,2025-10-19,13,1511.0,1453.0,2964.0,2025-10-19 13:00:00+11:00,1
9,2025-10-19,1,5.0,28.0,33.0,2025-10-19 01:00:00+11:00,1
5,2025-10-19,16,919.0,894.0,1813.0,2025-10-19 16:00:00+11:00,1
3,2025-10-19,19,941.0,897.0,1838.0,2025-10-19 19:00:00+11:00,1
53,2025-10-19,13,819.0,642.0,1461.0,2025-10-19 13:00:00+11:00,1
5,2025-10-19,6,42.0,43.0,85.0,2025-10-19 06:00:00+11:00,1
51,2025-10-19,17,85.0,73.0,158.0,2025-10-19 17:00:00+11:00,1
5,2025-10-19,9,227.0,286.0,513.0,2025-10-19 09:00:00+11:00,1
51,2025-10-19,4,9.0,11.0,20.0,2025-10-19 04:00:00+11:00,1
5,2025-10-19,13,1563.0,1737.0,3300.0,2025-10-19 13:00:00+11:00,1
9,2025-10-19,4,2.0,4.0,6.0,2025-10-19 04:00:00+11:00,1
5,2025-10-19,0,263.0,244.0,507.0,2025-10-19 00:00:00+11:00,1
9,2025-10-19,18,55.0,66.0,121.0,2025-10-19 18:00:00+11:00,1
3,2025-10-19,9,234.0,270.0,504.0,2025-10-19 09:00:00+11:00,1
3,2025-10-19,1,307.0,174.0,481.0,2025-10-19 01:00:00+11:00,1
53,2025-10-19,6,11.0,17.0,28.0,2025-10-19 06:00:00+11:00,1
3,2025-10-19,17,981.0,1206.0,2187.0,2025-10-19 17:00:00+11:00,1
3,2025-10-19,8,93.0,127.0,220.0,2025-10-19 08:00:00+11:00,1
53,2025-10-19,21,60.0,103.0,163.0,2025-10-19 21:00:00+11:00,1
9,2025-10-19,3,5.0,2.0,7.0,2025-10-19 03:00:00+11:00,1
9,2025-10-19,0,22.0,21.0,43.0,2025-10-19 00:00:00+11:00,1
9,2025-10-19,14,125.0,114.0,239.0,2025-10-19 14:00:00+11:00,1
9,2025-10-19,8,31.0,45.0,76.0,2025-10-19 08:00:00+11:00,1
53,2025-10-19,12,869.0,539.0,1408.0,2025-10-19 12:00:00+11:00,1
51,2025-10-19,20,95.0,81.0,176.0,2025-10-19 20:00:00+11:00,1
51,2025-10-19,21,39.0,52.0,91.0,2025-10-19 21:00:00+11:00,1
51,2025-10-19,13,152.0,171.0,323.0,2025-10-19 13:00:00+11:00,1
5,2025-10-19,12,1540.0,1203.0,2743.0,2025-10-19 12:00:00+11:00,1
53,2025-10-19,4,10.0,11.0,21.0,2025-10-19 04:00:00+11:00,1
9,2025-10-19,16,112.0,74.0,186.0,2025-10-19 16:00:00+11:00,1
9,2025-10-19,20,45.0,52.0,97.0,2025-10-19 20:00:00+11:00,1
9,2025-10-19,21,28.0,17.0,45.0,2025-10-19 21:00:00+11:00,1
5,2025-10-19,3,47.0,73.0,120.0,2025-10-19 03:00:00+11:00,1
53,2025-10-19,3,37.0,23.0,60.0,2025-10-19 03:00:00+11:00,1
53,2025-10-19,16,467.0,477.0,944.0,2025-10-19 16:00:00+11:00,1
53,2025-10-19,2,17.0,22.0,39.0,2025-10-19 02:00:00+11:00,1
3,2025-10-19,20,837.0,698.0,1535.0,2025-10-19 20:00:00+11:00,1
5,2025-10-19,10,426.0,459.0,885.0,2025-10-19 10:00:00+11:00,1
51,2025-10-19,5,8.0,5.0,13.0,2025-10-19 05:00:00+11:00,1
3,2025-10-19,11,901.0,1015.0,1916.0,2025-10-19 11:00:00+11:00,1
53,2025-10-19,9,173.0,127.0,300.0,2025-10-19 09:00:00+11:00,1
9,2025-10-19,17,82.0,68.0,150.0,2025-10-19 17:00:00+11:00,1
3,2025-10-19,21,635.0,500.0,1135.0,2025-10-19 21:00:00+11:00,1
51,2025-10-19,0,11.0,32.0,43.0,2025-10-19 00:00:00+11:00,1
51,2025-10-19,15,166.0,153.0,319.0,2025-10-19 15:00:00+11:00,1
3,2025-10-19,7,59.0,76.0,135.0,2025-10-19 07:00:00+11:00,1
53,2025-10-19,19,138.0,159.0,297.0,2025-10-19 19:00:00+11:00,1
51,2025-10-19,1,17.0,26.0,43.0,2025-10-19 01:00:00+11:00,1
5,2025-10-19,5,15.0,33.0,48.0,2025-10-19 05:00:00+11:00,1
51,2025-10-19,16,114.0,114.0,228.0,2025-10-19 16:00:00+11:00,1
53,2025-10-19,8,65.0,55.0,120.0,2025-10-19 08:00:00+11:00,1
3,2025-10-19,2,199.0,134.0,333.0,2025-10-19 02:00:00+11:00,1
5,2025-10-19,7,63.0,74.0,137.0,2025-10-19 07:00:00+11:00,1
51,2025-10-19,3,16.0,14.0,30.0,2025-10-19 03:00:00+11:00,1
51,2025-10-19,9,51.0,78.0,129.0,2025-10-19 09:00:00+11:00,1
5,2025-10-19,15,1516.0,933.0,2449.0,2025-10-19 15:00:00+11:00,1
51,2025-10-19,7,16.0,10.0,26.0,2025-10-19 07:00:00+11:00,1
9,2025-10-19,19,40.0,36.0,76.0,2025-10-19 19:00:00+11:00,1
3,2025-10-19,10,414.0,489.0,903.0,2025-10-19 10:00:00+11:00,1
5,2025-10-19,23,99.0,106.0,205.0,2025-10-19 23:00:00+11:00,1
9,2025-10-19,5,4.0,3.0,7.0,2025-10-19 05:00:00+11:00,1
5,2025-10-19,4,20.0,22.0,42.0,2025-10-19 04:00:00+11:00,1
51,2025-10-19,8,29.0,52.0,81.0,2025-10-19 08:00:00+11:00,1
9,2025-10-19,11,57.0,120.0,177.0,2025-10-19 11:00:00+11:00,1
53,2025-10-19,11,655.0,415.0,1070.0,2025-10-19 11:00:00+11:00,1
5,2025-10-19,22,229.0,258.0,487.0,2025-10-19 22:00:00+11:00,1
9,2025-10-19,6,18.0,8.0,26.0,2025-10-19 06:00:00+11:00,1
5,2025-10-19,17,846.0,769.0,1615.0,2025-10-19 17:00:00+11:00,1
5,2025-10-19,20,390.0,398.0,788.0,2025-10-19 20:00:00+11:00,1
3,2025-10-19,5,78.0,33.0,111.0,2025-10-19 05:00:00+11:00,1
5,2025-10-19,2,61.0,75.0,136.0,2025-10-19 02:00:00+11:00,1
51,2025-10-19,18,89.0,56.0,145.0,2025-10-19 18:00:00+11:00,1
5,2025-10-19,19,450.0,502.0,952.0,2025-10-19 19:00:00+11:00,1
51,2025-10-19,23,24.0,29.0,53.0,2025-10-19 23:00:00+11:00,1
53,2025-10-19,10,349.0,291.0,640.0,2025-10-19 10:00:00+11:00,1
3,2025-10-19,0,552.0,502.0,1054.0,2025-10-19 00:00:00+11:00,1
53,2025-10-19,17,330.0,276.0,606.0,2025-10-19 17:00:00+11:00,1
9,2025-10-19,10,60.0,72.0,132.0,2025-10-19 10:00:00+11:00,1
9,2025-10-19,7,34.0,26.0,60.0,2025-10-19 07:00:00+11:00,1
9,2025-10-19,23,10.0,17.0,27.0,2025-10-19 23:00:00+11:00,1
5,2025-10-19,8,150.0,201.0,351.0,2025-10-19 08:00:00+11:00,1
53,2025-10-19,7,28.0,30.0,58.0,2025-10-19 07:00:00+11:00,1
51,2025-10-19,22,40.0,40.0,80.0,2025-10-19 22:00:00+11:00,1
3,2025-10-19,4,102.0,79.0,181.0,2025-10-19 04:00:00+11:00,1
53,2025-10-19,18,170.0,187.0,357.0,2025-10-19 18:00:00+11:00,1
3,2025-10-19,12,1177.0,1162.0,2339.0,2025-10-19 12:00:00+11:00,1
51,2025-10-19,11,140.0,123.0,263.0,2025-10-19 11:00:00+11:00,1
53,2025-10-19,23,15.0,42.0,57.0,2025-10-19 23:00:00+11:00,1
3,2025-10-19,6,37.0,40.0,77.0,2025-10-19 06:00:00+11:00,1
9,2025-10-19,13,84.0,140.0,224.0,2025-10-19 13:00:00+11:00,1
53,2025-10-19,0,58.0,71.0,129.0,2025-10-19 00:00:00+11:00,1
51,2025-10-19,10,90.0,114.0,204.0,2025-10-19 10:00:00+11:00,1
53,2025-10-19,14,663.0,570.0,1233.0,2025-10-19 14:00:00+11:00,1
3,2025-10-18,17,1349.0,1816.0,3165.0,2025-10-18 17:00:00+11:00,1
5,2025-10-18,8,204.0,204.0,408.0,2025-10-18 08:00:00+11:00,1
51,2025-10-18,12,184.0,144.0,328.0,2025-10-18 12:00:00+11:00,1
5,2025-10-18,2,54.0,77.0,131.0,2025-10-18 02:00:00+11:00,1
5,2025-10-18,16,1446.0,1296.0,2742.0,2025-10-18 16:00:00+11:00,1
53,2025-10-18,2,5.0,6.0,11.0,2025-10-18 02:00:00+11:00,1
5,2025-10-18,9,288.0,344.0,632.0,2025-10-18 09:00:00+11:00,1
3,2025-10-18,13,1231.0,1500.0,2731.0,2025-10-18 13:00:00+11:00,1
51,2025-10-18,9,91.0,86.0,177.0,2025-10-18 09:00:00+11:00,1
5,2025-10-18,18,1176.0,1577.0,2753.0,2025-10-18 18:00:00+11:00,1
53,2025-10-18,16,673.0,654.0,1327.0,2025-10-18 16:00:00+11:00,1
5,2025-10-18,0,272.0,201.0,473.0,2025-10-18 00:00:00+11:00,1
53,2025-10-18,23,104.0,153.0,257.0,2025-10-18 23:00:00+11:00,1
9,2025-10-18,20,56.0,46.0,102.0,2025-10-18 20:00:00+11:00,1
5,2025-10-18,10,556.0,513.0,1069.0,2025-10-18 10:00:00+11:00,1
3,2025-10-18,4,60.0,28.0,88.0,2025-10-18 04:00:00+11:00,1
3,2025-10-18,3,68.0,58.0,126.0,2025-10-18 03:00:00+11:00,1
3,2025-10-18,10,411.0,632.0,1043.0,2025-10-18 10:00:00+11:00,1
3,2025-10-18,14,1375.0,1655.0,3030.0,2025-10-18 14:00:00+11:00,1
53,2025-10-18,19,252.0,203.0,455.0,2025-10-18 19:00:00+11:00,1
53,2025-10-18,21,119.0,162.0,281.0,2025-10-18 21:00:00+11:00,1
51,2025-10-18,21,67.0,65.0,132.0,2025-10-18 21:00:00+11:00,1
51,2025-10-18,7,57.0,29.0,86.0,2025-10-18 07:00:00+11:00,1
51,2025-10-18,14,213.0,180.0,393.0,2025-10-18 14:00:00+11:00,1
3,2025-10-18,6,24.0,49.0,73.0,2025-10-18 06:00:00+11:00,1
51,2025-10-18,15,165.0,154.0,319.0,2025-10-18 15:00:00+11:00,1
51,2025-10-18,5,7.0,7.0,14.0,2025-10-18 05:00:00+11:00,1
9,2025-10-18,5,15.0,1.0,16.0,2025-10-18 05:00:00+11:00,1
5,2025-10-18,4,20.0,18.0,38.0,2025-10-18 04:00:00+11:00,1
3,2025-10-18,19,1278.0,1492.0,2770.0,2025-10-18 19:00:00+11:00,1
5,2025-10-18,20,924.0,1082.0,2006.0,2025-10-18 20:00:00+11:00,1
9,2025-10-18,19,76.0,74.0,150.0,2025-10-18 19:00:00+11:00,1
3,2025-10-18,21,1036.0,960.0,1996.0,2025-10-18 21:00:00+11:00,1
9,2025-10-18,1,8.0,6.0,14.0,2025-10-18 01:00:00+11:00,1
51,2025-10-18,20,88.0,78.0,166.0,2025-10-18 20:00:00+11:00,1
51,2025-10-18,6,14.0,11.0,25.0,2025-10-18 06:00:00+11:00,1
9,2025-10-18,15,100.0,99.0,199.0,2025-10-18 15:00:00+11:00,1
9,2025-10-18,3,1.0,9.0,10.0,2025-10-18 03:00:00+11:00,1
9,2025-10-18,21,45.0,41.0,86.0,2025-10-18 21:00:00+11:00,1
53,2025-10-18,22,104.0,234.0,338.0,2025-10-18 22:00:00+11:00,1
51,2025-10-18,4,7.0,8.0,15.0,2025-10-18 04:00:00+11:00,1
9,2025-10-18,16,112.0,101.0,213.0,2025-10-18 16:00:00+11:00,1
3,2025-10-18,7,55.0,70.0,125.0,2025-10-18 07:00:00+11:00,1
53,2025-10-18,11,667.0,537.0,1204.0,2025-10-18 11:00:00+11:00,1
9,2025-10-18,11,72.0,155.0,227.0,2025-10-18 11:00:00+11:00,1
51,2025-10-18,16,194.0,132.0,326.0,2025-10-18 16:00:00+11:00,1
3,2025-10-18,2,163.0,106.0,269.0,2025-10-18 02:00:00+11:00,1
5,2025-10-18,21,1472.0,949.0,2421.0,2025-10-18 21:00:00+11:00,1
9,2025-10-18,0,11.0,18.0,29.0,2025-10-18 00:00:00+11:00,1
5,2025-10-18,7,76.0,113.0,189.0,2025-10-18 07:00:00+11:00,1
53,2025-10-18,1,7.0,27.0,34.0,2025-10-18 01:00:00+11:00,1
9,2025-10-18,6,16.0,19.0,35.0,2025-10-18 06:00:00+11:00,1
9,2025-10-18,13,117.0,102.0,219.0,2025-10-18 13:00:00+11:00,1
53,2025-10-18,9,309.0,235.0,544.0,2025-10-18 09:00:00+11:00,1
5,2025-10-18,1,76.0,87.0,163.0,2025-10-18 01:00:00+11:00,1
53,2025-10-18,18,366.0,275.0,641.0,2025-10-18 18:00:00+11:00,1
5,2025-10-18,3,42.0,78.0,120.0,2025-10-18 03:00:00+11:00,1
5,2025-10-18,23,475.0,572.0,1047.0,2025-10-18 23:00:00+11:00,1
3,2025-10-18,9,232.0,289.0,521.0,2025-10-18 09:00:00+11:00,1
5,2025-10-18,22,1017.0,786.0,1803.0,2025-10-18 22:00:00+11:00,1
51,2025-10-18,1,11.0,15.0,26.0,2025-10-18 01:00:00+11:00,1
5,2025-10-18,19,1023.0,1701.0,2724.0,2025-10-18 19:00:00+11:00,1
51,2025-10-18,0,21.0,19.0,40.0,2025-10-18 00:00:00+11:00,1
51,2025-10-18,22,48.0,48.0,96.0,2025-10-18 22:00:00+11:00,1
9,2025-10-18,10,64.0,120.0,184.0,2025-10-18 10:00:00+11:00,1
5,2025-10-18,12,856.0,1153.0,2009.0,2025-10-18 12:00:00+11:00,1
3,2025-10-18,15,1352.0,1644.0,2996.0,2025-10-18 15:00:00+11:00,1
53,2025-10-18,13,772.0,625.0,1397.0,2025-10-18 13:00:00+11:00,1
53,2025-10-18,3,18.0,11.0,29.0,2025-10-18 03:00:00+11:00,1
3,2025-10-18,23,1130.0,700.0,1830.0,2025-10-18 23:00:00+11:00,1
51,2025-10-18,17,117.0,81.0,198.0,2025-10-18 17:00:00+11:00,1
5,2025-10-18,14,970.0,1148.0,2118.0,2025-10-18 14:00:00+11:00,1
5,2025-10-18,13,934.0,1430.0,2364.0,2025-10-18 13:00:00+11:00,1
53,2025-10-18,6,65.0,20.0,85.0,2025-10-18 06:00:00+11:00,1
3,2025-10-18,5,32.0,20.0,52.0,2025-10-18 05:00:00+11:00,1
51,2025-10-18,13,139.0,215.0,354.0,2025-10-18 13:00:00+11:00,1
9,2025-10-18,9,64.0,98.0,162.0,2025-10-18 09:00:00+11:00,1
9,2025-10-18,23,37.0,29.0,66.0,2025-10-18 23:00:00+11:00,1
51,2025-10-18,11,158.0,203.0,361.0,2025-10-18 11:00:00+11:00,1
5,2025-10-18,15,1265.0,1191.0,2456.0,2025-10-18 15:00:00+11:00,1
5,2025-10-18,11,645.0,907.0,1552.0,2025-10-18 11:00:00+11:00,1
9,2025-10-18,4,2.0,4.0,6.0,2025-10-18 04:00:00+11:00,1
51,2025-10-18,2,9.0,10.0,19.0,2025-10-18 02:00:00+11:00,1
53,2025-10-18,5,9.0,9.0,18.0,2025-10-18 05:00:00+11:00,1
53,2025-10-18,17,659.0,534.0,1193.0,2025-10-18 17:00:00+11:00,1
3,2025-10-18,11,693.0,858.0,1551.0,2025-10-18 11:00:00+11:00,1
9,2025-10-18,8,19.0,24.0,43.0,2025-10-18 08:00:00+11:00,1
53,2025-10-18,12,788.0,621.0,1409.0,2025-10-18 12:00:00+11:00,1
51,2025-10-18,3,6.0,7.0,13.0,2025-10-18 03:00:00+11:00,1
51,2025-10-18,18,110.0,103.0,213.0,2025-10-18 18:00:00+11:00,1
5,2025-10-18,17,1510.0,1488.0,2998.0,2025-10-18 17:00:00+11:00,1
51,2025-10-18,10,115.0,120.0,235.0,2025-10-18 10:00:00+11:00,1
51,2025-10-18,19,103.0,86.0,189.0,2025-10-18 19:00:00+11:00,1
53,2025-10-18,7,57.0,67.0,124.0,2025-10-18 07:00:00+11:00,1
53,2025-10-18,0,44.0,73.0,117.0,2025-10-18 00:00:00+11:00,1
51,2025-10-18,8,38.0,48.0,86.0,2025-10-18 08:00:00+11:00,1
53,2025-10-18,14,799.0,667.0,1466.0,2025-10-18 14:00:00+11:00,1
3,2025-10-18,1,242.0,169.0,411.0,2025-10-18 01:00:00+11:00,1
9,2025-10-18,17,149.0,202.0,351.0,2025-10-18 17:00:00+11:00,1
9,2025-10-18,7,20.0,29.0,49.0,2025-10-18 07:00:00+11:00,1
3,2025-10-18,18,1307.0,1633.0,2940.0,2025-10-18 18:00:00+11:00,1
53,2025-10-18,15,895.0,710.0,1605.0,2025-10-18 15:00:00+11:00,1
3,2025-10-18,22,814.0,966.0,1780.0,2025-10-18 22:00:00+11:00,1
3,2025-10-18,20,1351.0,1185.0,2536.0,2025-10-18 20:00:00+11:00,1
3,2025-10-18,16,1395.0,1616.0,3011.0,2025-10-18 16:00:00+11:00,1
5,2025-10-18,5,19.0,26.0,45.0,2025-10-18 05:00:00+11:00,1
51,2025-10-18,23,50.0,45.0,95.0,2025-10-18 23:00:00+11:00,1
9,2025-10-18,22,87.0,61.0,148.0,2025-10-18 22:00:00+11:00,1
3,2025-10-18,0,375.0,398.0,773.0,2025-10-18 00:00:00+11:00,1
9,2025-10-18,2,2.0,19.0,21.0,2025-10-18 02:00:00+11:00,1
53,2025-10-18,4,2.0,4.0,6.0,2025-10-18 04:00:00+11:00,1
53,2025-10-18,8,128.0,89.0,217.0,2025-10-18 08:00:00+11:00,1
9,2025-10-18,12,76.0,110.0,186.0,2025-10-18 12:00:00+11:00,1
53,2025-10-18,20,207.0,247.0,454.0,2025-10-18 20:00:00+11:00,1
5,2025-10-18,6,51.0,91.0,142.0,2025-10-18 06:00:00+11:00,1
3,2025-10-18,8,130.0,128.0,258.0,2025-10-18 08:00:00+11:00,1
9,2025-10-18,18,104.0,174.0,278.0,2025-10-18 18:00:00+11:00,1
3,2025-10-18,12,942.0,1205.0,2147.0,2025-10-18 12:00:00+11:00,1
53,2025-10-18,10,467.0,354.0,821.0,2025-10-18 10:00:00+11:00,1
9,2025-10-18,14,86.0,92.0,178.0,2025-10-18 14:00:00+11:00,1
51,2025-10-17,20,87.0,88.0,175.0,2025-10-17 20:00:00+11:00,1
3,2025-10-17,9,294.0,343.0,637.0,2025-10-17 09:00:00+11:00,1
5,2025-10-17,4,30.0,7.0,37.0,2025-10-17 04:00:00+11:00,1
53,2025-10-17,10,505.0,415.0,920.0,2025-10-17 10:00:00+11:00,1
3,2025-10-17,2,64.0,52.0,116.0,2025-10-17 02:00:00+11:00,1
51,2025-10-17,4,6.0,0.0,6.0,2025-10-17 04:00:00+11:00,1
9,2025-10-17,21,69.0,58.0,127.0,2025-10-17 21:00:00+11:00,1
9,2025-10-17,14,421.0,194.0,615.0,2025-10-17 14:00:00+11:00,1
51,2025-10-17,6,55.0,27.0,82.0,2025-10-17 06:00:00+11:00,1
5,2025-10-17,13,616.0,701.0,1317.0,2025-10-17 13:00:00+11:00,1
53,2025-10-17,5,4.0,9.0,13.0,2025-10-17 05:00:00+11:00,1
53,2025-10-17,12,795.0,644.0,1439.0,2025-10-17 12:00:00+11:00,1
3,2025-10-17,4,26.0,19.0,45.0,2025-10-17 04:00:00+11:00,1
5,2025-10-17,23,418.0,412.0,830.0,2025-10-17 23:00:00+11:00,1
53,2025-10-17,1,10.0,30.0,40.0,2025-10-17 01:00:00+11:00,1
53,2025-10-17,8,313.0,236.0,549.0,2025-10-17 08:00:00+11:00,1
9,2025-10-17,19,184.0,86.0,270.0,2025-10-17 19:00:00+11:00,1
9,2025-10-17,5,23.0,36.0,59.0,2025-10-17 05:00:00+11:00,1
51,2025-10-17,1,21.0,3.0,24.0,2025-10-17 01:00:00+11:00,1
53,2025-10-17,0,24.0,36.0,60.0,2025-10-17 00:00:00+11:00,1
9,2025-10-17,13,425.0,389.0,814.0,2025-10-17 13:00:00+11:00,1
3,2025-10-17,19,1211.0,1365.0,2576.0,2025-10-17 19:00:00+11:00,1
5,2025-10-17,0,126.0,86.0,212.0,2025-10-17 00:00:00+11:00,1
3,2025-10-17,5,17.0,28.0,45.0,2025-10-17 05:00:00+11:00,1
53,2025-10-17,15,579.0,520.0,1099.0,2025-10-17 15:00:00+11:00,1
53,2025-10-17,17,688.0,474.0,1162.0,2025-10-17 17:00:00+11:00,1
3,2025-10-17,10,448.0,484.0,932.0,2025-10-17 10:00:00+11:00,1
9,2025-10-17,1,3.0,6.0,9.0,2025-10-17 01:00:00+11:00,1
3,2025-10-17,1,103.0,81.0,184.0,2025-10-17 01:00:00+11:00,1
3,2025-10-17,15,997.0,1208.0,2205.0,2025-10-17 15:00:00+11:00,1
53,2025-10-17,20,228.0,319.0,547.0,2025-10-17 20:00:00+11:00,1
5,2025-10-17,2,28.0,24.0,52.0,2025-10-17 02:00:00+11:00,1
9,2025-10-17,4,9.0,4.0,13.0,2025-10-17 04:00:00+11:00,1
3,2025-10-17,20,1216.0,1252.0,2468.0,2025-10-17 20:00:00+11:00,1
9,2025-10-17,2,6.0,2.0,8.0,2025-10-17 02:00:00+11:00,1
51,2025-10-17,21,65.0,71.0,136.0,2025-10-17 21:00:00+11:00,1
9,2025-10-17,6,31.0,213.0,244.0,2025-10-17 06:00:00+11:00,1
53,2025-10-17,6,28.0,22.0,50.0,2025-10-17 06:00:00+11:00,1
3,2025-10-17,11,643.0,759.0,1402.0,2025-10-17 11:00:00+11:00,1
53,2025-10-17,3,6.0,4.0,10.0,2025-10-17 03:00:00+11:00,1
5,2025-10-17,18,1003.0,1452.0,2455.0,2025-10-17 18:00:00+11:00,1
9,2025-10-17,23,31.0,24.0,55.0,2025-10-17 23:00:00+11:00,1
9,2025-10-17,9,101.0,990.0,1091.0,2025-10-17 09:00:00+11:00,1
51,2025-10-17,15,110.0,123.0,233.0,2025-10-17 15:00:00+11:00,1
53,2025-10-17,13,761.0,718.0,1479.0,2025-10-17 13:00:00+11:00,1
53,2025-10-17,4,3.0,2.0,5.0,2025-10-17 04:00:00+11:00,1
53,2025-10-17,18,541.0,340.0,881.0,2025-10-17 18:00:00+11:00,1
3,2025-10-17,16,1098.0,1311.0,2409.0,2025-10-17 16:00:00+11:00,1
9,2025-10-17,17,1186.0,124.0,1310.0,2025-10-17 17:00:00+11:00,1
51,2025-10-17,23,50.0,59.0,109.0,2025-10-17 23:00:00+11:00,1
3,2025-10-17,3,54.0,27.0,81.0,2025-10-17 03:00:00+11:00,1
3,2025-10-17,18,1175.0,1530.0,2705.0,2025-10-17 18:00:00+11:00,1
51,2025-10-17,18,131.0,124.0,255.0,2025-10-17 18:00:00+11:00,1
9,2025-10-17,0,4.0,13.0,17.0,2025-10-17 00:00:00+11:00,1
9,2025-10-17,7,69.0,649.0,718.0,2025-10-17 07:00:00+11:00,1
51,2025-10-17,8,59.0,63.0,122.0,2025-10-17 08:00:00+11:00,1
5,2025-10-17,1,32.0,36.0,68.0,2025-10-17 01:00:00+11:00,1
5,2025-10-17,15,828.0,784.0,1612.0,2025-10-17 15:00:00+11:00,1
5,2025-10-17,22,938.0,851.0,1789.0,2025-10-17 22:00:00+11:00,1
51,2025-10-17,10,99.0,102.0,201.0,2025-10-17 10:00:00+11:00,1
9,2025-10-17,18,453.0,109.0,562.0,2025-10-17 18:00:00+11:00,1
3,2025-10-17,13,1003.0,1076.0,2079.0,2025-10-17 13:00:00+11:00,1
3,2025-10-17,12,972.0,1062.0,2034.0,2025-10-17 12:00:00+11:00,1
53,2025-10-17,23,77.0,76.0,153.0,2025-10-17 23:00:00+11:00,1
51,2025-10-17,2,5.0,2.0,7.0,2025-10-17 02:00:00+11:00,1
5,2025-10-17,6,76.0,223.0,299.0,2025-10-17 06:00:00+11:00,1
53,2025-10-17,7,115.0,81.0,196.0,2025-10-17 07:00:00+11:00,1
5,2025-10-17,5,42.0,58.0,100.0,2025-10-17 05:00:00+11:00,1
51,2025-10-17,14,153.0,152.0,305.0,2025-10-17 14:00:00+11:00,1
53,2025-10-17,9,375.0,288.0,663.0,2025-10-17 09:00:00+11:00,1
9,2025-10-17,11,246.0,239.0,485.0,2025-10-17 11:00:00+11:00,1
51,2025-10-17,19,122.0,107.0,229.0,2025-10-17 19:00:00+11:00,1
9,2025-10-17,3,10.0,1.0,11.0,2025-10-17 03:00:00+11:00,1
51,2025-10-17,9,74.0,78.0,152.0,2025-10-17 09:00:00+11:00,1
3,2025-10-17,17,1280.0,1490.0,2770.0,2025-10-17 17:00:00+11:00,1
3,2025-10-17,8,202.0,254.0,456.0,2025-10-17 08:00:00+11:00,1
51,2025-10-17,5,12.0,14.0,26.0,2025-10-17 05:00:00+11:00,1
51,2025-10-17,16,74.0,84.0,158.0,2025-10-17 16:00:00+11:00,1
53,2025-10-17,16,613.0,492.0,1105.0,2025-10-17 16:00:00+11:00,1
9,2025-10-17,16,1232.0,109.0,1341.0,2025-10-17 16:00:00+11:00,1
5,2025-10-17,12,655.0,779.0,1434.0,2025-10-17 12:00:00+11:00,1
51,2025-10-17,11,125.0,105.0,230.0,2025-10-17 11:00:00+11:00,1
5,2025-10-17,17,1267.0,1178.0,2445.0,2025-10-17 17:00:00+11:00,1
53,2025-10-17,2,3.0,17.0,20.0,2025-10-17 02:00:00+11:00,1
3,2025-10-17,14,992.0,1155.0,2147.0,2025-10-17 14:00:00+11:00,1
51,2025-10-17,7,41.0,41.0,82.0,2025-10-17 07:00:00+11:00,1
3,2025-10-17,6,35.0,66.0,101.0,2025-10-17 06:00:00+11:00,1
9,2025-10-17,10,167.0,389.0,556.0,2025-10-17 10:00:00+11:00,1
51,2025-10-17,22,45.0,53.0,98.0,2025-10-17 22:00:00+11:00,1
51,2025-10-17,13,174.0,126.0,300.0,2025-10-17 13:00:00+11:00,1
53,2025-10-17,11,712.0,483.0,1195.0,2025-10-17 11:00:00+11:00,1
9,2025-10-17,22,58.0,69.0,127.0,2025-10-17 22:00:00+11:00,1
3,2025-10-17,23,720.0,547.0,1267.0,2025-10-17 23:00:00+11:00,1
3,2025-10-17,22,957.0,786.0,1743.0,2025-10-17 22:00:00+11:00,1
51,2025-10-17,0,15.0,12.0,27.0,2025-10-17 00:00:00+11:00,1
9,2025-10-17,8,68.0,1836.0,1904.0,2025-10-17 08:00:00+11:00,1
53,2025-10-17,19,424.0,226.0,650.0,2025-10-17 19:00:00+11:00,1
3,2025-10-17,21,1236.0,1144.0,2380.0,2025-10-17 21:00:00+11:00,1
53,2025-10-17,22,95.0,178.0,273.0,2025-10-17 22:00:00+11:00,1
51,2025-10-17,17,128.0,108.0,236.0,2025-10-17 17:00:00+11:00,1
3,2025-10-17,7,67.0,118.0,185.0,2025-10-17 07:00:00+11:00,1
51,2025-10-17,12,153.0,141.0,294.0,2025-10-17 12:00:00+11:00,1
9,2025-10-17,20,119.0,68.0,187.0,2025-10-17 20:00:00+11:00,1
5,2025-10-17,20,731.0,1065.0,1796.0,2025-10-17 20:00:00+11:00,1
5,2025-10-17,16,873.0,854.0,1727.0,2025-10-17 16:00:00+11:00,1
5,2025-10-17,9,346.0,500.0,846.0,2025-10-17 09:00:00+11:00,1
5,2025-10-17,11,482.0,635.0,1117.0,2025-10-17 11:00:00+11:00,1
9,2025-10-17,12,539.0,510.0,1049.0,2025-10-17 12:00:00+11:00,1
53,2025-10-17,21,141.0,195.0,336.0,2025-10-17 21:00:00+11:00,1
5,2025-10-17,10,411.0,541.0,952.0,2025-10-17 10:00:00+11:00,1
5,2025-10-17,19,802.0,1245.0,2047.0,2025-10-17 19:00:00+11:00,1
5,2025-10-17,21,1424.0,1004.0,2428.0,2025-10-17 21:00:00+11:00,1
5,2025-10-17,7,209.0,330.0,539.0,2025-10-17 07:00:00+11:00,1
53,2025-10-17,14,716.0,564.0,1280.0,2025-10-17 14:00:00+11:00,1
5,2025-10-17,14,819.0,819.0,1638.0,2025-10-17 14:00:00+11:00,1
3,2025-10-17,0,152.0,166.0,318.0,2025-10-17 00:00:00+11:00,1
51,2025-10-17,3,10.0,6.0,16.0,2025-10-17 03:00:00+11:00,1
5,2025-10-17,3,27.0,17.0,44.0,2025-10-17 03:00:00+11:00,1
9,2025-10-17,15,633.0,129.0,762.0,2025-10-17 15:00:00+11:00,1
5,2025-10-17,8,298.0,642.0,940.0,2025-10-17 08:00:00+11:00,1
5,2025-10-16,21,901.0,481.0,1382.0,2025-10-16 21:00:00+11:00,1
5,2025-10-16,14,768.0,665.0,1433.0,2025-10-16 14:00:00+11:00,1
53,2025-10-16,4,3.0,2.0,5.0,2025-10-16 04:00:00+11:00,1
53,2025-10-16,6,26.0,22.0,48.0,2025-10-16 06:00:00+11:00,1
9,2025-10-16,8,148.0,3163.0,3311.0,2025-10-16 08:00:00+11:00,1
9,2025-10-16,9,153.0,2015.0,2168.0,2025-10-16 09:00:00+11:00,1
9,2025-10-16,2,1.0,3.0,4.0,2025-10-16 02:00:00+11:00,1
51,2025-10-16,14,138.0,105.0,243.0,2025-10-16 14:00:00+11:00,1
51,2025-10-16,2,0.0,1.0,1.0,2025-10-16 02:00:00+11:00,1
9,2025-10-16,0,6.0,9.0,15.0,2025-10-16 00:00:00+11:00,1
53,2025-10-16,15,652.0,482.0,1134.0,2025-10-16 15:00:00+11:00,1
5,2025-10-16,11,470.0,589.0,1059.0,2025-10-16 11:00:00+11:00,1
3,2025-10-16,19,1033.0,1015.0,2048.0,2025-10-16 19:00:00+11:00,1
3,2025-10-16,23,379.0,356.0,735.0,2025-10-16 23:00:00+11:00,1
5,2025-10-16,20,544.0,643.0,1187.0,2025-10-16 20:00:00+11:00,1
3,2025-10-16,10,404.0,461.0,865.0,2025-10-16 10:00:00+11:00,1
5,2025-10-16,10,318.0,573.0,891.0,2025-10-16 10:00:00+11:00,1
53,2025-10-16,1,5.0,10.0,15.0,2025-10-16 01:00:00+11:00,1
53,2025-10-16,5,8.0,9.0,17.0,2025-10-16 05:00:00+11:00,1
9,2025-10-16,12,758.0,679.0,1437.0,2025-10-16 12:00:00+11:00,1
3,2025-10-16,22,533.0,495.0,1028.0,2025-10-16 22:00:00+11:00,1
51,2025-10-16,11,101.0,113.0,214.0,2025-10-16 11:00:00+11:00,1
51,2025-10-16,18,95.0,102.0,197.0,2025-10-16 18:00:00+11:00,1
53,2025-10-16,10,438.0,355.0,793.0,2025-10-16 10:00:00+11:00,1
53,2025-10-16,17,696.0,500.0,1196.0,2025-10-16 17:00:00+11:00,1
9,2025-10-16,5,22.0,29.0,51.0,2025-10-16 05:00:00+11:00,1
5,2025-10-16,7,222.0,474.0,696.0,2025-10-16 07:00:00+11:00,1
51,2025-10-16,17,125.0,123.0,248.0,2025-10-16 17:00:00+11:00,1
9,2025-10-16,21,93.0,27.0,120.0,2025-10-16 21:00:00+11:00,1
5,2025-10-16,17,1251.0,1295.0,2546.0,2025-10-16 17:00:00+11:00,1
51,2025-10-16,22,34.0,36.0,70.0,2025-10-16 22:00:00+11:00,1
5,2025-10-16,4,35.0,10.0,45.0,2025-10-16 04:00:00+11:00,1
53,2025-10-16,23,26.0,61.0,87.0,2025-10-16 23:00:00+11:00,1
51,2025-10-16,10,126.0,88.0,214.0,2025-10-16 10:00:00+11:00,1
3,2025-10-16,14,881.0,966.0,1847.0,2025-10-16 14:00:00+11:00,1
51,2025-10-16,13,156.0,147.0,303.0,2025-10-16 13:00:00+11:00,1
53,2025-10-16,21,107.0,193.0,300.0,2025-10-16 21:00:00+11:00,1
5,2025-10-16,3,25.0,8.0,33.0,2025-10-16 03:00:00+11:00,1
51,2025-10-16,0,20.0,17.0,37.0,2025-10-16 00:00:00+11:00,1
53,2025-10-16,11,597.0,480.0,1077.0,2025-10-16 11:00:00+11:00,1
9,2025-10-16,1,3.0,5.0,8.0,2025-10-16 01:00:00+11:00,1
51,2025-10-16,7,51.0,45.0,96.0,2025-10-16 07:00:00+11:00,1
3,2025-10-16,5,11.0,35.0,46.0,2025-10-16 05:00:00+11:00,1
3,2025-10-16,13,1149.0,1203.0,2352.0,2025-10-16 13:00:00+11:00,1
51,2025-10-16,23,18.0,22.0,40.0,2025-10-16 23:00:00+11:00,1
9,2025-10-16,3,0.0,3.0,3.0,2025-10-16 03:00:00+11:00,1
9,2025-10-16,19,205.0,89.0,294.0,2025-10-16 19:00:00+11:00,1
9,2025-10-16,23,32.0,18.0,50.0,2025-10-16 23:00:00+11:00,1
3,2025-10-16,18,1092.0,1120.0,2212.0,2025-10-16 18:00:00+11:00,1
53,2025-10-16,19,238.0,174.0,412.0,2025-10-16 19:00:00+11:00,1
5,2025-10-16,1,19.0,41.0,60.0,2025-10-16 01:00:00+11:00,1
3,2025-10-16,12,905.0,1253.0,2158.0,2025-10-16 12:00:00+11:00,1
5,2025-10-16,19,677.0,1194.0,1871.0,2025-10-16 19:00:00+11:00,1
9,2025-10-16,10,214.0,670.0,884.0,2025-10-16 10:00:00+11:00,1
9,2025-10-16,13,553.0,512.0,1065.0,2025-10-16 13:00:00+11:00,1
5,2025-10-16,9,334.0,645.0,979.0,2025-10-16 09:00:00+11:00,1
5,2025-10-16,2,27.0,22.0,49.0,2025-10-16 02:00:00+11:00,1
3,2025-10-16,15,901.0,1084.0,1985.0,2025-10-16 15:00:00+11:00,1
51,2025-10-16,4,1.0,2.0,3.0,2025-10-16 04:00:00+11:00,1
51,2025-10-16,3,4.0,1.0,5.0,2025-10-16 03:00:00+11:00,1
5,2025-10-16,16,930.0,805.0,1735.0,2025-10-16 16:00:00+11:00,1
53,2025-10-16,14,571.0,556.0,1127.0,2025-10-16 14:00:00+11:00,1
51,2025-10-16,15,101.0,133.0,234.0,2025-10-16 15:00:00+11:00,1
51,2025-10-16,5,9.0,15.0,24.0,2025-10-16 05:00:00+11:00,1
3,2025-10-16,9,265.0,386.0,651.0,2025-10-16 09:00:00+11:00,1
3,2025-10-16,0,130.0,115.0,245.0,2025-10-16 00:00:00+11:00,1
9,2025-10-16,7,53.0,1138.0,1191.0,2025-10-16 07:00:00+11:00,1
3,2025-10-16,16,993.0,1173.0,2166.0,2025-10-16 16:00:00+11:00,1
53,2025-10-16,3,1.0,2.0,3.0,2025-10-16 03:00:00+11:00,1
5,2025-10-16,18,921.0,1246.0,2167.0,2025-10-16 18:00:00+11:00,1
5,2025-10-16,8,420.0,873.0,1293.0,2025-10-16 08:00:00+11:00,1
3,2025-10-16,11,605.0,736.0,1341.0,2025-10-16 11:00:00+11:00,1
3,2025-10-16,6,20.0,75.0,95.0,2025-10-16 06:00:00+11:00,1
9,2025-10-16,15,974.0,147.0,1121.0,2025-10-16 15:00:00+11:00,1
3,2025-10-16,20,968.0,1048.0,2016.0,2025-10-16 20:00:00+11:00,1
5,2025-10-16,0,87.0,87.0,174.0,2025-10-16 00:00:00+11:00,1
9,2025-10-16,11,320.0,393.0,713.0,2025-10-16 11:00:00+11:00,1
53,2025-10-16,7,144.0,101.0,245.0,2025-10-16 07:00:00+11:00,1
9,2025-10-16,16,2402.0,166.0,2568.0,2025-10-16 16:00:00+11:00,1
9,2025-10-16,17,2554.0,149.0,2703.0,2025-10-16 17:00:00+11:00,1
3,2025-10-16,3,29.0,15.0,44.0,2025-10-16 03:00:00+11:00,1
9,2025-10-16,4,4.0,2.0,6.0,2025-10-16 04:00:00+11:00,1
9,2025-10-16,18,732.0,111.0,843.0,2025-10-16 18:00:00+11:00,1
5,2025-10-16,12,771.0,791.0,1562.0,2025-10-16 12:00:00+11:00,1
51,2025-10-16,21,57.0,60.0,117.0,2025-10-16 21:00:00+11:00,1
5,2025-10-16,13,740.0,715.0,1455.0,2025-10-16 13:00:00+11:00,1
3,2025-10-16,17,1227.0,1373.0,2600.0,2025-10-16 17:00:00+11:00,1
5,2025-10-16,5,40.0,60.0,100.0,2025-10-16 05:00:00+11:00,1
3,2025-10-16,8,243.0,320.0,563.0,2025-10-16 08:00:00+11:00,1
5,2025-10-16,23,1009.0,195.0,1204.0,2025-10-16 23:00:00+11:00,1
3,2025-10-16,7,120.0,170.0,290.0,2025-10-16 07:00:00+11:00,1
3,2025-10-16,4,16.0,19.0,35.0,2025-10-16 04:00:00+11:00,1
3,2025-10-16,21,849.0,679.0,1528.0,2025-10-16 21:00:00+11:00,1
53,2025-10-16,18,436.0,295.0,731.0,2025-10-16 18:00:00+11:00,1
9,2025-10-16,22,59.0,39.0,98.0,2025-10-16 22:00:00+11:00,1
53,2025-10-16,13,872.0,717.0,1589.0,2025-10-16 13:00:00+11:00,1
53,2025-10-16,22,87.0,115.0,202.0,2025-10-16 22:00:00+11:00,1
51,2025-10-16,19,53.0,66.0,119.0,2025-10-16 19:00:00+11:00,1
51,2025-10-16,8,60.0,61.0,121.0,2025-10-16 08:00:00+11:00,1
53,2025-10-16,8,362.0,274.0,636.0,2025-10-16 08:00:00+11:00,1
53,2025-10-16,12,879.0,684.0,1563.0,2025-10-16 12:00:00+11:00,1
51,2025-10-16,12,145.0,144.0,289.0,2025-10-16 12:00:00+11:00,1
3,2025-10-16,1,94.0,57.0,151.0,2025-10-16 01:00:00+11:00,1
51,2025-10-16,9,117.0,118.0,235.0,2025-10-16 09:00:00+11:00,1
53,2025-10-16,20,165.0,136.0,301.0,2025-10-16 20:00:00+11:00,1
53,2025-10-16,0,13.0,12.0,25.0,2025-10-16 00:00:00+11:00,1
51,2025-10-16,16,91.0,126.0,217.0,2025-10-16 16:00:00+11:00,1
51,2025-10-16,20,77.0,72.0,149.0,2025-10-16 20:00:00+11:00,1
9,2025-10-16,14,546.0,304.0,850.0,2025-10-16 14:00:00+11:00,1
9,2025-10-16,6,42.0,240.0,282.0,2025-10-16 06:00:00+11:00,1
5,2025-10-16,6,86.0,227.0,313.0,2025-10-16 06:00:00+11:00,1
51,2025-10-16,1,5.0,6.0,11.0,2025-10-16 01:00:00+11:00,1
51,2025-10-16,6,42.0,21.0,63.0,2025-10-16 06:00:00+11:00,1
53,2025-10-16,9,348.0,295.0,643.0,2025-10-16 09:00:00+11:00,1
9,2025-10-16,20,131.0,79.0,210.0,2025-10-16 20:00:00+11:00,1
5,2025-10-16,15,801.0,803.0,1604.0,2025-10-16 15:00:00+11:00,1
53,2025-10-16,2,6.0,4.0,10.0,2025-10-16 02:00:00+11:00,1
53,2025-10-16,16,533.0,482.0,1015.0,2025-10-16 16:00:00+11:00,1
3,2025-10-16,2,30.0,30.0,60.0,2025-10-16 02:00:00+11:00,1
5,2025-10-16,22,769.0,416.0,1185.0,2025-10-16 22:00:00+11:00,1
3,2025-10-15,11,596.0,786.0,1382.0,2025-10-15 11:00:00+11:00,1
53,2025-10-15,14,717.0,601.0,1318.0,2025-10-15 14:00:00+11:00,1
5,2025-10-15,10,394.0,543.0,937.0,2025-10-15 10:00:00+11:00,1
5,2025-10-15,18,1026.0,1118.0,2144.0,2025-10-15 18:00:00+11:00,1
5,2025-10-15,17,1486.0,1188.0,2674.0,2025-10-15 17:00:00+11:00,1
3,2025-10-15,20,892.0,850.0,1742.0,2025-10-15 20:00:00+11:00,1
51,2025-10-15,21,70.0,61.0,131.0,2025-10-15 21:00:00+11:00,1
3,2025-10-15,0,149.0,98.0,247.0,2025-10-15 00:00:00+11:00,1
53,2025-10-15,20,115.0,200.0,315.0,2025-10-15 20:00:00+11:00,1
3,2025-10-15,9,295.0,369.0,664.0,2025-10-15 09:00:00+11:00,1
3,2025-10-15,2,55.0,35.0,90.0,2025-10-15 02:00:00+11:00,1
51,2025-10-15,12,139.0,130.0,269.0,2025-10-15 12:00:00+11:00,1
3,2025-10-15,15,1029.0,1077.0,2106.0,2025-10-15 15:00:00+11:00,1
9,2025-10-15,14,559.0,244.0,803.0,2025-10-15 14:00:00+11:00,1
3,2025-10-15,10,383.0,495.0,878.0,2025-10-15 10:00:00+11:00,1
9,2025-10-15,5,19.0,33.0,52.0,2025-10-15 05:00:00+11:00,1
5,2025-10-15,23,161.0,208.0,369.0,2025-10-15 23:00:00+11:00,1
9,2025-10-15,10,213.0,624.0,837.0,2025-10-15 10:00:00+11:00,1
51,2025-10-15,7,49.0,39.0,88.0,2025-10-15 07:00:00+11:00,1
9,2025-10-15,0,5.0,3.0,8.0,2025-10-15 00:00:00+11:00,1
51,2025-10-15,5,10.0,6.0,16.0,2025-10-15 05:00:00+11:00,1
53,2025-10-15,3,2.0,1.0,3.0,2025-10-15 03:00:00+11:00,1
9,2025-10-15,12,740.0,595.0,1335.0,2025-10-15 12:00:00+11:00,1
9,2025-10-15,8,108.0,3168.0,3276.0,2025-10-15 08:00:00+11:00,1
53,2025-10-15,8,390.0,265.0,655.0,2025-10-15 08:00:00+11:00,1
9,2025-10-15,3,1.0,1.0,2.0,2025-10-15 03:00:00+11:00,1
53,2025-10-15,9,350.0,351.0,701.0,2025-10-15 09:00:00+11:00,1
51,2025-10-15,9,126.0,75.0,201.0,2025-10-15 09:00:00+11:00,1
5,2025-10-15,12,712.0,1005.0,1717.0,2025-10-15 12:00:00+11:00,1
3,2025-10-15,3,19.0,14.0,33.0,2025-10-15 03:00:00+11:00,1
51,2025-10-15,0,17.0,11.0,28.0,2025-10-15 00:00:00+11:00,1
53,2025-10-15,6,28.0,42.0,70.0,2025-10-15 06:00:00+11:00,1
5,2025-10-15,9,338.0,783.0,1121.0,2025-10-15 09:00:00+11:00,1
51,2025-10-15,2,9.0,7.0,16.0,2025-10-15 02:00:00+11:00,1
51,2025-10-15,13,120.0,122.0,242.0,2025-10-15 13:00:00+11:00,1
51,2025-10-15,20,103.0,91.0,194.0,2025-10-15 20:00:00+11:00,1
53,2025-10-15,11,581.0,486.0,1067.0,2025-10-15 11:00:00+11:00,1
53,2025-10-15,17,667.0,504.0,1171.0,2025-10-15 17:00:00+11:00,1
53,2025-10-15,13,867.0,739.0,1606.0,2025-10-15 13:00:00+11:00,1
9,2025-10-15,2,5.0,2.0,7.0,2025-10-15 02:00:00+11:00,1
53,2025-10-15,19,262.0,217.0,479.0,2025-10-15 19:00:00+11:00,1
5,2025-10-15,20,669.0,490.0,1159.0,2025-10-15 20:00:00+11:00,1
51,2025-10-15,18,97.0,125.0,222.0,2025-10-15 18:00:00+11:00,1
5,2025-10-15,6,79.0,298.0,377.0,2025-10-15 06:00:00+11:00,1
9,2025-10-15,16,2217.0,110.0,2327.0,2025-10-15 16:00:00+11:00,1
51,2025-10-15,1,18.0,13.0,31.0,2025-10-15 01:00:00+11:00,1
51,2025-10-15,8,55.0,63.0,118.0,2025-10-15 08:00:00+11:00,1
3,2025-10-15,4,14.0,14.0,28.0,2025-10-15 04:00:00+11:00,1
53,2025-10-15,0,23.0,23.0,46.0,2025-10-15 00:00:00+11:00,1
9,2025-10-15,11,298.0,305.0,603.0,2025-10-15 11:00:00+11:00,1
51,2025-10-15,16,105.0,131.0,236.0,2025-10-15 16:00:00+11:00,1
3,2025-10-15,14,986.0,1093.0,2079.0,2025-10-15 14:00:00+11:00,1
53,2025-10-15,23,30.0,63.0,93.0,2025-10-15 23:00:00+11:00,1
5,2025-10-15,19,749.0,860.0,1609.0,2025-10-15 19:00:00+11:00,1
5,2025-10-15,5,43.0,71.0,114.0,2025-10-15 05:00:00+11:00,1
5,2025-10-15,13,751.0,981.0,1732.0,2025-10-15 13:00:00+11:00,1
51,2025-10-15,3,3.0,4.0,7.0,2025-10-15 03:00:00+11:00,1
51,2025-10-15,22,52.0,41.0,93.0,2025-10-15 22:00:00+11:00,1
3,2025-10-15,17,1328.0,1435.0,2763.0,2025-10-15 17:00:00+11:00,1
53,2025-10-15,4,2.0,5.0,7.0,2025-10-15 04:00:00+11:00,1
9,2025-10-15,21,68.0,34.0,102.0,2025-10-15 21:00:00+11:00,1
9,2025-10-15,15,938.0,157.0,1095.0,2025-10-15 15:00:00+11:00,1
9,2025-10-15,23,26.0,31.0,57.0,2025-10-15 23:00:00+11:00,1
5,2025-10-15,0,31.0,56.0,87.0,2025-10-15 00:00:00+11:00,1
5,2025-10-15,14,747.0,753.0,1500.0,2025-10-15 14:00:00+11:00,1
3,2025-10-15,16,1116.0,1184.0,2300.0,2025-10-15 16:00:00+11:00,1
5,2025-10-15,7,221.0,468.0,689.0,2025-10-15 07:00:00+11:00,1
53,2025-10-15,15,598.0,480.0,1078.0,2025-10-15 15:00:00+11:00,1
51,2025-10-15,11,112.0,106.0,218.0,2025-10-15 11:00:00+11:00,1
9,2025-10-15,6,34.0,327.0,361.0,2025-10-15 06:00:00+11:00,1
5,2025-10-15,21,854.0,413.0,1267.0,2025-10-15 21:00:00+11:00,1
9,2025-10-15,1,3.0,2.0,5.0,2025-10-15 01:00:00+11:00,1
53,2025-10-15,18,452.0,288.0,740.0,2025-10-15 18:00:00+11:00,1
3,2025-10-15,12,1053.0,1209.0,2262.0,2025-10-15 12:00:00+11:00,1
51,2025-10-15,14,127.0,137.0,264.0,2025-10-15 14:00:00+11:00,1
5,2025-10-15,8,399.0,835.0,1234.0,2025-10-15 08:00:00+11:00,1
9,2025-10-15,13,527.0,446.0,973.0,2025-10-15 13:00:00+11:00,1
51,2025-10-15,23,30.0,31.0,61.0,2025-10-15 23:00:00+11:00,1
3,2025-10-15,22,540.0,387.0,927.0,2025-10-15 22:00:00+11:00,1
53,2025-10-15,22,72.0,118.0,190.0,2025-10-15 22:00:00+11:00,1
51,2025-10-15,17,133.0,132.0,265.0,2025-10-15 17:00:00+11:00,1
53,2025-10-15,21,88.0,129.0,217.0,2025-10-15 21:00:00+11:00,1
53,2025-10-15,16,600.0,449.0,1049.0,2025-10-15 16:00:00+11:00,1
53,2025-10-15,2,1.0,11.0,12.0,2025-10-15 02:00:00+11:00,1
53,2025-10-15,10,452.0,402.0,854.0,2025-10-15 10:00:00+11:00,1
5,2025-10-15,4,38.0,12.0,50.0,2025-10-15 04:00:00+11:00,1
9,2025-10-15,4,3.0,3.0,6.0,2025-10-15 04:00:00+11:00,1
3,2025-10-15,6,23.0,85.0,108.0,2025-10-15 06:00:00+11:00,1
3,2025-10-15,19,987.0,1050.0,2037.0,2025-10-15 19:00:00+11:00,1
53,2025-10-15,1,10.0,10.0,20.0,2025-10-15 01:00:00+11:00,1
9,2025-10-15,20,113.0,75.0,188.0,2025-10-15 20:00:00+11:00,1
53,2025-10-15,7,151.0,114.0,265.0,2025-10-15 07:00:00+11:00,1
9,2025-10-15,18,766.0,129.0,895.0,2025-10-15 18:00:00+11:00,1
51,2025-10-15,15,117.0,109.0,226.0,2025-10-15 15:00:00+11:00,1
5,2025-10-15,11,582.0,787.0,1369.0,2025-10-15 11:00:00+11:00,1
3,2025-10-15,18,1202.0,1420.0,2622.0,2025-10-15 18:00:00+11:00,1
5,2025-10-15,3,27.0,14.0,41.0,2025-10-15 03:00:00+11:00,1
51,2025-10-15,10,129.0,79.0,208.0,2025-10-15 10:00:00+11:00,1
3,2025-10-15,13,1063.0,1154.0,2217.0,2025-10-15 13:00:00+11:00,1
5,2025-10-15,16,1191.0,931.0,2122.0,2025-10-15 16:00:00+11:00,1
51,2025-10-15,4,2.0,2.0,4.0,2025-10-15 04:00:00+11:00,1
53,2025-10-15,5,14.0,8.0,22.0,2025-10-15 05:00:00+11:00,1
5,2025-10-15,15,1011.0,774.0,1785.0,2025-10-15 15:00:00+11:00,1
5,2025-10-15,1,15.0,24.0,39.0,2025-10-15 01:00:00+11:00,1
3,2025-10-15,21,844.0,657.0,1501.0,2025-10-15 21:00:00+11:00,1
9,2025-10-15,17,2618.0,156.0,2774.0,2025-10-15 17:00:00+11:00,1
3,2025-10-15,7,96.0,151.0,247.0,2025-10-15 07:00:00+11:00,1
9,2025-10-15,9,187.0,1905.0,2092.0,2025-10-15 09:00:00+11:00,1
9,2025-10-15,19,273.0,76.0,349.0,2025-10-15 19:00:00+11:00,1
51,2025-10-15,19,111.0,112.0,223.0,2025-10-15 19:00:00+11:00,1
51,2025-10-15,6,66.0,18.0,84.0,2025-10-15 06:00:00+11:00,1
53,2025-10-15,12,784.0,679.0,1463.0,2025-10-15 12:00:00+11:00,1
5,2025-10-15,22,464.0,580.0,1044.0,2025-10-15 22:00:00+11:00,1
3,2025-10-15,8,240.0,298.0,538.0,2025-10-15 08:00:00+11:00,1
9,2025-10-15,7,59.0,1198.0,1257.0,2025-10-15 07:00:00+11:00,1
3,2025-10-15,5,13.0,22.0,35.0,2025-10-15 05:00:00+11:00,1
3,2025-10-15,23,299.0,190.0,489.0,2025-10-15 23:00:00+11:00,1
3,2025-10-15,1,83.0,31.0,114.0,2025-10-15 01:00:00+11:00,1
5,2025-10-15,2,22.0,19.0,41.0,2025-10-15 02:00:00+11:00,1
9,2025-10-15,22,47.0,30.0,77.0,2025-10-15 22:00:00+11:00,1
9,2025-10-14,19,253.0,81.0,334.0,2025-10-14 19:00:00+11:00,1
53,2025-10-14,15,589.0,491.0,1080.0,2025-10-14 15:00:00+11:00,1
51,2025-10-14,9,94.0,94.0,188.0,2025-10-14 09:00:00+11:00,1
5,2025-10-14,19,583.0,748.0,1331.0,2025-10-14 19:00:00+11:00,1
3,2025-10-14,14,921.0,1010.0,1931.0,2025-10-14 14:00:00+11:00,1
53,2025-10-14,16,529.0,517.0,1046.0,2025-10-14 16:00:00+11:00,1
3,2025-10-14,1,38.0,39.0,77.0,2025-10-14 01:00:00+11:00,1
51,2025-10-14,2,9.0,10.0,19.0,2025-10-14 02:00:00+11:00,1
51,2025-10-14,4,1.0,8.0,9.0,2025-10-14 04:00:00+11:00,1
53,2025-10-14,10,456.0,424.0,880.0,2025-10-14 10:00:00+11:00,1
5,2025-10-14,18,939.0,1124.0,2063.0,2025-10-14 18:00:00+11:00,1
9,2025-10-14,23,13.0,10.0,23.0,2025-10-14 23:00:00+11:00,1
9,2025-10-14,10,201.0,611.0,812.0,2025-10-14 10:00:00+11:00,1
3,2025-10-14,3,16.0,16.0,32.0,2025-10-14 03:00:00+11:00,1
53,2025-10-14,20,132.0,185.0,317.0,2025-10-14 20:00:00+11:00,1
9,2025-10-14,8,134.0,3306.0,3440.0,2025-10-14 08:00:00+11:00,1
51,2025-10-14,7,50.0,35.0,85.0,2025-10-14 07:00:00+11:00,1
5,2025-10-14,15,850.0,746.0,1596.0,2025-10-14 15:00:00+11:00,1
53,2025-10-14,12,850.0,744.0,1594.0,2025-10-14 12:00:00+11:00,1
3,2025-10-14,10,405.0,522.0,927.0,2025-10-14 10:00:00+11:00,1
53,2025-10-14,17,654.0,507.0,1161.0,2025-10-14 17:00:00+11:00,1
3,2025-10-14,19,1036.0,1106.0,2142.0,2025-10-14 19:00:00+11:00,1
51,2025-10-14,1,5.0,7.0,12.0,2025-10-14 01:00:00+11:00,1
5,2025-10-14,12,626.0,896.0,1522.0,2025-10-14 12:00:00+11:00,1
3,2025-10-14,13,1090.0,1095.0,2185.0,2025-10-14 13:00:00+11:00,1
9,2025-10-14,22,48.0,34.0,82.0,2025-10-14 22:00:00+11:00,1
51,2025-10-14,12,147.0,146.0,293.0,2025-10-14 12:00:00+11:00,1
3,2025-10-14,6,23.0,77.0,100.0,2025-10-14 06:00:00+11:00,1
5,2025-10-14,1,14.0,27.0,41.0,2025-10-14 01:00:00+11:00,1
5,2025-10-14,7,204.0,483.0,687.0,2025-10-14 07:00:00+11:00,1
53,2025-10-14,4,4.0,3.0,7.0,2025-10-14 04:00:00+11:00,1
53,2025-10-14,1,4.0,7.0,11.0,2025-10-14 01:00:00+11:00,1
53,2025-10-14,22,52.0,65.0,117.0,2025-10-14 22:00:00+11:00,1
51,2025-10-14,11,217.0,115.0,332.0,2025-10-14 11:00:00+11:00,1
9,2025-10-14,5,23.0,40.0,63.0,2025-10-14 05:00:00+11:00,1
3,2025-10-14,20,905.0,834.0,1739.0,2025-10-14 20:00:00+11:00,1
9,2025-10-14,20,124.0,64.0,188.0,2025-10-14 20:00:00+11:00,1
53,2025-10-14,2,4.0,3.0,7.0,2025-10-14 02:00:00+11:00,1
3,2025-10-14,7,96.0,154.0,250.0,2025-10-14 07:00:00+11:00,1
51,2025-10-14,18,129.0,84.0,213.0,2025-10-14 18:00:00+11:00,1
9,2025-10-14,7,72.0,1376.0,1448.0,2025-10-14 07:00:00+11:00,1
53,2025-10-14,7,168.0,133.0,301.0,2025-10-14 07:00:00+11:00,1
53,2025-10-14,8,421.0,282.0,703.0,2025-10-14 08:00:00+11:00,1
3,2025-10-14,15,973.0,1014.0,1987.0,2025-10-14 15:00:00+11:00,1
5,2025-10-14,0,34.0,56.0,90.0,2025-10-14 00:00:00+11:00,1
5,2025-10-14,13,734.0,715.0,1449.0,2025-10-14 13:00:00+11:00,1
5,2025-10-14,11,486.0,601.0,1087.0,2025-10-14 11:00:00+11:00,1
51,2025-10-14,6,52.0,17.0,69.0,2025-10-14 06:00:00+11:00,1
5,2025-10-14,23,107.0,99.0,206.0,2025-10-14 23:00:00+11:00,1
51,2025-10-14,13,137.0,131.0,268.0,2025-10-14 13:00:00+11:00,1
5,2025-10-14,2,17.0,15.0,32.0,2025-10-14 02:00:00+11:00,1
5,2025-10-14,10,343.0,528.0,871.0,2025-10-14 10:00:00+11:00,1
9,2025-10-14,15,1033.0,165.0,1198.0,2025-10-14 15:00:00+11:00,1
51,2025-10-14,17,111.0,107.0,218.0,2025-10-14 17:00:00+11:00,1
9,2025-10-14,11,302.0,374.0,676.0,2025-10-14 11:00:00+11:00,1
53,2025-10-14,21,111.0,160.0,271.0,2025-10-14 21:00:00+11:00,1
53,2025-10-14,11,575.0,500.0,1075.0,2025-10-14 11:00:00+11:00,1
51,2025-10-14,22,44.0,32.0,76.0,2025-10-14 22:00:00+11:00,1
9,2025-10-14,9,200.0,2165.0,2365.0,2025-10-14 09:00:00+11:00,1
5,2025-10-14,22,256.0,303.0,559.0,2025-10-14 22:00:00+11:00,1
9,2025-10-14,4,3.0,1.0,4.0,2025-10-14 04:00:00+11:00,1
51,2025-10-14,10,137.0,114.0,251.0,2025-10-14 10:00:00+11:00,1
3,2025-10-14,17,1206.0,1343.0,2549.0,2025-10-14 17:00:00+11:00,1
51,2025-10-14,23,20.0,17.0,37.0,2025-10-14 23:00:00+11:00,1
3,2025-10-14,12,1098.0,1205.0,2303.0,2025-10-14 12:00:00+11:00,1
9,2025-10-14,0,6.0,11.0,17.0,2025-10-14 00:00:00+11:00,1
51,2025-10-14,19,71.0,66.0,137.0,2025-10-14 19:00:00+11:00,1
3,2025-10-14,8,234.0,305.0,539.0,2025-10-14 08:00:00+11:00,1
9,2025-10-14,14,561.0,277.0,838.0,2025-10-14 14:00:00+11:00,1
3,2025-10-14,18,1104.0,1298.0,2402.0,2025-10-14 18:00:00+11:00,1
5,2025-10-14,20,605.0,526.0,1131.0,2025-10-14 20:00:00+11:00,1
53,2025-10-14,9,441.0,273.0,714.0,2025-10-14 09:00:00+11:00,1
9,2025-10-14,13,543.0,531.0,1074.0,2025-10-14 13:00:00+11:00,1
5,2025-10-14,5,42.0,69.0,111.0,2025-10-14 05:00:00+11:00,1
3,2025-10-14,21,652.0,611.0,1263.0,2025-10-14 21:00:00+11:00,1
3,2025-10-14,0,91.0,92.0,183.0,2025-10-14 00:00:00+11:00,1
3,2025-10-14,23,257.0,235.0,492.0,2025-10-14 23:00:00+11:00,1
51,2025-10-14,16,96.0,143.0,239.0,2025-10-14 16:00:00+11:00,1
3,2025-10-14,16,1034.0,1204.0,2238.0,2025-10-14 16:00:00+11:00,1
9,2025-10-14,12,845.0,644.0,1489.0,2025-10-14 12:00:00+11:00,1
3,2025-10-14,2,34.0,31.0,65.0,2025-10-14 02:00:00+11:00,1
3,2025-10-14,11,600.0,701.0,1301.0,2025-10-14 11:00:00+11:00,1
51,2025-10-14,3,4.0,2.0,6.0,2025-10-14 03:00:00+11:00,1
5,2025-10-14,4,35.0,12.0,47.0,2025-10-14 04:00:00+11:00,1
53,2025-10-14,3,1.0,2.0,3.0,2025-10-14 03:00:00+11:00,1
5,2025-10-14,6,94.0,292.0,386.0,2025-10-14 06:00:00+11:00,1
9,2025-10-14,2,3.0,4.0,7.0,2025-10-14 02:00:00+11:00,1
3,2025-10-14,5,11.0,27.0,38.0,2025-10-14 05:00:00+11:00,1
53,2025-10-14,18,356.0,273.0,629.0,2025-10-14 18:00:00+11:00,1
5,2025-10-14,9,399.0,644.0,1043.0,2025-10-14 09:00:00+11:00,1
5,2025-10-14,16,1051.0,820.0,1871.0,2025-10-14 16:00:00+11:00,1
53,2025-10-14,0,4.0,21.0,25.0,2025-10-14 00:00:00+11:00,1
51,2025-10-14,20,53.0,92.0,145.0,2025-10-14 20:00:00+11:00,1
3,2025-10-14,4,8.0,8.0,16.0,2025-10-14 04:00:00+11:00,1
53,2025-10-14,23,21.0,40.0,61.0,2025-10-14 23:00:00+11:00,1
3,2025-10-14,9,337.0,385.0,722.0,2025-10-14 09:00:00+11:00,1
3,2025-10-14,22,413.0,398.0,811.0,2025-10-14 22:00:00+11:00,1
9,2025-10-14,3,3.0,0.0,3.0,2025-10-14 03:00:00+11:00,1
5,2025-10-14,14,751.0,709.0,1460.0,2025-10-14 14:00:00+11:00,1
9,2025-10-14,21,67.0,48.0,115.0,2025-10-14 21:00:00+11:00,1
53,2025-10-14,13,899.0,874.0,1773.0,2025-10-14 13:00:00+11:00,1
51,2025-10-14,15,129.0,125.0,254.0,2025-10-14 15:00:00+11:00,1
51,2025-10-14,21,45.0,54.0,99.0,2025-10-14 21:00:00+11:00,1
51,2025-10-14,14,143.0,106.0,249.0,2025-10-14 14:00:00+11:00,1
9,2025-10-14,1,0.0,8.0,8.0,2025-10-14 01:00:00+11:00,1
9,2025-10-14,17,3091.0,168.0,3259.0,2025-10-14 17:00:00+11:00,1
5,2025-10-14,17,1482.0,1186.0,2668.0,2025-10-14 17:00:00+11:00,1
51,2025-10-14,0,12.0,12.0,24.0,2025-10-14 00:00:00+11:00,1
51,2025-10-14,8,65.0,71.0,136.0,2025-10-14 08:00:00+11:00,1
9,2025-10-14,6,22.0,329.0,351.0,2025-10-14 06:00:00+11:00,1
53,2025-10-14,19,215.0,209.0,424.0,2025-10-14 19:00:00+11:00,1
53,2025-10-14,6,33.0,41.0,74.0,2025-10-14 06:00:00+11:00,1
53,2025-10-14,5,8.0,11.0,19.0,2025-10-14 05:00:00+11:00,1
9,2025-10-14,16,2550.0,116.0,2666.0,2025-10-14 16:00:00+11:00,1
5,2025-10-14,21,775.0,420.0,1195.0,2025-10-14 21:00:00+11:00,1
53,2025-10-14,14,686.0,617.0,1303.0,2025-10-14 14:00:00+11:00,1
51,2025-10-14,5,17.0,11.0,28.0,2025-10-14 05:00:00+11:00,1
5,2025-10-14,3,21.0,4.0,25.0,2025-10-14 03:00:00+11:00,1
5,2025-10-14,8,422.0,891.0,1313.0,2025-10-14 08:00:00+11:00,1
9,2025-10-14,18,910.0,124.0,1034.0,2025-10-14 18:00:00+11:00,1
5,2025-10-13,23,137.0,155.0,292.0,2025-10-13 23:00:00+11:00,1
51,2025-10-13,12,124.0,122.0,246.0,2025-10-13 12:00:00+11:00,1
3,2025-10-13,17,1156.0,1195.0,2351.0,2025-10-13 17:00:00+11:00,1
9,2025-10-13,20,95.0,50.0,145.0,2025-10-13 20:00:00+11:00,1
53,2025-10-13,13,865.0,682.0,1547.0,2025-10-13 13:00:00+11:00,1
53,2025-10-13,18,422.0,271.0,693.0,2025-10-13 18:00:00+11:00,1
9,2025-10-13,21,40.0,38.0,78.0,2025-10-13 21:00:00+11:00,1
51,2025-10-13,20,78.0,78.0,156.0,2025-10-13 20:00:00+11:00,1
9,2025-10-13,22,55.0,37.0,92.0,2025-10-13 22:00:00+11:00,1
53,2025-10-13,4,3.0,5.0,8.0,2025-10-13 04:00:00+11:00,1
5,2025-10-13,6,60.0,176.0,236.0,2025-10-13 06:00:00+11:00,1
51,2025-10-13,4,2.0,6.0,8.0,2025-10-13 04:00:00+11:00,1
9,2025-10-13,4,4.0,1.0,5.0,2025-10-13 04:00:00+11:00,1
3,2025-10-13,21,603.0,606.0,1209.0,2025-10-13 21:00:00+11:00,1
3,2025-10-13,18,1019.0,1322.0,2341.0,2025-10-13 18:00:00+11:00,1
3,2025-10-13,11,625.0,772.0,1397.0,2025-10-13 11:00:00+11:00,1
51,2025-10-13,17,85.0,98.0,183.0,2025-10-13 17:00:00+11:00,1
51,2025-10-13,2,9.0,5.0,14.0,2025-10-13 02:00:00+11:00,1
51,2025-10-13,1,5.0,2.0,7.0,2025-10-13 01:00:00+11:00,1
51,2025-10-13,16,85.0,104.0,189.0,2025-10-13 16:00:00+11:00,1
53,2025-10-13,22,64.0,47.0,111.0,2025-10-13 22:00:00+11:00,1
9,2025-10-13,17,2298.0,131.0,2429.0,2025-10-13 17:00:00+11:00,1
51,2025-10-13,23,28.0,20.0,48.0,2025-10-13 23:00:00+11:00,1
3,2025-10-13,6,27.0,70.0,97.0,2025-10-13 06:00:00+11:00,1
5,2025-10-13,10,409.0,517.0,926.0,2025-10-13 10:00:00+11:00,1
3,2025-10-13,20,825.0,772.0,1597.0,2025-10-13 20:00:00+11:00,1
51,2025-10-13,22,44.0,38.0,82.0,2025-10-13 22:00:00+11:00,1
3,2025-10-13,13,1081.0,1066.0,2147.0,2025-10-13 13:00:00+11:00,1
5,2025-10-13,4,38.0,7.0,45.0,2025-10-13 04:00:00+11:00,1
53,2025-10-13,10,464.0,375.0,839.0,2025-10-13 10:00:00+11:00,1
9,2025-10-13,14,454.0,220.0,674.0,2025-10-13 14:00:00+11:00,1
51,2025-10-13,11,105.0,78.0,183.0,2025-10-13 11:00:00+11:00,1
3,2025-10-13,14,1032.0,1040.0,2072.0,2025-10-13 14:00:00+11:00,1
53,2025-10-13,23,14.0,37.0,51.0,2025-10-13 23:00:00+11:00,1
53,2025-10-13,1,4.0,8.0,12.0,2025-10-13 01:00:00+11:00,1
5,2025-10-13,9,371.0,535.0,906.0,2025-10-13 09:00:00+11:00,1
9,2025-10-13,19,159.0,74.0,233.0,2025-10-13 19:00:00+11:00,1
5,2025-10-13,8,364.0,840.0,1204.0,2025-10-13 08:00:00+11:00,1
53,2025-10-13,5,3.0,7.0,10.0,2025-10-13 05:00:00+11:00,1
5,2025-10-13,5,37.0,37.0,74.0,2025-10-13 05:00:00+11:00,1
3,2025-10-13,0,120.0,67.0,187.0,2025-10-13 00:00:00+11:00,1
3,2025-10-13,19,927.0,987.0,1914.0,2025-10-13 19:00:00+11:00,1
53,2025-10-13,20,139.0,153.0,292.0,2025-10-13 20:00:00+11:00,1
9,2025-10-13,13,476.0,380.0,856.0,2025-10-13 13:00:00+11:00,1
51,2025-10-13,7,22.0,22.0,44.0,2025-10-13 07:00:00+11:00,1
9,2025-10-13,9,151.0,1406.0,1557.0,2025-10-13 09:00:00+11:00,1
51,2025-10-13,14,91.0,91.0,182.0,2025-10-13 14:00:00+11:00,1
3,2025-10-13,22,399.0,322.0,721.0,2025-10-13 22:00:00+11:00,1
5,2025-10-13,20,631.0,414.0,1045.0,2025-10-13 20:00:00+11:00,1
51,2025-10-13,5,7.0,15.0,22.0,2025-10-13 05:00:00+11:00,1
51,2025-10-13,0,15.0,11.0,26.0,2025-10-13 00:00:00+11:00,1
53,2025-10-13,17,586.0,527.0,1113.0,2025-10-13 17:00:00+11:00,1
5,2025-10-13,7,215.0,392.0,607.0,2025-10-13 07:00:00+11:00,1
9,2025-10-13,7,61.0,1114.0,1175.0,2025-10-13 07:00:00+11:00,1
5,2025-10-13,21,685.0,481.0,1166.0,2025-10-13 21:00:00+11:00,1
5,2025-10-13,0,29.0,43.0,72.0,2025-10-13 00:00:00+11:00,1
3,2025-10-13,15,932.0,1073.0,2005.0,2025-10-13 15:00:00+11:00,1
3,2025-10-13,16,1062.0,1159.0,2221.0,2025-10-13 16:00:00+11:00,1
5,2025-10-13,2,20.0,14.0,34.0,2025-10-13 02:00:00+11:00,1
9,2025-10-13,1,3.0,5.0,8.0,2025-10-13 01:00:00+11:00,1
3,2025-10-13,12,947.0,1051.0,1998.0,2025-10-13 12:00:00+11:00,1
53,2025-10-13,15,586.0,524.0,1110.0,2025-10-13 15:00:00+11:00,1
3,2025-10-13,4,19.0,19.0,38.0,2025-10-13 04:00:00+11:00,1
53,2025-10-13,0,9.0,7.0,16.0,2025-10-13 00:00:00+11:00,1
3,2025-10-13,3,28.0,14.0,42.0,2025-10-13 03:00:00+11:00,1
9,2025-10-13,10,176.0,405.0,581.0,2025-10-13 10:00:00+11:00,1
53,2025-10-13,3,7.0,6.0,13.0,2025-10-13 03:00:00+11:00,1
51,2025-10-13,3,5.0,2.0,7.0,2025-10-13 03:00:00+11:00,1
53,2025-10-13,7,133.0,91.0,224.0,2025-10-13 07:00:00+11:00,1
3,2025-10-13,5,19.0,34.0,53.0,2025-10-13 05:00:00+11:00,1
3,2025-10-13,7,63.0,149.0,212.0,2025-10-13 07:00:00+11:00,1
51,2025-10-13,18,107.0,93.0,200.0,2025-10-13 18:00:00+11:00,1
5,2025-10-13,11,449.0,675.0,1124.0,2025-10-13 11:00:00+11:00,1
53,2025-10-13,8,355.0,247.0,602.0,2025-10-13 08:00:00+11:00,1
53,2025-10-13,14,625.0,565.0,1190.0,2025-10-13 14:00:00+11:00,1
5,2025-10-13,16,1027.0,691.0,1718.0,2025-10-13 16:00:00+11:00,1
53,2025-10-13,12,837.0,710.0,1547.0,2025-10-13 12:00:00+11:00,1
3,2025-10-13,9,250.0,280.0,530.0,2025-10-13 09:00:00+11:00,1
9,2025-10-13,5,19.0,26.0,45.0,2025-10-13 05:00:00+11:00,1
51,2025-10-13,6,8.0,17.0,25.0,2025-10-13 06:00:00+11:00,1
9,2025-10-13,23,22.0,8.0,30.0,2025-10-13 23:00:00+11:00,1
53,2025-10-13,6,30.0,29.0,59.0,2025-10-13 06:00:00+11:00,1
5,2025-10-13,17,1289.0,1056.0,2345.0,2025-10-13 17:00:00+11:00,1
51,2025-10-13,21,56.0,48.0,104.0,2025-10-13 21:00:00+11:00,1
5,2025-10-13,14,644.0,700.0,1344.0,2025-10-13 14:00:00+11:00,1
9,2025-10-13,0,4.0,14.0,18.0,2025-10-13 00:00:00+11:00,1
3,2025-10-13,8,241.0,302.0,543.0,2025-10-13 08:00:00+11:00,1
3,2025-10-13,10,450.0,479.0,929.0,2025-10-13 10:00:00+11:00,1
9,2025-10-13,15,718.0,132.0,850.0,2025-10-13 15:00:00+11:00,1
53,2025-10-13,16,537.0,560.0,1097.0,2025-10-13 16:00:00+11:00,1
5,2025-10-13,1,17.0,20.0,37.0,2025-10-13 01:00:00+11:00,1
9,2025-10-13,2,6.0,4.0,10.0,2025-10-13 02:00:00+11:00,1
51,2025-10-13,19,96.0,84.0,180.0,2025-10-13 19:00:00+11:00,1
9,2025-10-13,12,586.0,556.0,1142.0,2025-10-13 12:00:00+11:00,1
3,2025-10-13,2,29.0,29.0,58.0,2025-10-13 02:00:00+11:00,1
9,2025-10-13,8,156.0,2648.0,2804.0,2025-10-13 08:00:00+11:00,1
9,2025-10-13,18,708.0,104.0,812.0,2025-10-13 18:00:00+11:00,1
5,2025-10-13,15,793.0,746.0,1539.0,2025-10-13 15:00:00+11:00,1
53,2025-10-13,9,436.0,286.0,722.0,2025-10-13 09:00:00+11:00,1
53,2025-10-13,11,580.0,468.0,1048.0,2025-10-13 11:00:00+11:00,1
53,2025-10-13,2,3.0,6.0,9.0,2025-10-13 02:00:00+11:00,1
5,2025-10-13,18,795.0,1131.0,1926.0,2025-10-13 18:00:00+11:00,1
53,2025-10-13,19,209.0,205.0,414.0,2025-10-13 19:00:00+11:00,1
5,2025-10-13,22,172.0,228.0,400.0,2025-10-13 22:00:00+11:00,1
51,2025-10-13,10,72.0,69.0,141.0,2025-10-13 10:00:00+11:00,1
5,2025-10-13,12,671.0,937.0,1608.0,2025-10-13 12:00:00+11:00,1
9,2025-10-13,6,20.0,245.0,265.0,2025-10-13 06:00:00+11:00,1
3,2025-10-13,1,76.0,45.0,121.0,2025-10-13 01:00:00+11:00,1
9,2025-10-13,16,1893.0,120.0,2013.0,2025-10-13 16:00:00+11:00,1
9,2025-10-13,3,3.0,2.0,5.0,2025-10-13 03:00:00+11:00,1
51,2025-10-13,8,60.0,33.0,93.0,2025-10-13 08:00:00+11:00,1
51,2025-10-13,9,81.0,93.0,174.0,2025-10-13 09:00:00+11:00,1
51,2025-10-13,13,95.0,135.0,230.0,2025-10-13 13:00:00+11:00,1
53,2025-10-13,21,92.0,127.0,219.0,2025-10-13 21:00:00+11:00,1
5,2025-10-13,3,23.0,7.0,30.0,2025-10-13 03:00:00+11:00,1
9,2025-10-13,11,229.0,219.0,448.0,2025-10-13 11:00:00+11:00,1
5,2025-10-13,19,530.0,433.0,963.0,2025-10-13 19:00:00+11:00,1
51,2025-10-13,15,82.0,76.0,158.0,2025-10-13 15:00:00+11:00,1
3,2025-10-13,23,248.0,171.0,419.0,2025-10-13 23:00:00+11:00,1
5,2025-10-13,13,834.0,894.0,1728.0,2025-10-13 13:00:00+11:00,1
9,2025-10-12,16,100.0,71.0,171.0,2025-10-12 16:00:00+11:00,1
9,2025-10-12,2,10.0,21.0,31.0,2025-10-12 02:00:00+11:00,1
51,2025-10-12,6,11.0,13.0,24.0,2025-10-12 06:00:00+11:00,1
3,2025-10-12,2,249.0,210.0,459.0,2025-10-12 02:00:00+11:00,1
5,2025-10-12,17,909.0,836.0,1745.0,2025-10-12 17:00:00+11:00,1
3,2025-10-12,9,517.0,334.0,851.0,2025-10-12 09:00:00+11:00,1
51,2025-10-12,15,142.0,141.0,283.0,2025-10-12 15:00:00+11:00,1
53,2025-10-12,12,646.0,531.0,1177.0,2025-10-12 12:00:00+11:00,1
53,2025-10-12,19,102.0,87.0,189.0,2025-10-12 19:00:00+11:00,1
3,2025-10-12,3,168.0,142.0,310.0,2025-10-12 03:00:00+11:00,1
53,2025-10-12,14,789.0,592.0,1381.0,2025-10-12 14:00:00+11:00,1
9,2025-10-12,4,6.0,12.0,18.0,2025-10-12 04:00:00+11:00,1
9,2025-10-12,18,71.0,72.0,143.0,2025-10-12 18:00:00+11:00,1
51,2025-10-12,22,35.0,34.0,69.0,2025-10-12 22:00:00+11:00,1
3,2025-10-12,4,78.0,55.0,133.0,2025-10-12 04:00:00+11:00,1
51,2025-10-12,18,101.0,95.0,196.0,2025-10-12 18:00:00+11:00,1
5,2025-10-12,18,797.0,703.0,1500.0,2025-10-12 18:00:00+11:00,1
5,2025-10-12,6,423.0,1422.0,1845.0,2025-10-12 06:00:00+11:00,1
51,2025-10-12,11,141.0,128.0,269.0,2025-10-12 11:00:00+11:00,1
51,2025-10-12,17,115.0,95.0,210.0,2025-10-12 17:00:00+11:00,1
5,2025-10-12,11,2381.0,1746.0,4127.0,2025-10-12 11:00:00+11:00,1
53,2025-10-12,17,417.0,312.0,729.0,2025-10-12 17:00:00+11:00,1
9,2025-10-12,12,91.0,105.0,196.0,2025-10-12 12:00:00+11:00,1
5,2025-10-12,20,236.0,331.0,567.0,2025-10-12 20:00:00+11:00,1
5,2025-10-12,13,1263.0,1334.0,2597.0,2025-10-12 13:00:00+11:00,1
9,2025-10-12,20,32.0,37.0,69.0,2025-10-12 20:00:00+11:00,1
53,2025-10-12,0,61.0,70.0,131.0,2025-10-12 00:00:00+11:00,1
51,2025-10-12,13,160.0,168.0,328.0,2025-10-12 13:00:00+11:00,1
5,2025-10-12,19,305.0,600.0,905.0,2025-10-12 19:00:00+11:00,1
9,2025-10-12,13,320.0,253.0,573.0,2025-10-12 13:00:00+11:00,1
53,2025-10-12,5,64.0,13.0,77.0,2025-10-12 05:00:00+11:00,1
51,2025-10-12,5,12.0,14.0,26.0,2025-10-12 05:00:00+11:00,1
9,2025-10-12,11,171.0,187.0,358.0,2025-10-12 11:00:00+11:00,1
9,2025-10-12,10,70.0,110.0,180.0,2025-10-12 10:00:00+11:00,1
51,2025-10-12,7,18.0,26.0,44.0,2025-10-12 07:00:00+11:00,1
3,2025-10-12,15,1341.0,1377.0,2718.0,2025-10-12 15:00:00+11:00,1
53,2025-10-12,21,52.0,106.0,158.0,2025-10-12 21:00:00+11:00,1
51,2025-10-12,12,149.0,159.0,308.0,2025-10-12 12:00:00+11:00,1
53,2025-10-12,15,648.0,580.0,1228.0,2025-10-12 15:00:00+11:00,1
5,2025-10-12,7,610.0,1130.0,1740.0,2025-10-12 07:00:00+11:00,1
3,2025-10-12,17,1179.0,1233.0,2412.0,2025-10-12 17:00:00+11:00,1
53,2025-10-12,4,16.0,14.0,30.0,2025-10-12 04:00:00+11:00,1
9,2025-10-12,19,38.0,33.0,71.0,2025-10-12 19:00:00+11:00,1
3,2025-10-12,5,40.0,101.0,141.0,2025-10-12 05:00:00+11:00,1
51,2025-10-12,20,82.0,70.0,152.0,2025-10-12 20:00:00+11:00,1
5,2025-10-12,23,66.0,99.0,165.0,2025-10-12 23:00:00+11:00,1
53,2025-10-12,20,84.0,114.0,198.0,2025-10-12 20:00:00+11:00,1
5,2025-10-12,21,344.0,272.0,616.0,2025-10-12 21:00:00+11:00,1
3,2025-10-12,12,1660.0,1618.0,3278.0,2025-10-12 12:00:00+11:00,1
5,2025-10-12,8,770.0,1686.0,2456.0,2025-10-12 08:00:00+11:00,1
51,2025-10-12,21,47.0,79.0,126.0,2025-10-12 21:00:00+11:00,1
9,2025-10-12,9,91.0,178.0,269.0,2025-10-12 09:00:00+11:00,1
5,2025-10-12,22,861.0,218.0,1079.0,2025-10-12 22:00:00+11:00,1
5,2025-10-12,16,1356.0,988.0,2344.0,2025-10-12 16:00:00+11:00,1
3,2025-10-12,16,1428.0,1398.0,2826.0,2025-10-12 16:00:00+11:00,1
53,2025-10-12,18,281.0,181.0,462.0,2025-10-12 18:00:00+11:00,1
3,2025-10-12,21,660.0,493.0,1153.0,2025-10-12 21:00:00+11:00,1
53,2025-10-12,10,370.0,303.0,673.0,2025-10-12 10:00:00+11:00,1
53,2025-10-12,22,38.0,74.0,112.0,2025-10-12 22:00:00+11:00,1
53,2025-10-12,23,36.0,28.0,64.0,2025-10-12 23:00:00+11:00,1
5,2025-10-12,4,37.0,101.0,138.0,2025-10-12 04:00:00+11:00,1
53,2025-10-12,8,81.0,55.0,136.0,2025-10-12 08:00:00+11:00,1
53,2025-10-12,1,39.0,46.0,85.0,2025-10-12 01:00:00+11:00,1
3,2025-10-12,6,56.0,104.0,160.0,2025-10-12 06:00:00+11:00,1
9,2025-10-12,5,7.0,8.0,15.0,2025-10-12 05:00:00+11:00,1
51,2025-10-12,4,10.0,3.0,13.0,2025-10-12 04:00:00+11:00,1
5,2025-10-12,12,1660.0,1646.0,3306.0,2025-10-12 12:00:00+11:00,1
53,2025-10-12,3,19.0,22.0,41.0,2025-10-12 03:00:00+11:00,1
3,2025-10-12,7,105.0,82.0,187.0,2025-10-12 07:00:00+11:00,1
5,2025-10-12,5,138.0,146.0,284.0,2025-10-12 05:00:00+11:00,1
3,2025-10-12,22,330.0,308.0,638.0,2025-10-12 22:00:00+11:00,1
9,2025-10-12,3,9.0,11.0,20.0,2025-10-12 03:00:00+11:00,1
53,2025-10-12,13,629.0,627.0,1256.0,2025-10-12 13:00:00+11:00,1
9,2025-10-12,17,152.0,63.0,215.0,2025-10-12 17:00:00+11:00,1
51,2025-10-12,14,154.0,190.0,344.0,2025-10-12 14:00:00+11:00,1
3,2025-10-12,8,191.0,177.0,368.0,2025-10-12 08:00:00+11:00,1
9,2025-10-12,22,7.0,33.0,40.0,2025-10-12 22:00:00+11:00,1
3,2025-10-12,18,1017.0,1113.0,2130.0,2025-10-12 18:00:00+11:00,1
9,2025-10-12,8,52.0,85.0,137.0,2025-10-12 08:00:00+11:00,1
5,2025-10-12,0,312.0,195.0,507.0,2025-10-12 00:00:00+11:00,1
3,2025-10-12,10,732.0,460.0,1192.0,2025-10-12 10:00:00+11:00,1
3,2025-10-12,19,599.0,291.0,890.0,2025-10-12 19:00:00+11:00,1
5,2025-10-12,10,2158.0,1791.0,3949.0,2025-10-12 10:00:00+11:00,1
51,2025-10-12,2,16.0,16.0,32.0,2025-10-12 02:00:00+11:00,1
51,2025-10-12,16,114.0,98.0,212.0,2025-10-12 16:00:00+11:00,1
5,2025-10-12,1,124.0,102.0,226.0,2025-10-12 01:00:00+11:00,1
51,2025-10-12,9,46.0,73.0,119.0,2025-10-12 09:00:00+11:00,1
51,2025-10-12,1,20.0,17.0,37.0,2025-10-12 01:00:00+11:00,1
53,2025-10-12,9,212.0,204.0,416.0,2025-10-12 09:00:00+11:00,1
51,2025-10-12,23,29.0,26.0,55.0,2025-10-12 23:00:00+11:00,1
5,2025-10-12,2,81.0,89.0,170.0,2025-10-12 02:00:00+11:00,1
5,2025-10-12,9,1562.0,1617.0,3179.0,2025-10-12 09:00:00+11:00,1
3,2025-10-12,11,1085.0,826.0,1911.0,2025-10-12 11:00:00+11:00,1
9,2025-10-12,23,15.0,31.0,46.0,2025-10-12 23:00:00+11:00,1
3,2025-10-12,20,676.0,653.0,1329.0,2025-10-12 20:00:00+11:00,1
3,2025-10-12,13,1672.0,2096.0,3768.0,2025-10-12 13:00:00+11:00,1
5,2025-10-12,15,1279.0,1080.0,2359.0,2025-10-12 15:00:00+11:00,1
51,2025-10-12,19,86.0,36.0,122.0,2025-10-12 19:00:00+11:00,1
53,2025-10-12,7,45.0,40.0,85.0,2025-10-12 07:00:00+11:00,1
9,2025-10-12,14,92.0,87.0,179.0,2025-10-12 14:00:00+11:00,1
3,2025-10-12,23,212.0,185.0,397.0,2025-10-12 23:00:00+11:00,1
3,2025-10-12,0,356.0,391.0,747.0,2025-10-12 00:00:00+11:00,1
51,2025-10-12,10,106.0,94.0,200.0,2025-10-12 10:00:00+11:00,1
51,2025-10-12,8,32.0,35.0,67.0,2025-10-12 08:00:00+11:00,1
9,2025-10-12,0,23.0,15.0,38.0,2025-10-12 00:00:00+11:00,1
9,2025-10-12,7,26.0,25.0,51.0,2025-10-12 07:00:00+11:00,1
9,2025-10-12,21,24.0,38.0,62.0,2025-10-12 21:00:00+11:00,1
51,2025-10-12,3,8.0,6.0,14.0,2025-10-12 03:00:00+11:00,1
5,2025-10-12,3,31.0,50.0,81.0,2025-10-12 03:00:00+11:00,1
51,2025-10-12,0,33.0,33.0,66.0,2025-10-12 00:00:00+11:00,1
3,2025-10-12,14,1691.0,1560.0,3251.0,2025-10-12 14:00:00+11:00,1
3,2025-10-12,1,256.0,252.0,508.0,2025-10-12 01:00:00+11:00,1
53,2025-10-12,2,25.0,31.0,56.0,2025-10-12 02:00:00+11:00,1
5,2025-10-12,14,1814.0,1157.0,2971.0,2025-10-12 14:00:00+11:00,1
53,2025-10-12,6,88.0,26.0,114.0,2025-10-12 06:00:00+11:00,1
53,2025-10-12,16,544.0,456.0,1000.0,2025-10-12 16:00:00+11:00,1
9,2025-10-12,15,173.0,100.0,273.0,2025-10-12 15:00:00+11:00,1
9,2025-10-12,6,31.0,12.0,43.0,2025-10-12 06:00:00+11:00,1
9,2025-10-12,1,3.0,11.0,14.0,2025-10-12 01:00:00+11:00,1
53,2025-10-12,11,514.0,475.0,989.0,2025-10-12 11:00:00+11:00,1
53,2025-10-11,21,113.0,237.0,350.0,2025-10-11 21:00:00+11:00,1
53,2025-10-11,13,778.0,633.0,1411.0,2025-10-11 13:00:00+11:00,1
51,2025-10-11,7,59.0,36.0,95.0,2025-10-11 07:00:00+11:00,1
9,2025-10-11,21,66.0,42.0,108.0,2025-10-11 21:00:00+11:00,1
3,2025-10-11,12,911.0,1135.0,2046.0,2025-10-11 12:00:00+11:00,1
5,2025-10-11,3,45.0,46.0,91.0,2025-10-11 03:00:00+11:00,1
51,2025-10-11,14,164.0,183.0,347.0,2025-10-11 14:00:00+11:00,1
3,2025-10-11,19,1293.0,1407.0,2700.0,2025-10-11 19:00:00+11:00,1
9,2025-10-11,15,87.0,79.0,166.0,2025-10-11 15:00:00+11:00,1
9,2025-10-11,6,7.0,12.0,19.0,2025-10-11 06:00:00+11:00,1
3,2025-10-11,3,150.0,114.0,264.0,2025-10-11 03:00:00+11:00,1
5,2025-10-11,13,1376.0,2069.0,3445.0,2025-10-11 13:00:00+11:00,1
53,2025-10-11,22,75.0,136.0,211.0,2025-10-11 22:00:00+11:00,1
9,2025-10-11,22,15.0,34.0,49.0,2025-10-11 22:00:00+11:00,1
51,2025-10-11,15,114.0,114.0,228.0,2025-10-11 15:00:00+11:00,1
3,2025-10-11,9,226.0,277.0,503.0,2025-10-11 09:00:00+11:00,1
5,2025-10-11,17,1302.0,1434.0,2736.0,2025-10-11 17:00:00+11:00,1
53,2025-10-11,11,673.0,516.0,1189.0,2025-10-11 11:00:00+11:00,1
53,2025-10-11,4,17.0,5.0,22.0,2025-10-11 04:00:00+11:00,1
5,2025-10-11,4,20.0,35.0,55.0,2025-10-11 04:00:00+11:00,1
3,2025-10-11,0,436.0,452.0,888.0,2025-10-11 00:00:00+11:00,1
53,2025-10-11,1,19.0,38.0,57.0,2025-10-11 01:00:00+11:00,1
3,2025-10-11,14,1219.0,1402.0,2621.0,2025-10-11 14:00:00+11:00,1
53,2025-10-11,10,432.0,397.0,829.0,2025-10-11 10:00:00+11:00,1
51,2025-10-11,18,123.0,119.0,242.0,2025-10-11 18:00:00+11:00,1
3,2025-10-11,16,1430.0,1449.0,2879.0,2025-10-11 16:00:00+11:00,1
51,2025-10-11,17,105.0,104.0,209.0,2025-10-11 17:00:00+11:00,1
53,2025-10-11,2,20.0,23.0,43.0,2025-10-11 02:00:00+11:00,1
5,2025-10-11,20,1048.0,885.0,1933.0,2025-10-11 20:00:00+11:00,1
5,2025-10-11,23,379.0,328.0,707.0,2025-10-11 23:00:00+11:00,1
51,2025-10-11,8,56.0,57.0,113.0,2025-10-11 08:00:00+11:00,1
3,2025-10-11,18,1293.0,1623.0,2916.0,2025-10-11 18:00:00+11:00,1
51,2025-10-11,10,97.0,122.0,219.0,2025-10-11 10:00:00+11:00,1
3,2025-10-11,4,64.0,47.0,111.0,2025-10-11 04:00:00+11:00,1
9,2025-10-11,2,3.0,17.0,20.0,2025-10-11 02:00:00+11:00,1
3,2025-10-11,23,503.0,544.0,1047.0,2025-10-11 23:00:00+11:00,1
51,2025-10-11,5,9.0,10.0,19.0,2025-10-11 05:00:00+11:00,1
9,2025-10-11,10,69.0,76.0,145.0,2025-10-11 10:00:00+11:00,1
9,2025-10-11,5,16.0,4.0,20.0,2025-10-11 05:00:00+11:00,1
51,2025-10-11,21,39.0,70.0,109.0,2025-10-11 21:00:00+11:00,1
9,2025-10-11,13,70.0,97.0,167.0,2025-10-11 13:00:00+11:00,1
3,2025-10-11,10,382.0,457.0,839.0,2025-10-11 10:00:00+11:00,1
3,2025-10-11,21,1082.0,771.0,1853.0,2025-10-11 21:00:00+11:00,1
3,2025-10-11,20,1303.0,1161.0,2464.0,2025-10-11 20:00:00+11:00,1
9,2025-10-11,14,89.0,99.0,188.0,2025-10-11 14:00:00+11:00,1
53,2025-10-11,14,888.0,748.0,1636.0,2025-10-11 14:00:00+11:00,1
3,2025-10-11,5,38.0,34.0,72.0,2025-10-11 05:00:00+11:00,1
9,2025-10-11,7,29.0,34.0,63.0,2025-10-11 07:00:00+11:00,1
51,2025-10-11,23,24.0,29.0,53.0,2025-10-11 23:00:00+11:00,1
51,2025-10-11,16,84.0,143.0,227.0,2025-10-11 16:00:00+11:00,1
53,2025-10-11,15,856.0,738.0,1594.0,2025-10-11 15:00:00+11:00,1
3,2025-10-11,17,1339.0,1674.0,3013.0,2025-10-11 17:00:00+11:00,1
5,2025-10-11,16,2033.0,1325.0,3358.0,2025-10-11 16:00:00+11:00,1
51,2025-10-11,2,12.0,2.0,14.0,2025-10-11 02:00:00+11:00,1
51,2025-10-11,9,76.0,114.0,190.0,2025-10-11 09:00:00+11:00,1
9,2025-10-11,1,13.0,27.0,40.0,2025-10-11 01:00:00+11:00,1
51,2025-10-11,4,6.0,9.0,15.0,2025-10-11 04:00:00+11:00,1
53,2025-10-11,18,486.0,280.0,766.0,2025-10-11 18:00:00+11:00,1
3,2025-10-11,22,691.0,499.0,1190.0,2025-10-11 22:00:00+11:00,1
51,2025-10-11,13,154.0,216.0,370.0,2025-10-11 13:00:00+11:00,1
51,2025-10-11,12,162.0,135.0,297.0,2025-10-11 12:00:00+11:00,1
53,2025-10-11,3,6.0,23.0,29.0,2025-10-11 03:00:00+11:00,1
51,2025-10-11,11,127.0,151.0,278.0,2025-10-11 11:00:00+11:00,1
5,2025-10-11,7,104.0,354.0,458.0,2025-10-11 07:00:00+11:00,1
5,2025-10-11,0,302.0,278.0,580.0,2025-10-11 00:00:00+11:00,1
51,2025-10-11,20,103.0,78.0,181.0,2025-10-11 20:00:00+11:00,1
9,2025-10-11,12,69.0,81.0,150.0,2025-10-11 12:00:00+11:00,1
9,2025-10-11,3,4.0,9.0,13.0,2025-10-11 03:00:00+11:00,1
3,2025-10-11,1,295.0,187.0,482.0,2025-10-11 01:00:00+11:00,1
51,2025-10-11,1,31.0,15.0,46.0,2025-10-11 01:00:00+11:00,1
9,2025-10-11,16,79.0,104.0,183.0,2025-10-11 16:00:00+11:00,1
5,2025-10-11,12,917.0,1385.0,2302.0,2025-10-11 12:00:00+11:00,1
3,2025-10-11,13,1310.0,1267.0,2577.0,2025-10-11 13:00:00+11:00,1
9,2025-10-11,11,72.0,67.0,139.0,2025-10-11 11:00:00+11:00,1
5,2025-10-11,8,186.0,292.0,478.0,2025-10-11 08:00:00+11:00,1
51,2025-10-11,19,87.0,90.0,177.0,2025-10-11 19:00:00+11:00,1
5,2025-10-11,10,743.0,579.0,1322.0,2025-10-11 10:00:00+11:00,1
9,2025-10-11,4,4.0,6.0,10.0,2025-10-11 04:00:00+11:00,1
51,2025-10-11,22,49.0,45.0,94.0,2025-10-11 22:00:00+11:00,1
3,2025-10-11,7,52.0,63.0,115.0,2025-10-11 07:00:00+11:00,1
9,2025-10-11,18,73.0,117.0,190.0,2025-10-11 18:00:00+11:00,1
9,2025-10-11,19,85.0,88.0,173.0,2025-10-11 19:00:00+11:00,1
5,2025-10-11,11,734.0,1079.0,1813.0,2025-10-11 11:00:00+11:00,1
5,2025-10-11,19,1164.0,1262.0,2426.0,2025-10-11 19:00:00+11:00,1
5,2025-10-11,15,1366.0,1231.0,2597.0,2025-10-11 15:00:00+11:00,1
53,2025-10-11,16,827.0,690.0,1517.0,2025-10-11 16:00:00+11:00,1
9,2025-10-11,0,3.0,22.0,25.0,2025-10-11 00:00:00+11:00,1
51,2025-10-11,0,29.0,19.0,48.0,2025-10-11 00:00:00+11:00,1
53,2025-10-11,0,29.0,62.0,91.0,2025-10-11 00:00:00+11:00,1
5,2025-10-11,2,61.0,74.0,135.0,2025-10-11 02:00:00+11:00,1
51,2025-10-11,6,9.0,15.0,24.0,2025-10-11 06:00:00+11:00,1
9,2025-10-11,8,33.0,43.0,76.0,2025-10-11 08:00:00+11:00,1
53,2025-10-11,7,64.0,41.0,105.0,2025-10-11 07:00:00+11:00,1
5,2025-10-11,21,1356.0,654.0,2010.0,2025-10-11 21:00:00+11:00,1
53,2025-10-11,17,662.0,512.0,1174.0,2025-10-11 17:00:00+11:00,1
3,2025-10-11,8,105.0,147.0,252.0,2025-10-11 08:00:00+11:00,1
53,2025-10-11,19,299.0,258.0,557.0,2025-10-11 19:00:00+11:00,1
5,2025-10-11,9,426.0,416.0,842.0,2025-10-11 09:00:00+11:00,1
9,2025-10-11,20,47.0,61.0,108.0,2025-10-11 20:00:00+11:00,1
53,2025-10-11,6,19.0,16.0,35.0,2025-10-11 06:00:00+11:00,1
53,2025-10-11,8,124.0,103.0,227.0,2025-10-11 08:00:00+11:00,1
51,2025-10-11,3,15.0,17.0,32.0,2025-10-11 03:00:00+11:00,1
53,2025-10-11,20,234.0,256.0,490.0,2025-10-11 20:00:00+11:00,1
9,2025-10-11,17,72.0,116.0,188.0,2025-10-11 17:00:00+11:00,1
9,2025-10-11,23,34.0,30.0,64.0,2025-10-11 23:00:00+11:00,1
5,2025-10-11,5,34.0,47.0,81.0,2025-10-11 05:00:00+11:00,1
5,2025-10-11,14,1078.0,1217.0,2295.0,2025-10-11 14:00:00+11:00,1
53,2025-10-11,12,794.0,607.0,1401.0,2025-10-11 12:00:00+11:00,1
53,2025-10-11,5,6.0,7.0,13.0,2025-10-11 05:00:00+11:00,1
53,2025-10-11,9,315.0,210.0,525.0,2025-10-11 09:00:00+11:00,1
53,2025-10-11,23,98.0,114.0,212.0,2025-10-11 23:00:00+11:00,1
3,2025-10-11,15,1337.0,1522.0,2859.0,2025-10-11 15:00:00+11:00,1
5,2025-10-11,18,1291.0,1871.0,3162.0,2025-10-11 18:00:00+11:00,1
5,2025-10-11,22,487.0,624.0,1111.0,2025-10-11 22:00:00+11:00,1
3,2025-10-11,11,653.0,717.0,1370.0,2025-10-11 11:00:00+11:00,1
5,2025-10-11,6,43.0,77.0,120.0,2025-10-11 06:00:00+11:00,1
3,2025-10-11,6,19.0,29.0,48.0,2025-10-11 06:00:00+11:00,1
3,2025-10-11,2,166.0,118.0,284.0,2025-10-11 02:00:00+11:00,1
5,2025-10-11,1,135.0,122.0,257.0,2025-10-11 01:00:00+11:00,1
9,2025-10-11,9,66.0,48.0,114.0,2025-10-11 09:00:00+11:00,1
9,2025-10-10,23,47.0,49.0,96.0,2025-10-10 23:00:00+11:00,1
3,2025-10-10,15,1038.0,1079.0,2117.0,2025-10-10 15:00:00+11:00,1
53,2025-10-10,14,735.0,641.0,1376.0,2025-10-10 14:00:00+11:00,1
3,2025-10-10,13,972.0,1078.0,2050.0,2025-10-10 13:00:00+11:00,1
53,2025-10-10,23,71.0,135.0,206.0,2025-10-10 23:00:00+11:00,1
5,2025-10-10,5,50.0,57.0,107.0,2025-10-10 05:00:00+11:00,1
9,2025-10-10,3,2.0,3.0,5.0,2025-10-10 03:00:00+11:00,1
51,2025-10-10,1,8.0,6.0,14.0,2025-10-10 01:00:00+11:00,1
9,2025-10-10,1,3.0,13.0,16.0,2025-10-10 01:00:00+11:00,1
51,2025-10-10,15,113.0,133.0,246.0,2025-10-10 15:00:00+11:00,1
9,2025-10-10,7,66.0,634.0,700.0,2025-10-10 07:00:00+11:00,1
3,2025-10-10,20,1191.0,1266.0,2457.0,2025-10-10 20:00:00+11:00,1
53,2025-10-10,9,377.0,322.0,699.0,2025-10-10 09:00:00+11:00,1
9,2025-10-10,15,651.0,141.0,792.0,2025-10-10 15:00:00+11:00,1
51,2025-10-10,11,131.0,100.0,231.0,2025-10-10 11:00:00+11:00,1
3,2025-10-10,17,1236.0,1470.0,2706.0,2025-10-10 17:00:00+11:00,1
5,2025-10-10,15,852.0,985.0,1837.0,2025-10-10 15:00:00+11:00,1
3,2025-10-10,10,369.0,486.0,855.0,2025-10-10 10:00:00+11:00,1
51,2025-10-10,14,142.0,131.0,273.0,2025-10-10 14:00:00+11:00,1
53,2025-10-10,13,831.0,590.0,1421.0,2025-10-10 13:00:00+11:00,1
51,2025-10-10,7,40.0,31.0,71.0,2025-10-10 07:00:00+11:00,1
5,2025-10-10,18,1194.0,1622.0,2816.0,2025-10-10 18:00:00+11:00,1
5,2025-10-10,1,27.0,58.0,85.0,2025-10-10 01:00:00+11:00,1
53,2025-10-10,5,9.0,9.0,18.0,2025-10-10 05:00:00+11:00,1
3,2025-10-10,2,49.0,44.0,93.0,2025-10-10 02:00:00+11:00,1
5,2025-10-10,2,15.0,19.0,34.0,2025-10-10 02:00:00+11:00,1
53,2025-10-10,4,1.0,6.0,7.0,2025-10-10 04:00:00+11:00,1
51,2025-10-10,13,138.0,157.0,295.0,2025-10-10 13:00:00+11:00,1
53,2025-10-10,22,161.0,172.0,333.0,2025-10-10 22:00:00+11:00,1
9,2025-10-10,10,150.0,411.0,561.0,2025-10-10 10:00:00+11:00,1
3,2025-10-10,21,1367.0,1217.0,2584.0,2025-10-10 21:00:00+11:00,1
3,2025-10-10,7,83.0,128.0,211.0,2025-10-10 07:00:00+11:00,1
51,2025-10-10,23,57.0,41.0,98.0,2025-10-10 23:00:00+11:00,1
5,2025-10-10,7,189.0,302.0,491.0,2025-10-10 07:00:00+11:00,1
3,2025-10-10,11,652.0,657.0,1309.0,2025-10-10 11:00:00+11:00,1
3,2025-10-10,14,951.0,1038.0,1989.0,2025-10-10 14:00:00+11:00,1
5,2025-10-10,13,791.0,879.0,1670.0,2025-10-10 13:00:00+11:00,1
51,2025-10-10,20,96.0,71.0,167.0,2025-10-10 20:00:00+11:00,1
53,2025-10-10,10,523.0,450.0,973.0,2025-10-10 10:00:00+11:00,1
5,2025-10-10,9,346.0,548.0,894.0,2025-10-10 09:00:00+11:00,1
9,2025-10-10,12,486.0,444.0,930.0,2025-10-10 12:00:00+11:00,1
53,2025-10-10,1,16.0,14.0,30.0,2025-10-10 01:00:00+11:00,1
9,2025-10-10,20,76.0,80.0,156.0,2025-10-10 20:00:00+11:00,1
51,2025-10-10,19,94.0,96.0,190.0,2025-10-10 19:00:00+11:00,1
5,2025-10-10,12,712.0,971.0,1683.0,2025-10-10 12:00:00+11:00,1
53,2025-10-10,21,179.0,234.0,413.0,2025-10-10 21:00:00+11:00,1
53,2025-10-10,7,111.0,93.0,204.0,2025-10-10 07:00:00+11:00,1
53,2025-10-10,0,32.0,29.0,61.0,2025-10-10 00:00:00+11:00,1
9,2025-10-10,2,3.0,4.0,7.0,2025-10-10 02:00:00+11:00,1
53,2025-10-10,16,707.0,560.0,1267.0,2025-10-10 16:00:00+11:00,1
9,2025-10-10,22,59.0,41.0,100.0,2025-10-10 22:00:00+11:00,1
5,2025-10-10,19,919.0,1546.0,2465.0,2025-10-10 19:00:00+11:00,1
9,2025-10-10,17,1091.0,152.0,1243.0,2025-10-10 17:00:00+11:00,1
5,2025-10-10,0,74.0,66.0,140.0,2025-10-10 00:00:00+11:00,1
53,2025-10-10,15,663.0,564.0,1227.0,2025-10-10 15:00:00+11:00,1
51,2025-10-10,2,13.0,13.0,26.0,2025-10-10 02:00:00+11:00,1
51,2025-10-10,10,124.0,108.0,232.0,2025-10-10 10:00:00+11:00,1
9,2025-10-10,9,158.0,1130.0,1288.0,2025-10-10 09:00:00+11:00,1
3,2025-10-10,16,1268.0,1275.0,2543.0,2025-10-10 16:00:00+11:00,1
51,2025-10-10,6,48.0,16.0,64.0,2025-10-10 06:00:00+11:00,1
51,2025-10-10,0,24.0,24.0,48.0,2025-10-10 00:00:00+11:00,1
9,2025-10-10,6,26.0,192.0,218.0,2025-10-10 06:00:00+11:00,1
5,2025-10-10,10,466.0,728.0,1194.0,2025-10-10 10:00:00+11:00,1
3,2025-10-10,18,1312.0,1581.0,2893.0,2025-10-10 18:00:00+11:00,1
51,2025-10-10,22,63.0,32.0,95.0,2025-10-10 22:00:00+11:00,1
5,2025-10-10,22,1640.0,841.0,2481.0,2025-10-10 22:00:00+11:00,1
9,2025-10-10,18,391.0,133.0,524.0,2025-10-10 18:00:00+11:00,1
51,2025-10-10,16,102.0,101.0,203.0,2025-10-10 16:00:00+11:00,1
3,2025-10-10,5,21.0,36.0,57.0,2025-10-10 05:00:00+11:00,1
3,2025-10-10,0,196.0,155.0,351.0,2025-10-10 00:00:00+11:00,1
9,2025-10-10,5,18.0,31.0,49.0,2025-10-10 05:00:00+11:00,1
5,2025-10-10,4,30.0,12.0,42.0,2025-10-10 04:00:00+11:00,1
5,2025-10-10,20,789.0,1063.0,1852.0,2025-10-10 20:00:00+11:00,1
53,2025-10-10,8,317.0,241.0,558.0,2025-10-10 08:00:00+11:00,1
5,2025-10-10,11,538.0,787.0,1325.0,2025-10-10 11:00:00+11:00,1
53,2025-10-10,17,803.0,533.0,1336.0,2025-10-10 17:00:00+11:00,1
51,2025-10-10,9,78.0,110.0,188.0,2025-10-10 09:00:00+11:00,1
53,2025-10-10,18,551.0,434.0,985.0,2025-10-10 18:00:00+11:00,1
3,2025-10-10,22,1011.0,888.0,1899.0,2025-10-10 22:00:00+11:00,1
9,2025-10-10,11,213.0,238.0,451.0,2025-10-10 11:00:00+11:00,1
51,2025-10-10,8,62.0,71.0,133.0,2025-10-10 08:00:00+11:00,1
3,2025-10-10,8,203.0,272.0,475.0,2025-10-10 08:00:00+11:00,1
51,2025-10-10,4,1.0,3.0,4.0,2025-10-10 04:00:00+11:00,1
5,2025-10-10,6,56.0,213.0,269.0,2025-10-10 06:00:00+11:00,1
5,2025-10-10,21,1165.0,887.0,2052.0,2025-10-10 21:00:00+11:00,1
9,2025-10-10,0,14.0,18.0,32.0,2025-10-10 00:00:00+11:00,1
5,2025-10-10,16,964.0,1111.0,2075.0,2025-10-10 16:00:00+11:00,1
3,2025-10-10,6,38.0,102.0,140.0,2025-10-10 06:00:00+11:00,1
9,2025-10-10,8,103.0,1646.0,1749.0,2025-10-10 08:00:00+11:00,1
51,2025-10-10,17,94.0,95.0,189.0,2025-10-10 17:00:00+11:00,1
53,2025-10-10,11,618.0,438.0,1056.0,2025-10-10 11:00:00+11:00,1
53,2025-10-10,6,41.0,23.0,64.0,2025-10-10 06:00:00+11:00,1
53,2025-10-10,2,5.0,7.0,12.0,2025-10-10 02:00:00+11:00,1
3,2025-10-10,4,19.0,24.0,43.0,2025-10-10 04:00:00+11:00,1
9,2025-10-10,13,342.0,362.0,704.0,2025-10-10 13:00:00+11:00,1
5,2025-10-10,17,1088.0,1582.0,2670.0,2025-10-10 17:00:00+11:00,1
5,2025-10-10,8,317.0,639.0,956.0,2025-10-10 08:00:00+11:00,1
3,2025-10-10,19,1315.0,1457.0,2772.0,2025-10-10 19:00:00+11:00,1
51,2025-10-10,3,7.0,5.0,12.0,2025-10-10 03:00:00+11:00,1
3,2025-10-10,23,883.0,776.0,1659.0,2025-10-10 23:00:00+11:00,1
9,2025-10-10,14,405.0,236.0,641.0,2025-10-10 14:00:00+11:00,1
5,2025-10-10,3,34.0,24.0,58.0,2025-10-10 03:00:00+11:00,1
3,2025-10-10,12,950.0,1095.0,2045.0,2025-10-10 12:00:00+11:00,1
53,2025-10-10,3,7.0,1.0,8.0,2025-10-10 03:00:00+11:00,1
51,2025-10-10,5,8.0,9.0,17.0,2025-10-10 05:00:00+11:00,1
9,2025-10-10,16,1230.0,119.0,1349.0,2025-10-10 16:00:00+11:00,1
51,2025-10-10,12,144.0,157.0,301.0,2025-10-10 12:00:00+11:00,1
3,2025-10-10,1,144.0,79.0,223.0,2025-10-10 01:00:00+11:00,1
5,2025-10-10,14,776.0,793.0,1569.0,2025-10-10 14:00:00+11:00,1
5,2025-10-10,23,1916.0,541.0,2457.0,2025-10-10 23:00:00+11:00,1
9,2025-10-10,4,3.0,3.0,6.0,2025-10-10 04:00:00+11:00,1
53,2025-10-10,12,809.0,717.0,1526.0,2025-10-10 12:00:00+11:00,1
3,2025-10-10,3,55.0,30.0,85.0,2025-10-10 03:00:00+11:00,1
53,2025-10-10,20,288.0,302.0,590.0,2025-10-10 20:00:00+11:00,1
51,2025-10-10,21,62.0,48.0,110.0,2025-10-10 21:00:00+11:00,1
9,2025-10-10,21,62.0,52.0,114.0,2025-10-10 21:00:00+11:00,1
9,2025-10-10,19,159.0,78.0,237.0,2025-10-10 19:00:00+11:00,1
3,2025-10-10,9,300.0,376.0,676.0,2025-10-10 09:00:00+11:00,1
53,2025-10-10,19,380.0,337.0,717.0,2025-10-10 19:00:00+11:00,1
51,2025-10-10,18,99.0,86.0,185.0,2025-10-10 18:00:00+11:00,1
53,2025-10-09,10,538.0,432.0,970.0,2025-10-09 10:00:00+11:00,1
3,2025-10-09,14,1037.0,1055.0,2092.0,2025-10-09 14:00:00+11:00,1
51,2025-10-09,11,105.0,105.0,210.0,2025-10-09 11:00:00+11:00,1
51,2025-10-09,6,51.0,15.0,66.0,2025-10-09 06:00:00+11:00,1
51,2025-10-09,13,180.0,143.0,323.0,2025-10-09 13:00:00+11:00,1
51,2025-10-09,12,172.0,161.0,333.0,2025-10-09 12:00:00+11:00,1
51,2025-10-09,4,9.0,7.0,16.0,2025-10-09 04:00:00+11:00,1
5,2025-10-09,13,773.0,789.0,1562.0,2025-10-09 13:00:00+11:00,1
3,2025-10-09,10,401.0,538.0,939.0,2025-10-09 10:00:00+11:00,1
3,2025-10-09,22,665.0,575.0,1240.0,2025-10-09 22:00:00+11:00,1
3,2025-10-09,1,76.0,55.0,131.0,2025-10-09 01:00:00+11:00,1
51,2025-10-09,19,73.0,85.0,158.0,2025-10-09 19:00:00+11:00,1
51,2025-10-09,7,52.0,53.0,105.0,2025-10-09 07:00:00+11:00,1
3,2025-10-09,16,1180.0,1291.0,2471.0,2025-10-09 16:00:00+11:00,1
9,2025-10-09,9,178.0,1977.0,2155.0,2025-10-09 09:00:00+11:00,1
53,2025-10-09,2,6.0,6.0,12.0,2025-10-09 02:00:00+11:00,1
5,2025-10-09,0,74.0,69.0,143.0,2025-10-09 00:00:00+11:00,1
5,2025-10-09,2,16.0,17.0,33.0,2025-10-09 02:00:00+11:00,1
51,2025-10-09,15,121.0,97.0,218.0,2025-10-09 15:00:00+11:00,1
5,2025-10-09,16,1051.0,947.0,1998.0,2025-10-09 16:00:00+11:00,1
51,2025-10-09,2,4.0,5.0,9.0,2025-10-09 02:00:00+11:00,1
53,2025-10-09,16,708.0,588.0,1296.0,2025-10-09 16:00:00+11:00,1
5,2025-10-09,4,40.0,6.0,46.0,2025-10-09 04:00:00+11:00,1
9,2025-10-09,22,47.0,48.0,95.0,2025-10-09 22:00:00+11:00,1
51,2025-10-09,3,5.0,7.0,12.0,2025-10-09 03:00:00+11:00,1
5,2025-10-09,10,476.0,609.0,1085.0,2025-10-09 10:00:00+11:00,1
53,2025-10-09,6,28.0,27.0,55.0,2025-10-09 06:00:00+11:00,1
53,2025-10-09,9,382.0,339.0,721.0,2025-10-09 09:00:00+11:00,1
53,2025-10-09,19,313.0,194.0,507.0,2025-10-09 19:00:00+11:00,1
9,2025-10-09,16,2385.0,270.0,2655.0,2025-10-09 16:00:00+11:00,1
3,2025-10-09,3,30.0,18.0,48.0,2025-10-09 03:00:00+11:00,1
53,2025-10-09,22,103.0,187.0,290.0,2025-10-09 22:00:00+11:00,1
9,2025-10-09,21,97.0,79.0,176.0,2025-10-09 21:00:00+11:00,1
53,2025-10-09,14,751.0,685.0,1436.0,2025-10-09 14:00:00+11:00,1
51,2025-10-09,23,37.0,34.0,71.0,2025-10-09 23:00:00+11:00,1
5,2025-10-09,18,1178.0,1378.0,2556.0,2025-10-09 18:00:00+11:00,1
9,2025-10-09,19,413.0,106.0,519.0,2025-10-09 19:00:00+11:00,1
9,2025-10-09,1,0.0,1.0,1.0,2025-10-09 01:00:00+11:00,1
53,2025-10-09,18,629.0,386.0,1015.0,2025-10-09 18:00:00+11:00,1
5,2025-10-09,22,792.0,524.0,1316.0,2025-10-09 22:00:00+11:00,1
9,2025-10-09,2,7.0,2.0,9.0,2025-10-09 02:00:00+11:00,1
5,2025-10-09,12,805.0,868.0,1673.0,2025-10-09 12:00:00+11:00,1
9,2025-10-09,10,212.0,593.0,805.0,2025-10-09 10:00:00+11:00,1
5,2025-10-09,21,877.0,700.0,1577.0,2025-10-09 21:00:00+11:00,1
3,2025-10-09,7,80.0,146.0,226.0,2025-10-09 07:00:00+11:00,1
51,2025-10-09,18,87.0,85.0,172.0,2025-10-09 18:00:00+11:00,1
3,2025-10-09,21,1073.0,939.0,2012.0,2025-10-09 21:00:00+11:00,1
3,2025-10-09,6,37.0,78.0,115.0,2025-10-09 06:00:00+11:00,1
53,2025-10-09,20,207.0,279.0,486.0,2025-10-09 20:00:00+11:00,1
3,2025-10-09,23,356.0,474.0,830.0,2025-10-09 23:00:00+11:00,1
9,2025-10-09,3,3.0,2.0,5.0,2025-10-09 03:00:00+11:00,1
5,2025-10-09,6,71.0,267.0,338.0,2025-10-09 06:00:00+11:00,1
5,2025-10-09,23,174.0,223.0,397.0,2025-10-09 23:00:00+11:00,1
5,2025-10-09,7,251.0,453.0,704.0,2025-10-09 07:00:00+11:00,1
3,2025-10-09,0,162.0,84.0,246.0,2025-10-09 00:00:00+11:00,1
53,2025-10-09,17,785.0,547.0,1332.0,2025-10-09 17:00:00+11:00,1
3,2025-10-09,2,58.0,31.0,89.0,2025-10-09 02:00:00+11:00,1
9,2025-10-09,4,6.0,3.0,9.0,2025-10-09 04:00:00+11:00,1
51,2025-10-09,17,124.0,118.0,242.0,2025-10-09 17:00:00+11:00,1
5,2025-10-09,9,386.0,742.0,1128.0,2025-10-09 09:00:00+11:00,1
3,2025-10-09,12,1014.0,1231.0,2245.0,2025-10-09 12:00:00+11:00,1
3,2025-10-09,11,563.0,737.0,1300.0,2025-10-09 11:00:00+11:00,1
3,2025-10-09,4,8.0,13.0,21.0,2025-10-09 04:00:00+11:00,1
53,2025-10-09,15,706.0,569.0,1275.0,2025-10-09 15:00:00+11:00,1
9,2025-10-09,7,71.0,1151.0,1222.0,2025-10-09 07:00:00+11:00,1
3,2025-10-09,18,1309.0,1505.0,2814.0,2025-10-09 18:00:00+11:00,1
3,2025-10-09,19,1142.0,1253.0,2395.0,2025-10-09 19:00:00+11:00,1
51,2025-10-09,21,56.0,63.0,119.0,2025-10-09 21:00:00+11:00,1
9,2025-10-09,13,563.0,562.0,1125.0,2025-10-09 13:00:00+11:00,1
9,2025-10-09,18,1098.0,175.0,1273.0,2025-10-09 18:00:00+11:00,1
9,2025-10-09,8,126.0,3437.0,3563.0,2025-10-09 08:00:00+11:00,1
9,2025-10-09,17,2669.0,301.0,2970.0,2025-10-09 17:00:00+11:00,1
9,2025-10-09,14,605.0,282.0,887.0,2025-10-09 14:00:00+11:00,1
53,2025-10-09,0,10.0,25.0,35.0,2025-10-09 00:00:00+11:00,1
3,2025-10-09,17,1383.0,1497.0,2880.0,2025-10-09 17:00:00+11:00,1
51,2025-10-09,5,9.0,7.0,16.0,2025-10-09 05:00:00+11:00,1
53,2025-10-09,23,44.0,98.0,142.0,2025-10-09 23:00:00+11:00,1
51,2025-10-09,10,94.0,106.0,200.0,2025-10-09 10:00:00+11:00,1
9,2025-10-09,5,26.0,43.0,69.0,2025-10-09 05:00:00+11:00,1
5,2025-10-09,8,453.0,906.0,1359.0,2025-10-09 08:00:00+11:00,1
53,2025-10-09,13,908.0,806.0,1714.0,2025-10-09 13:00:00+11:00,1
3,2025-10-09,9,279.0,374.0,653.0,2025-10-09 09:00:00+11:00,1
53,2025-10-09,3,2.0,4.0,6.0,2025-10-09 03:00:00+11:00,1
3,2025-10-09,8,273.0,377.0,650.0,2025-10-09 08:00:00+11:00,1
53,2025-10-09,11,652.0,573.0,1225.0,2025-10-09 11:00:00+11:00,1
5,2025-10-09,20,651.0,695.0,1346.0,2025-10-09 20:00:00+11:00,1
5,2025-10-09,19,814.0,1307.0,2121.0,2025-10-09 19:00:00+11:00,1
9,2025-10-09,12,750.0,569.0,1319.0,2025-10-09 12:00:00+11:00,1
5,2025-10-09,14,715.0,875.0,1590.0,2025-10-09 14:00:00+11:00,1
53,2025-10-09,1,5.0,12.0,17.0,2025-10-09 01:00:00+11:00,1
53,2025-10-09,8,450.0,317.0,767.0,2025-10-09 08:00:00+11:00,1
9,2025-10-09,0,6.0,13.0,19.0,2025-10-09 00:00:00+11:00,1
53,2025-10-09,21,196.0,248.0,444.0,2025-10-09 21:00:00+11:00,1
5,2025-10-09,5,36.0,78.0,114.0,2025-10-09 05:00:00+11:00,1
3,2025-10-09,15,1106.0,1113.0,2219.0,2025-10-09 15:00:00+11:00,1
5,2025-10-09,1,21.0,23.0,44.0,2025-10-09 01:00:00+11:00,1
51,2025-10-09,14,204.0,131.0,335.0,2025-10-09 14:00:00+11:00,1
3,2025-10-09,13,1162.0,1145.0,2307.0,2025-10-09 13:00:00+11:00,1
53,2025-10-09,4,1.0,2.0,3.0,2025-10-09 04:00:00+11:00,1
9,2025-10-09,11,326.0,359.0,685.0,2025-10-09 11:00:00+11:00,1
51,2025-10-09,0,15.0,14.0,29.0,2025-10-09 00:00:00+11:00,1
53,2025-10-09,5,12.0,12.0,24.0,2025-10-09 05:00:00+11:00,1
9,2025-10-09,15,1007.0,241.0,1248.0,2025-10-09 15:00:00+11:00,1
9,2025-10-09,23,26.0,30.0,56.0,2025-10-09 23:00:00+11:00,1
9,2025-10-09,20,285.0,72.0,357.0,2025-10-09 20:00:00+11:00,1
51,2025-10-09,20,86.0,62.0,148.0,2025-10-09 20:00:00+11:00,1
5,2025-10-09,15,924.0,850.0,1774.0,2025-10-09 15:00:00+11:00,1
53,2025-10-09,12,970.0,738.0,1708.0,2025-10-09 12:00:00+11:00,1
3,2025-10-09,20,1199.0,1101.0,2300.0,2025-10-09 20:00:00+11:00,1
51,2025-10-09,22,41.0,54.0,95.0,2025-10-09 22:00:00+11:00,1
51,2025-10-09,1,9.0,9.0,18.0,2025-10-09 01:00:00+11:00,1
51,2025-10-09,9,94.0,89.0,183.0,2025-10-09 09:00:00+11:00,1
5,2025-10-09,17,1474.0,1258.0,2732.0,2025-10-09 17:00:00+11:00,1
5,2025-10-09,3,21.0,15.0,36.0,2025-10-09 03:00:00+11:00,1
51,2025-10-09,16,141.0,128.0,269.0,2025-10-09 16:00:00+11:00,1
3,2025-10-09,5,19.0,27.0,46.0,2025-10-09 05:00:00+11:00,1
53,2025-10-09,7,119.0,113.0,232.0,2025-10-09 07:00:00+11:00,1
51,2025-10-09,8,74.0,77.0,151.0,2025-10-09 08:00:00+11:00,1
5,2025-10-09,11,517.0,696.0,1213.0,2025-10-09 11:00:00+11:00,1
9,2025-10-09,6,36.0,333.0,369.0,2025-10-09 06:00:00+11:00,1
5,2025-10-08,19,622.0,855.0,1477.0,2025-10-08 19:00:00+11:00,1
53,2025-10-08,22,92.0,140.0,232.0,2025-10-08 22:00:00+11:00,1
53,2025-10-08,8,404.0,276.0,680.0,2025-10-08 08:00:00+11:00,1
9,2025-10-08,23,23.0,11.0,34.0,2025-10-08 23:00:00+11:00,1
51,2025-10-08,3,6.0,5.0,11.0,2025-10-08 03:00:00+11:00,1
3,2025-10-08,6,26.0,70.0,96.0,2025-10-08 06:00:00+11:00,1
53,2025-10-08,23,28.0,45.0,73.0,2025-10-08 23:00:00+11:00,1
3,2025-10-08,5,12.0,23.0,35.0,2025-10-08 05:00:00+11:00,1
53,2025-10-08,0,11.0,9.0,20.0,2025-10-08 00:00:00+11:00,1
53,2025-10-08,9,415.0,314.0,729.0,2025-10-08 09:00:00+11:00,1
9,2025-10-08,15,1044.0,140.0,1184.0,2025-10-08 15:00:00+11:00,1
9,2025-10-08,6,15.0,346.0,361.0,2025-10-08 06:00:00+11:00,1
53,2025-10-08,20,137.0,220.0,357.0,2025-10-08 20:00:00+11:00,1
5,2025-10-08,7,226.0,417.0,643.0,2025-10-08 07:00:00+11:00,1
5,2025-10-08,14,736.0,692.0,1428.0,2025-10-08 14:00:00+11:00,1
5,2025-10-08,21,715.0,530.0,1245.0,2025-10-08 21:00:00+11:00,1
53,2025-10-08,11,635.0,420.0,1055.0,2025-10-08 11:00:00+11:00,1
9,2025-10-08,4,4.0,0.0,4.0,2025-10-08 04:00:00+11:00,1
3,2025-10-08,0,122.0,102.0,224.0,2025-10-08 00:00:00+11:00,1
5,2025-10-08,9,309.0,589.0,898.0,2025-10-08 09:00:00+11:00,1
9,2025-10-08,5,23.0,38.0,61.0,2025-10-08 05:00:00+11:00,1
9,2025-10-08,13,499.0,505.0,1004.0,2025-10-08 13:00:00+11:00,1
3,2025-10-08,20,940.0,944.0,1884.0,2025-10-08 20:00:00+11:00,1
53,2025-10-08,17,649.0,475.0,1124.0,2025-10-08 17:00:00+11:00,1
5,2025-10-08,15,927.0,767.0,1694.0,2025-10-08 15:00:00+11:00,1
3,2025-10-08,12,1002.0,1189.0,2191.0,2025-10-08 12:00:00+11:00,1
51,2025-10-08,8,86.0,58.0,144.0,2025-10-08 08:00:00+11:00,1
51,2025-10-08,14,118.0,115.0,233.0,2025-10-08 14:00:00+11:00,1
3,2025-10-08,1,56.0,36.0,92.0,2025-10-08 01:00:00+11:00,1
51,2025-10-08,6,51.0,12.0,63.0,2025-10-08 06:00:00+11:00,1
5,2025-10-08,13,788.0,888.0,1676.0,2025-10-08 13:00:00+11:00,1
3,2025-10-08,9,313.0,349.0,662.0,2025-10-08 09:00:00+11:00,1
3,2025-10-08,14,1082.0,1024.0,2106.0,2025-10-08 14:00:00+11:00,1
5,2025-10-08,8,418.0,873.0,1291.0,2025-10-08 08:00:00+11:00,1
51,2025-10-08,12,117.0,134.0,251.0,2025-10-08 12:00:00+11:00,1
3,2025-10-08,17,1303.0,1370.0,2673.0,2025-10-08 17:00:00+11:00,1
5,2025-10-08,16,1207.0,824.0,2031.0,2025-10-08 16:00:00+11:00,1
3,2025-10-08,15,975.0,1108.0,2083.0,2025-10-08 15:00:00+11:00,1
51,2025-10-08,1,7.0,19.0,26.0,2025-10-08 01:00:00+11:00,1
9,2025-10-08,8,129.0,3174.0,3303.0,2025-10-08 08:00:00+11:00,1
51,2025-10-08,5,17.0,12.0,29.0,2025-10-08 05:00:00+11:00,1
51,2025-10-08,10,109.0,74.0,183.0,2025-10-08 10:00:00+11:00,1
9,2025-10-08,1,0.0,3.0,3.0,2025-10-08 01:00:00+11:00,1
53,2025-10-08,15,642.0,545.0,1187.0,2025-10-08 15:00:00+11:00,1
3,2025-10-08,13,1073.0,1103.0,2176.0,2025-10-08 13:00:00+11:00,1
51,2025-10-08,9,81.0,59.0,140.0,2025-10-08 09:00:00+11:00,1
51,2025-10-08,20,141.0,77.0,218.0,2025-10-08 20:00:00+11:00,1
3,2025-10-08,4,13.0,11.0,24.0,2025-10-08 04:00:00+11:00,1
9,2025-10-08,10,169.0,528.0,697.0,2025-10-08 10:00:00+11:00,1
53,2025-10-08,18,560.0,342.0,902.0,2025-10-08 18:00:00+11:00,1
53,2025-10-08,19,238.0,209.0,447.0,2025-10-08 19:00:00+11:00,1
9,2025-10-08,18,752.0,133.0,885.0,2025-10-08 18:00:00+11:00,1
51,2025-10-08,0,13.0,11.0,24.0,2025-10-08 00:00:00+11:00,1
9,2025-10-08,12,664.0,523.0,1187.0,2025-10-08 12:00:00+11:00,1
5,2025-10-08,0,37.0,44.0,81.0,2025-10-08 00:00:00+11:00,1
9,2025-10-08,11,297.0,339.0,636.0,2025-10-08 11:00:00+11:00,1
53,2025-10-08,4,1.0,4.0,5.0,2025-10-08 04:00:00+11:00,1
51,2025-10-08,21,87.0,64.0,151.0,2025-10-08 21:00:00+11:00,1
51,2025-10-08,19,112.0,120.0,232.0,2025-10-08 19:00:00+11:00,1
9,2025-10-08,19,217.0,86.0,303.0,2025-10-08 19:00:00+11:00,1
5,2025-10-08,17,1487.0,1159.0,2646.0,2025-10-08 17:00:00+11:00,1
3,2025-10-08,10,362.0,425.0,787.0,2025-10-08 10:00:00+11:00,1
9,2025-10-08,21,46.0,42.0,88.0,2025-10-08 21:00:00+11:00,1
3,2025-10-08,18,1072.0,1335.0,2407.0,2025-10-08 18:00:00+11:00,1
53,2025-10-08,14,688.0,632.0,1320.0,2025-10-08 14:00:00+11:00,1
5,2025-10-08,22,732.0,443.0,1175.0,2025-10-08 22:00:00+11:00,1
53,2025-10-08,5,8.0,11.0,19.0,2025-10-08 05:00:00+11:00,1
5,2025-10-08,1,9.0,29.0,38.0,2025-10-08 01:00:00+11:00,1
5,2025-10-08,23,188.0,165.0,353.0,2025-10-08 23:00:00+11:00,1
51,2025-10-08,18,114.0,139.0,253.0,2025-10-08 18:00:00+11:00,1
51,2025-10-08,17,139.0,146.0,285.0,2025-10-08 17:00:00+11:00,1
5,2025-10-08,11,562.0,742.0,1304.0,2025-10-08 11:00:00+11:00,1
5,2025-10-08,20,602.0,614.0,1216.0,2025-10-08 20:00:00+11:00,1
5,2025-10-08,6,71.0,305.0,376.0,2025-10-08 06:00:00+11:00,1
51,2025-10-08,13,175.0,139.0,314.0,2025-10-08 13:00:00+11:00,1
9,2025-10-08,9,174.0,1868.0,2042.0,2025-10-08 09:00:00+11:00,1
3,2025-10-08,7,86.0,137.0,223.0,2025-10-08 07:00:00+11:00,1
3,2025-10-08,21,789.0,768.0,1557.0,2025-10-08 21:00:00+11:00,1
51,2025-10-08,4,1.0,3.0,4.0,2025-10-08 04:00:00+11:00,1
3,2025-10-08,2,50.0,34.0,84.0,2025-10-08 02:00:00+11:00,1
3,2025-10-08,8,237.0,330.0,567.0,2025-10-08 08:00:00+11:00,1
53,2025-10-08,7,129.0,96.0,225.0,2025-10-08 07:00:00+11:00,1
5,2025-10-08,10,352.0,529.0,881.0,2025-10-08 10:00:00+11:00,1
51,2025-10-08,23,30.0,17.0,47.0,2025-10-08 23:00:00+11:00,1
53,2025-10-08,3,3.0,3.0,6.0,2025-10-08 03:00:00+11:00,1
53,2025-10-08,13,1028.0,764.0,1792.0,2025-10-08 13:00:00+11:00,1
5,2025-10-08,2,16.0,11.0,27.0,2025-10-08 02:00:00+11:00,1
3,2025-10-08,11,617.0,707.0,1324.0,2025-10-08 11:00:00+11:00,1
53,2025-10-08,1,12.0,11.0,23.0,2025-10-08 01:00:00+11:00,1
5,2025-10-08,5,40.0,65.0,105.0,2025-10-08 05:00:00+11:00,1
5,2025-10-08,3,32.0,14.0,46.0,2025-10-08 03:00:00+11:00,1
3,2025-10-08,19,983.0,1030.0,2013.0,2025-10-08 19:00:00+11:00,1
5,2025-10-08,12,762.0,929.0,1691.0,2025-10-08 12:00:00+11:00,1
53,2025-10-08,16,621.0,510.0,1131.0,2025-10-08 16:00:00+11:00,1
9,2025-10-08,22,54.0,35.0,89.0,2025-10-08 22:00:00+11:00,1
3,2025-10-08,23,257.0,261.0,518.0,2025-10-08 23:00:00+11:00,1
5,2025-10-08,18,954.0,1568.0,2522.0,2025-10-08 18:00:00+11:00,1
51,2025-10-08,11,84.0,95.0,179.0,2025-10-08 11:00:00+11:00,1
9,2025-10-08,2,2.0,2.0,4.0,2025-10-08 02:00:00+11:00,1
51,2025-10-08,2,7.0,15.0,22.0,2025-10-08 02:00:00+11:00,1
51,2025-10-08,16,130.0,112.0,242.0,2025-10-08 16:00:00+11:00,1
51,2025-10-08,7,38.0,23.0,61.0,2025-10-08 07:00:00+11:00,1
3,2025-10-08,3,37.0,28.0,65.0,2025-10-08 03:00:00+11:00,1
53,2025-10-08,6,28.0,19.0,47.0,2025-10-08 06:00:00+11:00,1
53,2025-10-08,12,893.0,813.0,1706.0,2025-10-08 12:00:00+11:00,1
5,2025-10-08,4,37.0,11.0,48.0,2025-10-08 04:00:00+11:00,1
3,2025-10-08,22,510.0,411.0,921.0,2025-10-08 22:00:00+11:00,1
9,2025-10-08,17,2651.0,152.0,2803.0,2025-10-08 17:00:00+11:00,1
53,2025-10-08,2,3.0,3.0,6.0,2025-10-08 02:00:00+11:00,1
53,2025-10-08,21,117.0,199.0,316.0,2025-10-08 21:00:00+11:00,1
51,2025-10-08,22,61.0,59.0,120.0,2025-10-08 22:00:00+11:00,1
9,2025-10-08,3,0.0,2.0,2.0,2025-10-08 03:00:00+11:00,1
53,2025-10-08,10,479.0,341.0,820.0,2025-10-08 10:00:00+11:00,1
9,2025-10-08,20,140.0,73.0,213.0,2025-10-08 20:00:00+11:00,1
9,2025-10-08,16,2534.0,133.0,2667.0,2025-10-08 16:00:00+11:00,1
9,2025-10-08,7,76.0,1209.0,1285.0,2025-10-08 07:00:00+11:00,1
51,2025-10-08,15,113.0,133.0,246.0,2025-10-08 15:00:00+11:00,1
3,2025-10-08,16,1035.0,1215.0,2250.0,2025-10-08 16:00:00+11:00,1
9,2025-10-08,14,553.0,230.0,783.0,2025-10-08 14:00:00+11:00,1
9,2025-10-08,0,6.0,6.0,12.0,2025-10-08 00:00:00+11:00,1
3,2025-10-07,2,21.0,12.0,33.0,2025-10-07 02:00:00+11:00,1
3,2025-10-07,21,811.0,671.0,1482.0,2025-10-07 21:00:00+11:00,1
51,2025-10-07,11,117.0,153.0,270.0,2025-10-07 11:00:00+11:00,1
5,2025-10-07,15,901.0,878.0,1779.0,2025-10-07 15:00:00+11:00,1
9,2025-10-07,12,625.0,517.0,1142.0,2025-10-07 12:00:00+11:00,1
53,2025-10-07,1,8.0,5.0,13.0,2025-10-07 01:00:00+11:00,1
3,2025-10-07,6,30.0,78.0,108.0,2025-10-07 06:00:00+11:00,1
51,2025-10-07,5,10.0,8.0,18.0,2025-10-07 05:00:00+11:00,1
53,2025-10-07,10,428.0,433.0,861.0,2025-10-07 10:00:00+11:00,1
3,2025-10-07,15,1002.0,1113.0,2115.0,2025-10-07 15:00:00+11:00,1
5,2025-10-07,4,31.0,8.0,39.0,2025-10-07 04:00:00+11:00,1
3,2025-10-07,7,69.0,139.0,208.0,2025-10-07 07:00:00+11:00,1
3,2025-10-07,23,251.0,275.0,526.0,2025-10-07 23:00:00+11:00,1
9,2025-10-07,11,296.0,337.0,633.0,2025-10-07 11:00:00+11:00,1
9,2025-10-07,7,53.0,1338.0,1391.0,2025-10-07 07:00:00+11:00,1
5,2025-10-07,16,1068.0,910.0,1978.0,2025-10-07 16:00:00+11:00,1
9,2025-10-07,14,457.0,232.0,689.0,2025-10-07 14:00:00+11:00,1
53,2025-10-07,2,4.0,1.0,5.0,2025-10-07 02:00:00+11:00,1
51,2025-10-07,2,4.0,3.0,7.0,2025-10-07 02:00:00+11:00,1
51,2025-10-07,15,135.0,130.0,265.0,2025-10-07 15:00:00+11:00,1
9,2025-10-07,20,121.0,72.0,193.0,2025-10-07 20:00:00+11:00,1
5,2025-10-07,7,170.0,475.0,645.0,2025-10-07 07:00:00+11:00,1
53,2025-10-07,9,415.0,309.0,724.0,2025-10-07 09:00:00+11:00,1
3,2025-10-07,3,21.0,8.0,29.0,2025-10-07 03:00:00+11:00,1
5,2025-10-07,20,542.0,548.0,1090.0,2025-10-07 20:00:00+11:00,1
53,2025-10-07,4,2.0,2.0,4.0,2025-10-07 04:00:00+11:00,1
53,2025-10-07,22,80.0,58.0,138.0,2025-10-07 22:00:00+11:00,1
53,2025-10-07,19,214.0,215.0,429.0,2025-10-07 19:00:00+11:00,1
5,2025-10-07,19,730.0,1421.0,2151.0,2025-10-07 19:00:00+11:00,1
9,2025-10-07,22,41.0,49.0,90.0,2025-10-07 22:00:00+11:00,1
3,2025-10-07,11,566.0,718.0,1284.0,2025-10-07 11:00:00+11:00,1
51,2025-10-07,23,23.0,28.0,51.0,2025-10-07 23:00:00+11:00,1
53,2025-10-07,5,7.0,4.0,11.0,2025-10-07 05:00:00+11:00,1
5,2025-10-07,22,825.0,253.0,1078.0,2025-10-07 22:00:00+11:00,1
53,2025-10-07,12,956.0,789.0,1745.0,2025-10-07 12:00:00+11:00,1
51,2025-10-07,17,126.0,108.0,234.0,2025-10-07 17:00:00+11:00,1
9,2025-10-07,23,26.0,20.0,46.0,2025-10-07 23:00:00+11:00,1
5,2025-10-07,12,744.0,765.0,1509.0,2025-10-07 12:00:00+11:00,1
51,2025-10-07,19,105.0,75.0,180.0,2025-10-07 19:00:00+11:00,1
51,2025-10-07,18,126.0,89.0,215.0,2025-10-07 18:00:00+11:00,1
5,2025-10-07,23,99.0,116.0,215.0,2025-10-07 23:00:00+11:00,1
51,2025-10-07,3,2.0,4.0,6.0,2025-10-07 03:00:00+11:00,1
3,2025-10-07,10,375.0,471.0,846.0,2025-10-07 10:00:00+11:00,1
9,2025-10-07,3,3.0,2.0,5.0,2025-10-07 03:00:00+11:00,1
51,2025-10-07,12,141.0,164.0,305.0,2025-10-07 12:00:00+11:00,1
5,2025-10-07,13,749.0,873.0,1622.0,2025-10-07 13:00:00+11:00,1
3,2025-10-07,0,85.0,65.0,150.0,2025-10-07 00:00:00+11:00,1
51,2025-10-07,4,2.0,3.0,5.0,2025-10-07 04:00:00+11:00,1
51,2025-10-07,20,65.0,68.0,133.0,2025-10-07 20:00:00+11:00,1
5,2025-10-07,5,47.0,67.0,114.0,2025-10-07 05:00:00+11:00,1
51,2025-10-07,16,92.0,100.0,192.0,2025-10-07 16:00:00+11:00,1
9,2025-10-07,18,1018.0,98.0,1116.0,2025-10-07 18:00:00+11:00,1
3,2025-10-07,9,302.0,314.0,616.0,2025-10-07 09:00:00+11:00,1
53,2025-10-07,0,5.0,9.0,14.0,2025-10-07 00:00:00+11:00,1
9,2025-10-07,13,487.0,475.0,962.0,2025-10-07 13:00:00+11:00,1
5,2025-10-07,9,305.0,701.0,1006.0,2025-10-07 09:00:00+11:00,1
53,2025-10-07,21,91.0,160.0,251.0,2025-10-07 21:00:00+11:00,1
9,2025-10-07,0,7.0,11.0,18.0,2025-10-07 00:00:00+11:00,1
5,2025-10-07,17,1945.0,1382.0,3327.0,2025-10-07 17:00:00+11:00,1
5,2025-10-07,10,352.0,530.0,882.0,2025-10-07 10:00:00+11:00,1
5,2025-10-07,14,860.0,860.0,1720.0,2025-10-07 14:00:00+11:00,1
51,2025-10-07,8,72.0,75.0,147.0,2025-10-07 08:00:00+11:00,1
3,2025-10-07,4,11.0,11.0,22.0,2025-10-07 04:00:00+11:00,1
5,2025-10-07,21,572.0,458.0,1030.0,2025-10-07 21:00:00+11:00,1
53,2025-10-07,18,461.0,341.0,802.0,2025-10-07 18:00:00+11:00,1
53,2025-10-07,8,449.0,313.0,762.0,2025-10-07 08:00:00+11:00,1
51,2025-10-07,0,17.0,20.0,37.0,2025-10-07 00:00:00+11:00,1
51,2025-10-07,14,139.0,165.0,304.0,2025-10-07 14:00:00+11:00,1
9,2025-10-07,5,21.0,42.0,63.0,2025-10-07 05:00:00+11:00,1
51,2025-10-07,1,12.0,14.0,26.0,2025-10-07 01:00:00+11:00,1
5,2025-10-07,8,382.0,892.0,1274.0,2025-10-07 08:00:00+11:00,1
51,2025-10-07,13,161.0,131.0,292.0,2025-10-07 13:00:00+11:00,1
53,2025-10-07,17,678.0,543.0,1221.0,2025-10-07 17:00:00+11:00,1
3,2025-10-07,17,1233.0,1412.0,2645.0,2025-10-07 17:00:00+11:00,1
5,2025-10-07,6,63.0,272.0,335.0,2025-10-07 06:00:00+11:00,1
53,2025-10-07,3,2.0,1.0,3.0,2025-10-07 03:00:00+11:00,1
3,2025-10-07,8,266.0,320.0,586.0,2025-10-07 08:00:00+11:00,1
3,2025-10-07,1,52.0,45.0,97.0,2025-10-07 01:00:00+11:00,1
3,2025-10-07,16,1137.0,1166.0,2303.0,2025-10-07 16:00:00+11:00,1
3,2025-10-07,22,375.0,351.0,726.0,2025-10-07 22:00:00+11:00,1
9,2025-10-07,2,6.0,2.0,8.0,2025-10-07 02:00:00+11:00,1
9,2025-10-07,9,163.0,1934.0,2097.0,2025-10-07 09:00:00+11:00,1
53,2025-10-07,16,663.0,567.0,1230.0,2025-10-07 16:00:00+11:00,1
9,2025-10-07,16,2531.0,122.0,2653.0,2025-10-07 16:00:00+11:00,1
53,2025-10-07,20,122.0,194.0,316.0,2025-10-07 20:00:00+11:00,1
51,2025-10-07,22,40.0,41.0,81.0,2025-10-07 22:00:00+11:00,1
5,2025-10-07,1,16.0,22.0,38.0,2025-10-07 01:00:00+11:00,1
53,2025-10-07,14,700.0,642.0,1342.0,2025-10-07 14:00:00+11:00,1
53,2025-10-07,11,564.0,427.0,991.0,2025-10-07 11:00:00+11:00,1
9,2025-10-07,17,2962.0,138.0,3100.0,2025-10-07 17:00:00+11:00,1
53,2025-10-07,6,27.0,39.0,66.0,2025-10-07 06:00:00+11:00,1
5,2025-10-07,0,57.0,50.0,107.0,2025-10-07 00:00:00+11:00,1
3,2025-10-07,14,971.0,978.0,1949.0,2025-10-07 14:00:00+11:00,1
9,2025-10-07,8,141.0,3358.0,3499.0,2025-10-07 08:00:00+11:00,1
5,2025-10-07,11,451.0,666.0,1117.0,2025-10-07 11:00:00+11:00,1
9,2025-10-07,15,964.0,149.0,1113.0,2025-10-07 15:00:00+11:00,1
53,2025-10-07,23,26.0,26.0,52.0,2025-10-07 23:00:00+11:00,1
9,2025-10-07,19,216.0,84.0,300.0,2025-10-07 19:00:00+11:00,1
53,2025-10-07,7,135.0,103.0,238.0,2025-10-07 07:00:00+11:00,1
3,2025-10-07,13,1065.0,1139.0,2204.0,2025-10-07 13:00:00+11:00,1
9,2025-10-07,4,9.0,3.0,12.0,2025-10-07 04:00:00+11:00,1
51,2025-10-07,6,42.0,20.0,62.0,2025-10-07 06:00:00+11:00,1
5,2025-10-07,18,1899.0,1592.0,3491.0,2025-10-07 18:00:00+11:00,1
9,2025-10-07,6,23.0,326.0,349.0,2025-10-07 06:00:00+11:00,1
5,2025-10-07,3,22.0,10.0,32.0,2025-10-07 03:00:00+11:00,1
51,2025-10-07,7,60.0,43.0,103.0,2025-10-07 07:00:00+11:00,1
3,2025-10-07,19,1074.0,1157.0,2231.0,2025-10-07 19:00:00+11:00,1
3,2025-10-07,5,8.0,27.0,35.0,2025-10-07 05:00:00+11:00,1
53,2025-10-07,15,565.0,528.0,1093.0,2025-10-07 15:00:00+11:00,1
51,2025-10-07,21,50.0,40.0,90.0,2025-10-07 21:00:00+11:00,1
3,2025-10-07,20,915.0,856.0,1771.0,2025-10-07 20:00:00+11:00,1
9,2025-10-07,21,57.0,34.0,91.0,2025-10-07 21:00:00+11:00,1
3,2025-10-07,18,1812.0,1517.0,3329.0,2025-10-07 18:00:00+11:00,1
51,2025-10-07,10,107.0,93.0,200.0,2025-10-07 10:00:00+11:00,1
9,2025-10-07,1,3.0,1.0,4.0,2025-10-07 01:00:00+11:00,1
53,2025-10-07,13,926.0,815.0,1741.0,2025-10-07 13:00:00+11:00,1
5,2025-10-07,2,18.0,16.0,34.0,2025-10-07 02:00:00+11:00,1
51,2025-10-07,9,77.0,76.0,153.0,2025-10-07 09:00:00+11:00,1
9,2025-10-07,10,158.0,527.0,685.0,2025-10-07 10:00:00+11:00,1
3,2025-10-07,12,990.0,1120.0,2110.0,2025-10-07 12:00:00+11:00,1
5,2025-10-06,9,292.0,574.0,866.0,2025-10-06 09:00:00+11:00,1
53,2025-10-06,18,313.0,235.0,548.0,2025-10-06 18:00:00+11:00,1
51,2025-10-06,20,80.0,86.0,166.0,2025-10-06 20:00:00+11:00,1
3,2025-10-06,17,1077.0,1288.0,2365.0,2025-10-06 17:00:00+11:00,1
3,2025-10-06,10,500.0,496.0,996.0,2025-10-06 10:00:00+11:00,1
5,2025-10-06,15,874.0,764.0,1638.0,2025-10-06 15:00:00+11:00,1
53,2025-10-06,20,90.0,182.0,272.0,2025-10-06 20:00:00+11:00,1
51,2025-10-06,6,50.0,16.0,66.0,2025-10-06 06:00:00+11:00,1
3,2025-10-06,3,16.0,15.0,31.0,2025-10-06 03:00:00+11:00,1
5,2025-10-06,7,173.0,396.0,569.0,2025-10-06 07:00:00+11:00,1
51,2025-10-06,21,61.0,56.0,117.0,2025-10-06 21:00:00+11:00,1
51,2025-10-06,14,131.0,134.0,265.0,2025-10-06 14:00:00+11:00,1
9,2025-10-06,9,157.0,1464.0,1621.0,2025-10-06 09:00:00+11:00,1
5,2025-10-06,13,716.0,747.0,1463.0,2025-10-06 13:00:00+11:00,1
53,2025-10-06,3,3.0,6.0,9.0,2025-10-06 03:00:00+11:00,1
51,2025-10-06,18,141.0,124.0,265.0,2025-10-06 18:00:00+11:00,1
9,2025-10-06,17,2115.0,115.0,2230.0,2025-10-06 17:00:00+11:00,1
9,2025-10-06,22,37.0,21.0,58.0,2025-10-06 22:00:00+11:00,1
5,2025-10-06,5,43.0,70.0,113.0,2025-10-06 05:00:00+11:00,1
5,2025-10-06,18,740.0,869.0,1609.0,2025-10-06 18:00:00+11:00,1
51,2025-10-06,22,29.0,55.0,84.0,2025-10-06 22:00:00+11:00,1
53,2025-10-06,0,24.0,10.0,34.0,2025-10-06 00:00:00+11:00,1
9,2025-10-06,7,59.0,970.0,1029.0,2025-10-06 07:00:00+11:00,1
9,2025-10-06,2,5.0,1.0,6.0,2025-10-06 02:00:00+11:00,1
51,2025-10-06,5,11.0,20.0,31.0,2025-10-06 05:00:00+11:00,1
51,2025-10-06,16,98.0,99.0,197.0,2025-10-06 16:00:00+11:00,1
53,2025-10-06,21,90.0,127.0,217.0,2025-10-06 21:00:00+11:00,1
53,2025-10-06,22,50.0,70.0,120.0,2025-10-06 22:00:00+11:00,1
9,2025-10-06,23,21.0,19.0,40.0,2025-10-06 23:00:00+11:00,1
53,2025-10-06,15,618.0,588.0,1206.0,2025-10-06 15:00:00+11:00,1
3,2025-10-06,18,947.0,1181.0,2128.0,2025-10-06 18:00:00+11:00,1
53,2025-10-06,17,531.0,511.0,1042.0,2025-10-06 17:00:00+11:00,1
51,2025-10-06,11,93.0,88.0,181.0,2025-10-06 11:00:00+11:00,1
9,2025-10-06,10,149.0,394.0,543.0,2025-10-06 10:00:00+11:00,1
53,2025-10-06,9,379.0,272.0,651.0,2025-10-06 09:00:00+11:00,1
51,2025-10-06,23,45.0,25.0,70.0,2025-10-06 23:00:00+11:00,1
9,2025-10-06,21,38.0,17.0,55.0,2025-10-06 21:00:00+11:00,1
53,2025-10-06,14,672.0,649.0,1321.0,2025-10-06 14:00:00+11:00,1
9,2025-10-06,20,106.0,47.0,153.0,2025-10-06 20:00:00+11:00,1
53,2025-10-06,5,7.0,11.0,18.0,2025-10-06 05:00:00+11:00,1
53,2025-10-06,11,639.0,509.0,1148.0,2025-10-06 11:00:00+11:00,1
53,2025-10-06,4,0.0,4.0,4.0,2025-10-06 04:00:00+11:00,1
3,2025-10-06,16,1078.0,1129.0,2207.0,2025-10-06 16:00:00+11:00,1
9,2025-10-06,3,3.0,0.0,3.0,2025-10-06 03:00:00+11:00,1
5,2025-10-06,16,1080.0,829.0,1909.0,2025-10-06 16:00:00+11:00,1
3,2025-10-06,9,304.0,389.0,693.0,2025-10-06 09:00:00+11:00,1
51,2025-10-06,13,127.0,106.0,233.0,2025-10-06 13:00:00+11:00,1
5,2025-10-06,21,601.0,339.0,940.0,2025-10-06 21:00:00+11:00,1
3,2025-10-06,23,217.0,147.0,364.0,2025-10-06 23:00:00+11:00,1
5,2025-10-06,2,14.0,17.0,31.0,2025-10-06 02:00:00+11:00,1
5,2025-10-06,0,50.0,54.0,104.0,2025-10-06 00:00:00+11:00,1
5,2025-10-06,14,644.0,747.0,1391.0,2025-10-06 14:00:00+11:00,1
5,2025-10-06,23,156.0,295.0,451.0,2025-10-06 23:00:00+11:00,1
9,2025-10-06,0,4.0,9.0,13.0,2025-10-06 00:00:00+11:00,1
9,2025-10-06,13,382.0,324.0,706.0,2025-10-06 13:00:00+11:00,1
53,2025-10-06,16,558.0,531.0,1089.0,2025-10-06 16:00:00+11:00,1
5,2025-10-06,4,29.0,7.0,36.0,2025-10-06 04:00:00+11:00,1
5,2025-10-06,19,462.0,582.0,1044.0,2025-10-06 19:00:00+11:00,1
53,2025-10-06,8,349.0,203.0,552.0,2025-10-06 08:00:00+11:00,1
5,2025-10-06,20,469.0,470.0,939.0,2025-10-06 20:00:00+11:00,1
51,2025-10-06,17,104.0,107.0,211.0,2025-10-06 17:00:00+11:00,1
5,2025-10-06,12,692.0,788.0,1480.0,2025-10-06 12:00:00+11:00,1
5,2025-10-06,1,10.0,25.0,35.0,2025-10-06 01:00:00+11:00,1
51,2025-10-06,10,97.0,101.0,198.0,2025-10-06 10:00:00+11:00,1
53,2025-10-06,23,23.0,53.0,76.0,2025-10-06 23:00:00+11:00,1
5,2025-10-06,10,500.0,533.0,1033.0,2025-10-06 10:00:00+11:00,1
3,2025-10-06,11,589.0,703.0,1292.0,2025-10-06 11:00:00+11:00,1
5,2025-10-06,6,60.0,254.0,314.0,2025-10-06 06:00:00+11:00,1
9,2025-10-06,14,453.0,217.0,670.0,2025-10-06 14:00:00+11:00,1
51,2025-10-06,8,66.0,41.0,107.0,2025-10-06 08:00:00+11:00,1
53,2025-10-06,19,197.0,159.0,356.0,2025-10-06 19:00:00+11:00,1
5,2025-10-06,3,20.0,11.0,31.0,2025-10-06 03:00:00+11:00,1
5,2025-10-06,17,1223.0,975.0,2198.0,2025-10-06 17:00:00+11:00,1
3,2025-10-06,4,11.0,13.0,24.0,2025-10-06 04:00:00+11:00,1
9,2025-10-06,6,27.0,295.0,322.0,2025-10-06 06:00:00+11:00,1
53,2025-10-06,10,483.0,343.0,826.0,2025-10-06 10:00:00+11:00,1
51,2025-10-06,15,100.0,103.0,203.0,2025-10-06 15:00:00+11:00,1
3,2025-10-06,8,212.0,287.0,499.0,2025-10-06 08:00:00+11:00,1
3,2025-10-06,22,412.0,348.0,760.0,2025-10-06 22:00:00+11:00,1
53,2025-10-06,12,814.0,767.0,1581.0,2025-10-06 12:00:00+11:00,1
5,2025-10-06,22,268.0,343.0,611.0,2025-10-06 22:00:00+11:00,1
9,2025-10-06,12,436.0,433.0,869.0,2025-10-06 12:00:00+11:00,1
9,2025-10-06,19,140.0,71.0,211.0,2025-10-06 19:00:00+11:00,1
53,2025-10-06,6,41.0,32.0,73.0,2025-10-06 06:00:00+11:00,1
3,2025-10-06,1,46.0,30.0,76.0,2025-10-06 01:00:00+11:00,1
3,2025-10-06,2,31.0,15.0,46.0,2025-10-06 02:00:00+11:00,1
51,2025-10-06,12,156.0,128.0,284.0,2025-10-06 12:00:00+11:00,1
51,2025-10-06,0,16.0,3.0,19.0,2025-10-06 00:00:00+11:00,1
53,2025-10-06,13,830.0,709.0,1539.0,2025-10-06 13:00:00+11:00,1
3,2025-10-06,12,975.0,1134.0,2109.0,2025-10-06 12:00:00+11:00,1
9,2025-10-06,18,590.0,78.0,668.0,2025-10-06 18:00:00+11:00,1
51,2025-10-06,3,5.0,1.0,6.0,2025-10-06 03:00:00+11:00,1
51,2025-10-06,7,36.0,24.0,60.0,2025-10-06 07:00:00+11:00,1
3,2025-10-06,0,116.0,64.0,180.0,2025-10-06 00:00:00+11:00,1
9,2025-10-06,16,1930.0,71.0,2001.0,2025-10-06 16:00:00+11:00,1
51,2025-10-06,9,68.0,70.0,138.0,2025-10-06 09:00:00+11:00,1
51,2025-10-06,19,118.0,100.0,218.0,2025-10-06 19:00:00+11:00,1
3,2025-10-06,7,69.0,124.0,193.0,2025-10-06 07:00:00+11:00,1
51,2025-10-06,1,11.0,7.0,18.0,2025-10-06 01:00:00+11:00,1
9,2025-10-06,5,21.0,47.0,68.0,2025-10-06 05:00:00+11:00,1
51,2025-10-06,4,2.0,4.0,6.0,2025-10-06 04:00:00+11:00,1
3,2025-10-06,15,1012.0,1045.0,2057.0,2025-10-06 15:00:00+11:00,1
53,2025-10-06,7,123.0,94.0,217.0,2025-10-06 07:00:00+11:00,1
3,2025-10-06,6,27.0,50.0,77.0,2025-10-06 06:00:00+11:00,1
9,2025-10-06,15,729.0,138.0,867.0,2025-10-06 15:00:00+11:00,1
53,2025-10-06,2,4.0,2.0,6.0,2025-10-06 02:00:00+11:00,1
3,2025-10-06,20,818.0,748.0,1566.0,2025-10-06 20:00:00+11:00,1
9,2025-10-06,4,3.0,0.0,3.0,2025-10-06 04:00:00+11:00,1
5,2025-10-06,11,531.0,635.0,1166.0,2025-10-06 11:00:00+11:00,1
3,2025-10-06,14,986.0,1073.0,2059.0,2025-10-06 14:00:00+11:00,1
3,2025-10-06,19,956.0,1047.0,2003.0,2025-10-06 19:00:00+11:00,1
3,2025-10-06,21,732.0,610.0,1342.0,2025-10-06 21:00:00+11:00,1
53,2025-10-06,1,10.0,5.0,15.0,2025-10-06 01:00:00+11:00,1
9,2025-10-06,1,5.0,13.0,18.0,2025-10-06 01:00:00+11:00,1
9,2025-10-06,8,82.0,2062.0,2144.0,2025-10-06 08:00:00+11:00,1
3,2025-10-06,5,7.0,27.0,34.0,2025-10-06 05:00:00+11:00,1
51,2025-10-06,2,2.0,5.0,7.0,2025-10-06 02:00:00+11:00,1
3,2025-10-06,13,953.0,1055.0,2008.0,2025-10-06 13:00:00+11:00,1
5,2025-10-06,8,300.0,638.0,938.0,2025-10-06 08:00:00+11:00,1
9,2025-10-06,11,235.0,185.0,420.0,2025-10-06 11:00:00+11:00,1
9,2025-10-05,15,45.0,47.0,92.0,2025-10-05 15:00:00+11:00,1
51,2025-10-05,14,134.0,150.0,284.0,2025-10-05 14:00:00+11:00,1
51,2025-10-05,21,58.0,57.0,115.0,2025-10-05 21:00:00+11:00,1
53,2025-10-05,20,103.0,134.0,237.0,2025-10-05 20:00:00+11:00,1
51,2025-10-05,22,34.0,29.0,63.0,2025-10-05 22:00:00+11:00,1
51,2025-10-05,8,33.0,50.0,83.0,2025-10-05 08:00:00+11:00,1
51,2025-10-05,1,15.0,18.0,33.0,2025-10-05 01:00:00+10:00,1
53,2025-10-05,18,230.0,218.0,448.0,2025-10-05 18:00:00+11:00,1
9,2025-10-05,1,4.0,4.0,8.0,2025-10-05 01:00:00+10:00,1
53,2025-10-05,14,725.0,611.0,1336.0,2025-10-05 14:00:00+11:00,1
9,2025-10-05,13,44.0,95.0,139.0,2025-10-05 13:00:00+11:00,1
53,2025-10-05,0,66.0,90.0,156.0,2025-10-05 00:00:00+10:00,1
51,2025-10-05,7,10.0,13.0,23.0,2025-10-05 07:00:00+11:00,1
5,2025-10-05,21,302.0,362.0,664.0,2025-10-05 21:00:00+11:00,1
53,2025-10-05,16,582.0,456.0,1038.0,2025-10-05 16:00:00+11:00,1
3,2025-10-05,8,84.0,105.0,189.0,2025-10-05 08:00:00+11:00,1
51,2025-10-05,19,68.0,93.0,161.0,2025-10-05 19:00:00+11:00,1
53,2025-10-05,8,67.0,55.0,122.0,2025-10-05 08:00:00+11:00,1
3,2025-10-05,16,1045.0,1218.0,2263.0,2025-10-05 16:00:00+11:00,1
5,2025-10-05,7,64.0,119.0,183.0,2025-10-05 07:00:00+11:00,1
3,2025-10-05,3,185.0,188.0,373.0,2025-10-05 03:00:00+11:00,1
51,2025-10-05,3,12.0,11.0,23.0,2025-10-05 03:00:00+11:00,1
5,2025-10-05,1,151.0,157.0,308.0,2025-10-05 01:00:00+10:00,1
5,2025-10-05,16,1449.0,1341.0,2790.0,2025-10-05 16:00:00+11:00,1
3,2025-10-05,14,1240.0,1245.0,2485.0,2025-10-05 14:00:00+11:00,1
51,2025-10-05,11,136.0,134.0,270.0,2025-10-05 11:00:00+11:00,1
5,2025-10-05,9,285.0,436.0,721.0,2025-10-05 09:00:00+11:00,1
3,2025-10-05,0,357.0,448.0,805.0,2025-10-05 00:00:00+10:00,1
9,2025-10-05,7,23.0,13.0,36.0,2025-10-05 07:00:00+11:00,1
9,2025-10-05,8,24.0,22.0,46.0,2025-10-05 08:00:00+11:00,1
3,2025-10-05,10,356.0,393.0,749.0,2025-10-05 10:00:00+11:00,1
51,2025-10-05,10,95.0,110.0,205.0,2025-10-05 10:00:00+11:00,1
9,2025-10-05,12,48.0,65.0,113.0,2025-10-05 12:00:00+11:00,1
5,2025-10-05,4,46.0,70.0,116.0,2025-10-05 04:00:00+11:00,1
51,2025-10-05,9,52.0,61.0,113.0,2025-10-05 09:00:00+11:00,1
53,2025-10-05,22,44.0,59.0,103.0,2025-10-05 22:00:00+11:00,1
9,2025-10-05,14,55.0,65.0,120.0,2025-10-05 14:00:00+11:00,1
51,2025-10-05,18,102.0,89.0,191.0,2025-10-05 18:00:00+11:00,1
53,2025-10-05,17,357.0,307.0,664.0,2025-10-05 17:00:00+11:00,1
53,2025-10-05,3,33.0,40.0,73.0,2025-10-05 03:00:00+11:00,1
3,2025-10-05,9,214.0,198.0,412.0,2025-10-05 09:00:00+11:00,1
53,2025-10-05,23,16.0,37.0,53.0,2025-10-05 23:00:00+11:00,1
53,2025-10-05,15,583.0,478.0,1061.0,2025-10-05 15:00:00+11:00,1
5,2025-10-05,14,1359.0,1451.0,2810.0,2025-10-05 14:00:00+11:00,1
3,2025-10-05,11,555.0,628.0,1183.0,2025-10-05 11:00:00+11:00,1
3,2025-10-05,18,865.0,948.0,1813.0,2025-10-05 18:00:00+11:00,1
5,2025-10-05,10,559.0,729.0,1288.0,2025-10-05 10:00:00+11:00,1
3,2025-10-05,6,59.0,40.0,99.0,2025-10-05 06:00:00+11:00,1
3,2025-10-05,17,998.0,1105.0,2103.0,2025-10-05 17:00:00+11:00,1
3,2025-10-05,4,140.0,112.0,252.0,2025-10-05 04:00:00+11:00,1
9,2025-10-05,23,18.0,13.0,31.0,2025-10-05 23:00:00+11:00,1
5,2025-10-05,17,1079.0,851.0,1930.0,2025-10-05 17:00:00+11:00,1
53,2025-10-05,7,24.0,19.0,43.0,2025-10-05 07:00:00+11:00,1
53,2025-10-05,13,640.0,634.0,1274.0,2025-10-05 13:00:00+11:00,1
3,2025-10-05,21,577.0,460.0,1037.0,2025-10-05 21:00:00+11:00,1
53,2025-10-05,4,8.0,15.0,23.0,2025-10-05 04:00:00+11:00,1
51,2025-10-05,17,66.0,74.0,140.0,2025-10-05 17:00:00+11:00,1
53,2025-10-05,21,69.0,151.0,220.0,2025-10-05 21:00:00+11:00,1
9,2025-10-05,6,13.0,11.0,24.0,2025-10-05 06:00:00+11:00,1
5,2025-10-05,3,64.0,110.0,174.0,2025-10-05 03:00:00+11:00,1
5,2025-10-05,5,28.0,30.0,58.0,2025-10-05 05:00:00+11:00,1
53,2025-10-05,9,197.0,141.0,338.0,2025-10-05 09:00:00+11:00,1
9,2025-10-05,10,49.0,46.0,95.0,2025-10-05 10:00:00+11:00,1
9,2025-10-05,17,51.0,50.0,101.0,2025-10-05 17:00:00+11:00,1
3,2025-10-05,22,400.0,374.0,774.0,2025-10-05 22:00:00+11:00,1
5,2025-10-05,12,1230.0,1505.0,2735.0,2025-10-05 12:00:00+11:00,1
3,2025-10-05,20,819.0,629.0,1448.0,2025-10-05 20:00:00+11:00,1
51,2025-10-05,13,138.0,127.0,265.0,2025-10-05 13:00:00+11:00,1
3,2025-10-05,15,1086.0,1279.0,2365.0,2025-10-05 15:00:00+11:00,1
9,2025-10-05,5,6.0,8.0,14.0,2025-10-05 05:00:00+11:00,1
9,2025-10-05,19,58.0,51.0,109.0,2025-10-05 19:00:00+11:00,1
5,2025-10-05,11,896.0,1117.0,2013.0,2025-10-05 11:00:00+11:00,1
5,2025-10-05,15,1800.0,1338.0,3138.0,2025-10-05 15:00:00+11:00,1
3,2025-10-05,7,60.0,62.0,122.0,2025-10-05 07:00:00+11:00,1
51,2025-10-05,16,138.0,123.0,261.0,2025-10-05 16:00:00+11:00,1
51,2025-10-05,20,69.0,65.0,134.0,2025-10-05 20:00:00+11:00,1
5,2025-10-05,0,316.0,216.0,532.0,2025-10-05 00:00:00+10:00,1
53,2025-10-05,5,4.0,7.0,11.0,2025-10-05 05:00:00+11:00,1
9,2025-10-05,21,25.0,24.0,49.0,2025-10-05 21:00:00+11:00,1
3,2025-10-05,19,914.0,832.0,1746.0,2025-10-05 19:00:00+11:00,1
3,2025-10-05,13,1329.0,1576.0,2905.0,2025-10-05 13:00:00+11:00,1
51,2025-10-05,23,30.0,35.0,65.0,2025-10-05 23:00:00+11:00,1
53,2025-10-05,6,8.0,12.0,20.0,2025-10-05 06:00:00+11:00,1
9,2025-10-05,0,9.0,6.0,15.0,2025-10-05 00:00:00+10:00,1
51,2025-10-05,15,135.0,170.0,305.0,2025-10-05 15:00:00+11:00,1
51,2025-10-05,0,22.0,35.0,57.0,2025-10-05 00:00:00+10:00,1
9,2025-10-05,20,35.0,31.0,66.0,2025-10-05 20:00:00+11:00,1
51,2025-10-05,5,7.0,9.0,16.0,2025-10-05 05:00:00+11:00,1
9,2025-10-05,11,33.0,60.0,93.0,2025-10-05 11:00:00+11:00,1
9,2025-10-05,4,6.0,6.0,12.0,2025-10-05 04:00:00+11:00,1
3,2025-10-05,1,215.0,202.0,417.0,2025-10-05 01:00:00+10:00,1
9,2025-10-05,16,49.0,61.0,110.0,2025-10-05 16:00:00+11:00,1
5,2025-10-05,20,354.0,427.0,781.0,2025-10-05 20:00:00+11:00,1
53,2025-10-05,11,601.0,466.0,1067.0,2025-10-05 11:00:00+11:00,1
5,2025-10-05,8,167.0,214.0,381.0,2025-10-05 08:00:00+11:00,1
5,2025-10-05,23,131.0,126.0,257.0,2025-10-05 23:00:00+11:00,1
9,2025-10-05,18,75.0,41.0,116.0,2025-10-05 18:00:00+11:00,1
51,2025-10-05,12,126.0,97.0,223.0,2025-10-05 12:00:00+11:00,1
3,2025-10-05,5,69.0,53.0,122.0,2025-10-05 05:00:00+11:00,1
9,2025-10-05,22,7.0,25.0,32.0,2025-10-05 22:00:00+11:00,1
53,2025-10-05,19,155.0,166.0,321.0,2025-10-05 19:00:00+11:00,1
5,2025-10-05,19,585.0,505.0,1090.0,2025-10-05 19:00:00+11:00,1
51,2025-10-05,6,11.0,9.0,20.0,2025-10-05 06:00:00+11:00,1
5,2025-10-05,22,200.0,261.0,461.0,2025-10-05 22:00:00+11:00,1
5,2025-10-05,18,786.0,657.0,1443.0,2025-10-05 18:00:00+11:00,1
53,2025-10-05,12,590.0,480.0,1070.0,2025-10-05 12:00:00+11:00,1
51,2025-10-05,4,6.0,5.0,11.0,2025-10-05 04:00:00+11:00,1
9,2025-10-05,9,55.0,59.0,114.0,2025-10-05 09:00:00+11:00,1
3,2025-10-05,12,1019.0,1086.0,2105.0,2025-10-05 12:00:00+11:00,1
9,2025-10-05,3,3.0,11.0,14.0,2025-10-05 03:00:00+11:00,1
53,2025-10-05,10,434.0,331.0,765.0,2025-10-05 10:00:00+11:00,1
5,2025-10-05,6,42.0,43.0,85.0,2025-10-05 06:00:00+11:00,1
53,2025-10-05,1,46.0,71.0,117.0,2025-10-05 01:00:00+10:00,1
5,2025-10-05,13,1200.0,2130.0,3330.0,2025-10-05 13:00:00+11:00,1
3,2025-10-05,23,199.0,169.0,368.0,2025-10-05 23:00:00+11:00,1
5,2025-10-04,13,1527.0,1958.0,3485.0,2025-10-04 13:00:00+10:00,1
9,2025-10-04,7,24.0,30.0,54.0,2025-10-04 07:00:00+10:00,1
51,2025-10-04,2,9.0,9.0,18.0,2025-10-04 02:00:00+10:00,1
3,2025-10-04,0,285.0,279.0,564.0,2025-10-04 00:00:00+10:00,1
9,2025-10-04,0,12.0,8.0,20.0,2025-10-04 00:00:00+10:00,1
9,2025-10-04,14,77.0,95.0,172.0,2025-10-04 14:00:00+10:00,1
5,2025-10-04,11,962.0,1585.0,2547.0,2025-10-04 11:00:00+10:00,1
9,2025-10-04,8,30.0,29.0,59.0,2025-10-04 08:00:00+10:00,1
53,2025-10-04,8,134.0,156.0,290.0,2025-10-04 08:00:00+10:00,1
9,2025-10-04,10,77.0,97.0,174.0,2025-10-04 10:00:00+10:00,1
3,2025-10-04,20,1466.0,1258.0,2724.0,2025-10-04 20:00:00+10:00,1
9,2025-10-04,22,43.0,50.0,93.0,2025-10-04 22:00:00+10:00,1
3,2025-10-04,13,1256.0,1422.0,2678.0,2025-10-04 13:00:00+10:00,1
51,2025-10-04,3,3.0,6.0,9.0,2025-10-04 03:00:00+10:00,1
3,2025-10-04,4,55.0,45.0,100.0,2025-10-04 04:00:00+10:00,1
9,2025-10-04,16,80.0,93.0,173.0,2025-10-04 16:00:00+10:00,1
5,2025-10-04,20,1191.0,1436.0,2627.0,2025-10-04 20:00:00+10:00,1
3,2025-10-04,3,78.0,56.0,134.0,2025-10-04 03:00:00+10:00,1
51,2025-10-04,5,6.0,7.0,13.0,2025-10-04 05:00:00+10:00,1
53,2025-10-04,14,863.0,726.0,1589.0,2025-10-04 14:00:00+10:00,1
53,2025-10-04,3,10.0,18.0,28.0,2025-10-04 03:00:00+10:00,1
53,2025-10-04,5,5.0,8.0,13.0,2025-10-04 05:00:00+10:00,1
53,2025-10-04,19,369.0,313.0,682.0,2025-10-04 19:00:00+10:00,1
9,2025-10-04,11,65.0,107.0,172.0,2025-10-04 11:00:00+10:00,1
5,2025-10-04,1,79.0,65.0,144.0,2025-10-04 01:00:00+10:00,1
9,2025-10-04,4,1.0,3.0,4.0,2025-10-04 04:00:00+10:00,1
53,2025-10-04,13,886.0,749.0,1635.0,2025-10-04 13:00:00+10:00,1
5,2025-10-04,3,33.0,39.0,72.0,2025-10-04 03:00:00+10:00,1
5,2025-10-04,15,1845.0,1811.0,3656.0,2025-10-04 15:00:00+10:00,1
53,2025-10-04,12,831.0,719.0,1550.0,2025-10-04 12:00:00+10:00,1
9,2025-10-04,18,99.0,120.0,219.0,2025-10-04 18:00:00+10:00,1
3,2025-10-04,17,1389.0,1577.0,2966.0,2025-10-04 17:00:00+10:00,1
53,2025-10-04,18,436.0,298.0,734.0,2025-10-04 18:00:00+10:00,1
5,2025-10-04,19,1201.0,1627.0,2828.0,2025-10-04 19:00:00+10:00,1
53,2025-10-04,21,179.0,296.0,475.0,2025-10-04 21:00:00+10:00,1
3,2025-10-04,10,451.0,491.0,942.0,2025-10-04 10:00:00+10:00,1
51,2025-10-04,21,68.0,74.0,142.0,2025-10-04 21:00:00+10:00,1
5,2025-10-04,10,694.0,1345.0,2039.0,2025-10-04 10:00:00+10:00,1
51,2025-10-04,12,169.0,151.0,320.0,2025-10-04 12:00:00+10:00,1
9,2025-10-04,3,6.0,7.0,13.0,2025-10-04 03:00:00+10:00,1
5,2025-10-04,21,1493.0,1205.0,2698.0,2025-10-04 21:00:00+10:00,1
51,2025-10-04,0,15.0,16.0,31.0,2025-10-04 00:00:00+10:00,1
3,2025-10-04,8,99.0,138.0,237.0,2025-10-04 08:00:00+10:00,1
5,2025-10-04,6,51.0,75.0,126.0,2025-10-04 06:00:00+10:00,1
5,2025-10-04,9,428.0,617.0,1045.0,2025-10-04 09:00:00+10:00,1
51,2025-10-04,8,51.0,41.0,92.0,2025-10-04 08:00:00+10:00,1
53,2025-10-04,16,736.0,608.0,1344.0,2025-10-04 16:00:00+10:00,1
9,2025-10-04,23,23.0,21.0,44.0,2025-10-04 23:00:00+10:00,1
9,2025-10-04,21,38.0,48.0,86.0,2025-10-04 21:00:00+10:00,1
5,2025-10-04,16,1978.0,1734.0,3712.0,2025-10-04 16:00:00+10:00,1
5,2025-10-04,17,1692.0,1570.0,3262.0,2025-10-04 17:00:00+10:00,1
3,2025-10-04,6,27.0,48.0,75.0,2025-10-04 06:00:00+10:00,1
5,2025-10-04,4,21.0,19.0,40.0,2025-10-04 04:00:00+10:00,1
51,2025-10-04,17,120.0,87.0,207.0,2025-10-04 17:00:00+10:00,1
53,2025-10-04,1,16.0,29.0,45.0,2025-10-04 01:00:00+10:00,1
51,2025-10-04,16,140.0,137.0,277.0,2025-10-04 16:00:00+10:00,1
53,2025-10-04,0,29.0,39.0,68.0,2025-10-04 00:00:00+10:00,1
53,2025-10-04,15,806.0,762.0,1568.0,2025-10-04 15:00:00+10:00,1
51,2025-10-04,9,75.0,89.0,164.0,2025-10-04 09:00:00+10:00,1
51,2025-10-04,10,131.0,156.0,287.0,2025-10-04 10:00:00+10:00,1
5,2025-10-04,12,1455.0,1599.0,3054.0,2025-10-04 12:00:00+10:00,1
51,2025-10-04,14,174.0,147.0,321.0,2025-10-04 14:00:00+10:00,1
3,2025-10-04,19,1364.0,1493.0,2857.0,2025-10-04 19:00:00+10:00,1
3,2025-10-04,21,1020.0,1016.0,2036.0,2025-10-04 21:00:00+10:00,1
51,2025-10-04,20,105.0,57.0,162.0,2025-10-04 20:00:00+10:00,1
3,2025-10-04,23,601.0,596.0,1197.0,2025-10-04 23:00:00+10:00,1
9,2025-10-04,12,71.0,113.0,184.0,2025-10-04 12:00:00+10:00,1
9,2025-10-04,20,58.0,55.0,113.0,2025-10-04 20:00:00+10:00,1
3,2025-10-04,16,1426.0,1633.0,3059.0,2025-10-04 16:00:00+10:00,1
51,2025-10-04,13,202.0,227.0,429.0,2025-10-04 13:00:00+10:00,1
51,2025-10-04,23,39.0,25.0,64.0,2025-10-04 23:00:00+10:00,1
53,2025-10-04,9,403.0,303.0,706.0,2025-10-04 09:00:00+10:00,1
3,2025-10-04,18,1301.0,1559.0,2860.0,2025-10-04 18:00:00+10:00,1
3,2025-10-04,2,142.0,109.0,251.0,2025-10-04 02:00:00+10:00,1
5,2025-10-04,7,93.0,92.0,185.0,2025-10-04 07:00:00+10:00,1
53,2025-10-04,4,6.0,9.0,15.0,2025-10-04 04:00:00+10:00,1
53,2025-10-04,11,789.0,567.0,1356.0,2025-10-04 11:00:00+10:00,1
53,2025-10-04,2,6.0,17.0,23.0,2025-10-04 02:00:00+10:00,1
53,2025-10-04,7,44.0,35.0,79.0,2025-10-04 07:00:00+10:00,1
3,2025-10-04,1,176.0,147.0,323.0,2025-10-04 01:00:00+10:00,1
51,2025-10-04,11,219.0,174.0,393.0,2025-10-04 11:00:00+10:00,1
53,2025-10-04,6,18.0,20.0,38.0,2025-10-04 06:00:00+10:00,1
51,2025-10-04,22,70.0,52.0,122.0,2025-10-04 22:00:00+10:00,1
3,2025-10-04,11,756.0,775.0,1531.0,2025-10-04 11:00:00+10:00,1
9,2025-10-04,13,64.0,97.0,161.0,2025-10-04 13:00:00+10:00,1
51,2025-10-04,7,57.0,24.0,81.0,2025-10-04 07:00:00+10:00,1
5,2025-10-04,5,26.0,32.0,58.0,2025-10-04 05:00:00+10:00,1
5,2025-10-04,18,1486.0,1717.0,3203.0,2025-10-04 18:00:00+10:00,1
53,2025-10-04,22,107.0,194.0,301.0,2025-10-04 22:00:00+10:00,1
9,2025-10-04,1,8.0,7.0,15.0,2025-10-04 01:00:00+10:00,1
3,2025-10-04,14,1377.0,1451.0,2828.0,2025-10-04 14:00:00+10:00,1
3,2025-10-04,12,980.0,1109.0,2089.0,2025-10-04 12:00:00+10:00,1
5,2025-10-04,2,44.0,71.0,115.0,2025-10-04 02:00:00+10:00,1
53,2025-10-04,23,98.0,109.0,207.0,2025-10-04 23:00:00+10:00,1
3,2025-10-04,5,21.0,23.0,44.0,2025-10-04 05:00:00+10:00,1
9,2025-10-04,15,73.0,80.0,153.0,2025-10-04 15:00:00+10:00,1
51,2025-10-04,19,119.0,95.0,214.0,2025-10-04 19:00:00+10:00,1
3,2025-10-04,7,58.0,61.0,119.0,2025-10-04 07:00:00+10:00,1
51,2025-10-04,15,150.0,119.0,269.0,2025-10-04 15:00:00+10:00,1
9,2025-10-04,9,45.0,65.0,110.0,2025-10-04 09:00:00+10:00,1
3,2025-10-04,15,1335.0,1592.0,2927.0,2025-10-04 15:00:00+10:00,1
53,2025-10-04,20,216.0,278.0,494.0,2025-10-04 20:00:00+10:00,1
9,2025-10-04,19,70.0,56.0,126.0,2025-10-04 19:00:00+10:00,1
9,2025-10-04,6,29.0,26.0,55.0,2025-10-04 06:00:00+10:00,1
51,2025-10-04,4,5.0,2.0,7.0,2025-10-04 04:00:00+10:00,1
51,2025-10-04,18,137.0,84.0,221.0,2025-10-04 18:00:00+10:00,1
53,2025-10-04,17,664.0,544.0,1208.0,2025-10-04 17:00:00+10:00,1
9,2025-10-04,2,0.0,8.0,8.0,2025-10-04 02:00:00+10:00,1
51,2025-10-04,1,15.0,3.0,18.0,2025-10-04 01:00:00+10:00,1
5,2025-10-04,8,217.0,241.0,458.0,2025-10-04 08:00:00+10:00,1
5,2025-10-04,22,825.0,1018.0,1843.0,2025-10-04 22:00:00+10:00,1
3,2025-10-04,22,950.0,834.0,1784.0,2025-10-04 22:00:00+10:00,1
5,2025-10-04,0,167.0,173.0,340.0,2025-10-04 00:00:00+10:00,1
9,2025-10-04,5,23.0,10.0,33.0,2025-10-04 05:00:00+10:00,1
3,2025-10-04,9,231.0,295.0,526.0,2025-10-04 09:00:00+10:00,1
53,2025-10-04,10,539.0,383.0,922.0,2025-10-04 10:00:00+10:00,1
51,2025-10-04,6,22.0,9.0,31.0,2025-10-04 06:00:00+10:00,1
5,2025-10-04,23,528.0,532.0,1060.0,2025-10-04 23:00:00+10:00,1
5,2025-10-04,14,1584.0,2026.0,3610.0,2025-10-04 14:00:00+10:00,1
9,2025-10-04,17,69.0,76.0,145.0,2025-10-04 17:00:00+10:00,1
53,2025-10-03,9,441.0,354.0,795.0,2025-10-03 09:00:00+10:00,1
3,2025-10-03,22,934.0,688.0,1622.0,2025-10-03 22:00:00+10:00,1
51,2025-10-03,19,86.0,74.0,160.0,2025-10-03 19:00:00+10:00,1
5,2025-10-03,5,40.0,67.0,107.0,2025-10-03 05:00:00+10:00,1
53,2025-10-03,2,5.0,3.0,8.0,2025-10-03 02:00:00+10:00,1
9,2025-10-03,8,74.0,1589.0,1663.0,2025-10-03 08:00:00+10:00,1
51,2025-10-03,4,9.0,11.0,20.0,2025-10-03 04:00:00+10:00,1
51,2025-10-03,18,151.0,94.0,245.0,2025-10-03 18:00:00+10:00,1
5,2025-10-03,22,983.0,926.0,1909.0,2025-10-03 22:00:00+10:00,1
53,2025-10-03,15,845.0,767.0,1612.0,2025-10-03 15:00:00+10:00,1
53,2025-10-03,16,777.0,584.0,1361.0,2025-10-03 16:00:00+10:00,1
53,2025-10-03,17,844.0,617.0,1461.0,2025-10-03 17:00:00+10:00,1
3,2025-10-03,15,1245.0,1423.0,2668.0,2025-10-03 15:00:00+10:00,1
3,2025-10-03,19,1103.0,1303.0,2406.0,2025-10-03 19:00:00+10:00,1
9,2025-10-03,20,79.0,80.0,159.0,2025-10-03 20:00:00+10:00,1
5,2025-10-03,3,34.0,21.0,55.0,2025-10-03 03:00:00+10:00,1
51,2025-10-03,0,15.0,19.0,34.0,2025-10-03 00:00:00+10:00,1
53,2025-10-03,20,290.0,300.0,590.0,2025-10-03 20:00:00+10:00,1
3,2025-10-03,12,1099.0,1418.0,2517.0,2025-10-03 12:00:00+10:00,1
3,2025-10-03,4,20.0,14.0,34.0,2025-10-03 04:00:00+10:00,1
53,2025-10-03,19,377.0,337.0,714.0,2025-10-03 19:00:00+10:00,1
53,2025-10-03,1,6.0,17.0,23.0,2025-10-03 01:00:00+10:00,1
9,2025-10-03,6,45.0,197.0,242.0,2025-10-03 06:00:00+10:00,1
5,2025-10-03,17,1453.0,1397.0,2850.0,2025-10-03 17:00:00+10:00,1
5,2025-10-03,16,1455.0,1066.0,2521.0,2025-10-03 16:00:00+10:00,1
53,2025-10-03,7,128.0,81.0,209.0,2025-10-03 07:00:00+10:00,1
53,2025-10-03,12,919.0,835.0,1754.0,2025-10-03 12:00:00+10:00,1
3,2025-10-03,9,119.0,137.0,256.0,2025-10-03 09:00:00+10:00,1
3,2025-10-03,18,1275.0,1543.0,2818.0,2025-10-03 18:00:00+10:00,1
3,2025-10-03,11,749.0,916.0,1665.0,2025-10-03 11:00:00+10:00,1
3,2025-10-03,10,454.0,568.0,1022.0,2025-10-03 10:00:00+10:00,1
51,2025-10-03,13,165.0,174.0,339.0,2025-10-03 13:00:00+10:00,1
9,2025-10-03,5,15.0,31.0,46.0,2025-10-03 05:00:00+10:00,1
51,2025-10-03,17,120.0,114.0,234.0,2025-10-03 17:00:00+10:00,1
3,2025-10-03,21,1003.0,1039.0,2042.0,2025-10-03 21:00:00+10:00,1
3,2025-10-03,7,81.0,122.0,203.0,2025-10-03 07:00:00+10:00,1
9,2025-10-03,22,46.0,77.0,123.0,2025-10-03 22:00:00+10:00,1
9,2025-10-03,1,5.0,10.0,15.0,2025-10-03 01:00:00+10:00,1
3,2025-10-03,17,1400.0,1529.0,2929.0,2025-10-03 17:00:00+10:00,1
5,2025-10-03,18,960.0,1617.0,2577.0,2025-10-03 18:00:00+10:00,1
51,2025-10-03,10,133.0,102.0,235.0,2025-10-03 10:00:00+10:00,1
53,2025-10-03,11,742.0,650.0,1392.0,2025-10-03 11:00:00+10:00,1
51,2025-10-03,6,43.0,20.0,63.0,2025-10-03 06:00:00+10:00,1
53,2025-10-03,23,64.0,104.0,168.0,2025-10-03 23:00:00+10:00,1
5,2025-10-03,4,26.0,8.0,34.0,2025-10-03 04:00:00+10:00,1
5,2025-10-03,20,1043.0,867.0,1910.0,2025-10-03 20:00:00+10:00,1
3,2025-10-03,23,549.0,515.0,1064.0,2025-10-03 23:00:00+10:00,1
3,2025-10-03,8,139.0,174.0,313.0,2025-10-03 08:00:00+10:00,1
5,2025-10-03,19,900.0,1165.0,2065.0,2025-10-03 19:00:00+10:00,1
9,2025-10-03,11,268.0,244.0,512.0,2025-10-03 11:00:00+10:00,1
9,2025-10-03,21,59.0,60.0,119.0,2025-10-03 21:00:00+10:00,1
9,2025-10-03,7,46.0,608.0,654.0,2025-10-03 07:00:00+10:00,1
53,2025-10-03,14,861.0,708.0,1569.0,2025-10-03 14:00:00+10:00,1
9,2025-10-03,17,1019.0,126.0,1145.0,2025-10-03 17:00:00+10:00,1
9,2025-10-03,13,286.0,321.0,607.0,2025-10-03 13:00:00+10:00,1
3,2025-10-03,5,32.0,40.0,72.0,2025-10-03 05:00:00+10:00,1
53,2025-10-03,0,14.0,22.0,36.0,2025-10-03 00:00:00+10:00,1
51,2025-10-03,16,107.0,98.0,205.0,2025-10-03 16:00:00+10:00,1
9,2025-10-03,16,1160.0,108.0,1268.0,2025-10-03 16:00:00+10:00,1
51,2025-10-03,20,66.0,88.0,154.0,2025-10-03 20:00:00+10:00,1
5,2025-10-03,12,1174.0,1214.0,2388.0,2025-10-03 12:00:00+10:00,1
53,2025-10-03,6,32.0,45.0,77.0,2025-10-03 06:00:00+10:00,1
5,2025-10-03,2,17.0,24.0,41.0,2025-10-03 02:00:00+10:00,1
5,2025-10-03,8,334.0,501.0,835.0,2025-10-03 08:00:00+10:00,1
51,2025-10-03,1,5.0,5.0,10.0,2025-10-03 01:00:00+10:00,1
51,2025-10-03,8,80.0,74.0,154.0,2025-10-03 08:00:00+10:00,1
9,2025-10-03,9,137.0,900.0,1037.0,2025-10-03 09:00:00+10:00,1
3,2025-10-03,20,1230.0,1101.0,2331.0,2025-10-03 20:00:00+10:00,1
53,2025-10-03,21,151.0,294.0,445.0,2025-10-03 21:00:00+10:00,1
9,2025-10-03,19,136.0,89.0,225.0,2025-10-03 19:00:00+10:00,1
5,2025-10-03,23,376.0,354.0,730.0,2025-10-03 23:00:00+10:00,1
3,2025-10-03,2,45.0,28.0,73.0,2025-10-03 02:00:00+10:00,1
3,2025-10-03,16,1285.0,1432.0,2717.0,2025-10-03 16:00:00+10:00,1
5,2025-10-03,11,748.0,1296.0,2044.0,2025-10-03 11:00:00+10:00,1
3,2025-10-03,3,63.0,25.0,88.0,2025-10-03 03:00:00+10:00,1
53,2025-10-03,8,383.0,254.0,637.0,2025-10-03 08:00:00+10:00,1
5,2025-10-03,1,15.0,36.0,51.0,2025-10-03 01:00:00+10:00,1
53,2025-10-03,3,4.0,8.0,12.0,2025-10-03 03:00:00+10:00,1
53,2025-10-03,22,125.0,257.0,382.0,2025-10-03 22:00:00+10:00,1
3,2025-10-03,6,39.0,97.0,136.0,2025-10-03 06:00:00+10:00,1
53,2025-10-03,10,613.0,516.0,1129.0,2025-10-03 10:00:00+10:00,1
51,2025-10-03,11,162.0,118.0,280.0,2025-10-03 11:00:00+10:00,1
5,2025-10-03,6,81.0,228.0,309.0,2025-10-03 06:00:00+10:00,1
5,2025-10-03,7,176.0,248.0,424.0,2025-10-03 07:00:00+10:00,1
9,2025-10-03,3,0.0,1.0,1.0,2025-10-03 03:00:00+10:00,1
3,2025-10-03,1,72.0,55.0,127.0,2025-10-03 01:00:00+10:00,1
5,2025-10-03,0,29.0,67.0,96.0,2025-10-03 00:00:00+10:00,1
5,2025-10-03,21,984.0,924.0,1908.0,2025-10-03 21:00:00+10:00,1
9,2025-10-03,10,165.0,389.0,554.0,2025-10-03 10:00:00+10:00,1
3,2025-10-03,0,172.0,113.0,285.0,2025-10-03 00:00:00+10:00,1
5,2025-10-03,13,1086.0,1375.0,2461.0,2025-10-03 13:00:00+10:00,1
3,2025-10-03,14,1257.0,1365.0,2622.0,2025-10-03 14:00:00+10:00,1
3,2025-10-03,13,1293.0,1315.0,2608.0,2025-10-03 13:00:00+10:00,1
51,2025-10-03,12,143.0,168.0,311.0,2025-10-03 12:00:00+10:00,1
51,2025-10-03,5,12.0,11.0,23.0,2025-10-03 05:00:00+10:00,1
51,2025-10-03,14,169.0,143.0,312.0,2025-10-03 14:00:00+10:00,1
51,2025-10-03,23,31.0,34.0,65.0,2025-10-03 23:00:00+10:00,1
9,2025-10-03,2,4.0,3.0,7.0,2025-10-03 02:00:00+10:00,1
5,2025-10-03,9,381.0,793.0,1174.0,2025-10-03 09:00:00+10:00,1
53,2025-10-03,18,546.0,406.0,952.0,2025-10-03 18:00:00+10:00,1
53,2025-10-03,4,0.0,2.0,2.0,2025-10-03 04:00:00+10:00,1
9,2025-10-03,14,354.0,204.0,558.0,2025-10-03 14:00:00+10:00,1
51,2025-10-03,3,9.0,12.0,21.0,2025-10-03 03:00:00+10:00,1
51,2025-10-03,7,45.0,25.0,70.0,2025-10-03 07:00:00+10:00,1
51,2025-10-03,21,76.0,73.0,149.0,2025-10-03 21:00:00+10:00,1
51,2025-10-03,9,94.0,93.0,187.0,2025-10-03 09:00:00+10:00,1
9,2025-10-03,4,3.0,1.0,4.0,2025-10-03 04:00:00+10:00,1
9,2025-10-03,18,348.0,121.0,469.0,2025-10-03 18:00:00+10:00,1
9,2025-10-03,23,33.0,25.0,58.0,2025-10-03 23:00:00+10:00,1
51,2025-10-03,2,5.0,7.0,12.0,2025-10-03 02:00:00+10:00,1
5,2025-10-03,14,1154.0,1238.0,2392.0,2025-10-03 14:00:00+10:00,1
9,2025-10-03,12,507.0,348.0,855.0,2025-10-03 12:00:00+10:00,1
9,2025-10-03,15,722.0,153.0,875.0,2025-10-03 15:00:00+10:00,1
5,2025-10-03,10,476.0,1379.0,1855.0,2025-10-03 10:00:00+10:00,1
53,2025-10-03,5,5.0,9.0,14.0,2025-10-03 05:00:00+10:00,1
51,2025-10-03,15,128.0,119.0,247.0,2025-10-03 15:00:00+10:00,1
53,2025-10-03,13,902.0,844.0,1746.0,2025-10-03 13:00:00+10:00,1
51,2025-10-03,22,54.0,54.0,108.0,2025-10-03 22:00:00+10:00,1
9,2025-10-03,0,12.0,16.0,28.0,2025-10-03 00:00:00+10:00,1
5,2025-10-03,15,1576.0,1212.0,2788.0,2025-10-03 15:00:00+10:00,1
5,2025-10-02,22,249.0,283.0,532.0,2025-10-02 22:00:00+10:00,1
53,2025-10-02,19,230.0,185.0,415.0,2025-10-02 19:00:00+10:00,1
9,2025-10-02,20,96.0,38.0,134.0,2025-10-02 20:00:00+10:00,1
53,2025-10-02,18,544.0,369.0,913.0,2025-10-02 18:00:00+10:00,1
3,2025-10-02,16,1177.0,1209.0,2386.0,2025-10-02 16:00:00+10:00,1
9,2025-10-02,4,3.0,1.0,4.0,2025-10-02 04:00:00+10:00,1
9,2025-10-02,11,258.0,373.0,631.0,2025-10-02 11:00:00+10:00,1
5,2025-10-02,9,382.0,750.0,1132.0,2025-10-02 09:00:00+10:00,1
3,2025-10-02,17,1387.0,1546.0,2933.0,2025-10-02 17:00:00+10:00,1
51,2025-10-02,12,134.0,133.0,267.0,2025-10-02 12:00:00+10:00,1
53,2025-10-02,23,44.0,51.0,95.0,2025-10-02 23:00:00+10:00,1
53,2025-10-02,21,105.0,185.0,290.0,2025-10-02 21:00:00+10:00,1
9,2025-10-02,12,654.0,527.0,1181.0,2025-10-02 12:00:00+10:00,1
51,2025-10-02,3,5.0,6.0,11.0,2025-10-02 03:00:00+10:00,1
9,2025-10-02,14,401.0,220.0,621.0,2025-10-02 14:00:00+10:00,1
5,2025-10-02,18,677.0,1114.0,1791.0,2025-10-02 18:00:00+10:00,1
5,2025-10-02,3,28.0,11.0,39.0,2025-10-02 03:00:00+10:00,1
9,2025-10-02,0,0.0,1.0,1.0,2025-10-02 00:00:00+10:00,1
3,2025-10-02,14,1024.0,1172.0,2196.0,2025-10-02 14:00:00+10:00,1
51,2025-10-02,14,146.0,126.0,272.0,2025-10-02 14:00:00+10:00,1
9,2025-10-02,5,19.0,49.0,68.0,2025-10-02 05:00:00+10:00,1
5,2025-10-02,7,194.0,387.0,581.0,2025-10-02 07:00:00+10:00,1
3,2025-10-02,13,1217.0,1344.0,2561.0,2025-10-02 13:00:00+10:00,1
3,2025-10-02,20,980.0,811.0,1791.0,2025-10-02 20:00:00+10:00,1
53,2025-10-02,13,931.0,820.0,1751.0,2025-10-02 13:00:00+10:00,1
51,2025-10-02,0,30.0,33.0,63.0,2025-10-02 00:00:00+10:00,1
51,2025-10-02,20,64.0,71.0,135.0,2025-10-02 20:00:00+10:00,1
3,2025-10-02,19,1072.0,911.0,1983.0,2025-10-02 19:00:00+10:00,1
9,2025-10-02,3,0.0,1.0,1.0,2025-10-02 03:00:00+10:00,1
51,2025-10-02,9,85.0,96.0,181.0,2025-10-02 09:00:00+10:00,1
53,2025-10-02,7,166.0,119.0,285.0,2025-10-02 07:00:00+10:00,1
53,2025-10-02,0,5.0,10.0,15.0,2025-10-02 00:00:00+10:00,1
3,2025-10-02,4,12.0,12.0,24.0,2025-10-02 04:00:00+10:00,1
53,2025-10-02,3,2.0,2.0,4.0,2025-10-02 03:00:00+10:00,1
53,2025-10-02,9,467.0,319.0,786.0,2025-10-02 09:00:00+10:00,1
5,2025-10-02,1,16.0,25.0,41.0,2025-10-02 01:00:00+10:00,1
5,2025-10-02,15,1282.0,814.0,2096.0,2025-10-02 15:00:00+10:00,1
3,2025-10-02,2,36.0,17.0,53.0,2025-10-02 02:00:00+10:00,1
53,2025-10-02,11,687.0,582.0,1269.0,2025-10-02 11:00:00+10:00,1
3,2025-10-02,15,1146.0,1261.0,2407.0,2025-10-02 15:00:00+10:00,1
51,2025-10-02,21,38.0,36.0,74.0,2025-10-02 21:00:00+10:00,1
3,2025-10-02,10,424.0,477.0,901.0,2025-10-02 10:00:00+10:00,1
5,2025-10-02,19,367.0,723.0,1090.0,2025-10-02 19:00:00+10:00,1
53,2025-10-02,5,14.0,6.0,20.0,2025-10-02 05:00:00+10:00,1
51,2025-10-02,5,6.0,7.0,13.0,2025-10-02 05:00:00+10:00,1
5,2025-10-02,12,1058.0,1000.0,2058.0,2025-10-02 12:00:00+10:00,1
9,2025-10-02,7,60.0,1125.0,1185.0,2025-10-02 07:00:00+10:00,1
5,2025-10-02,4,31.0,8.0,39.0,2025-10-02 04:00:00+10:00,1
9,2025-10-02,21,56.0,46.0,102.0,2025-10-02 21:00:00+10:00,1
51,2025-10-02,1,29.0,25.0,54.0,2025-10-02 01:00:00+10:00,1
3,2025-10-02,6,36.0,102.0,138.0,2025-10-02 06:00:00+10:00,1
51,2025-10-02,22,40.0,39.0,79.0,2025-10-02 22:00:00+10:00,1
3,2025-10-02,18,1160.0,1399.0,2559.0,2025-10-02 18:00:00+10:00,1
53,2025-10-02,8,440.0,303.0,743.0,2025-10-02 08:00:00+10:00,1
9,2025-10-02,23,23.0,20.0,43.0,2025-10-02 23:00:00+10:00,1
9,2025-10-02,17,2427.0,153.0,2580.0,2025-10-02 17:00:00+10:00,1
5,2025-10-02,14,902.0,779.0,1681.0,2025-10-02 14:00:00+10:00,1
53,2025-10-02,1,0.0,3.0,3.0,2025-10-02 01:00:00+10:00,1
9,2025-10-02,8,131.0,3019.0,3150.0,2025-10-02 08:00:00+10:00,1
51,2025-10-02,2,10.0,2.0,12.0,2025-10-02 02:00:00+10:00,1
51,2025-10-02,16,107.0,123.0,230.0,2025-10-02 16:00:00+10:00,1
5,2025-10-02,11,760.0,914.0,1674.0,2025-10-02 11:00:00+10:00,1
5,2025-10-02,21,973.0,513.0,1486.0,2025-10-02 21:00:00+10:00,1
3,2025-10-02,7,84.0,150.0,234.0,2025-10-02 07:00:00+10:00,1
3,2025-10-02,12,1034.0,1284.0,2318.0,2025-10-02 12:00:00+10:00,1
9,2025-10-02,19,186.0,57.0,243.0,2025-10-02 19:00:00+10:00,1
51,2025-10-02,18,84.0,96.0,180.0,2025-10-02 18:00:00+10:00,1
3,2025-10-02,11,690.0,820.0,1510.0,2025-10-02 11:00:00+10:00,1
51,2025-10-02,8,62.0,57.0,119.0,2025-10-02 08:00:00+10:00,1
9,2025-10-02,16,1994.0,127.0,2121.0,2025-10-02 16:00:00+10:00,1
51,2025-10-02,4,6.0,9.0,15.0,2025-10-02 04:00:00+10:00,1
5,2025-10-02,10,388.0,1107.0,1495.0,2025-10-02 10:00:00+10:00,1
3,2025-10-02,3,24.0,11.0,35.0,2025-10-02 03:00:00+10:00,1
3,2025-10-02,21,825.0,759.0,1584.0,2025-10-02 21:00:00+10:00,1
53,2025-10-02,4,7.0,1.0,8.0,2025-10-02 04:00:00+10:00,1
5,2025-10-02,0,17.0,41.0,58.0,2025-10-02 00:00:00+10:00,1
51,2025-10-02,13,138.0,114.0,252.0,2025-10-02 13:00:00+10:00,1
3,2025-10-02,9,266.0,338.0,604.0,2025-10-02 09:00:00+10:00,1
5,2025-10-02,5,56.0,62.0,118.0,2025-10-02 05:00:00+10:00,1
53,2025-10-02,2,2.0,2.0,4.0,2025-10-02 02:00:00+10:00,1
9,2025-10-02,18,803.0,100.0,903.0,2025-10-02 18:00:00+10:00,1
3,2025-10-02,23,231.0,280.0,511.0,2025-10-02 23:00:00+10:00,1
5,2025-10-02,23,119.0,136.0,255.0,2025-10-02 23:00:00+10:00,1
51,2025-10-02,7,45.0,46.0,91.0,2025-10-02 07:00:00+10:00,1
51,2025-10-02,19,66.0,87.0,153.0,2025-10-02 19:00:00+10:00,1
51,2025-10-02,6,48.0,20.0,68.0,2025-10-02 06:00:00+10:00,1
53,2025-10-02,12,1044.0,807.0,1851.0,2025-10-02 12:00:00+10:00,1
51,2025-10-02,10,127.0,87.0,214.0,2025-10-02 10:00:00+10:00,1
53,2025-10-02,22,69.0,127.0,196.0,2025-10-02 22:00:00+10:00,1
3,2025-10-02,5,12.0,35.0,47.0,2025-10-02 05:00:00+10:00,1
53,2025-10-02,15,678.0,599.0,1277.0,2025-10-02 15:00:00+10:00,1
51,2025-10-02,17,109.0,79.0,188.0,2025-10-02 17:00:00+10:00,1
51,2025-10-02,11,111.0,131.0,242.0,2025-10-02 11:00:00+10:00,1
5,2025-10-02,8,413.0,705.0,1118.0,2025-10-02 08:00:00+10:00,1
51,2025-10-02,15,100.0,99.0,199.0,2025-10-02 15:00:00+10:00,1
53,2025-10-02,6,37.0,49.0,86.0,2025-10-02 06:00:00+10:00,1
5,2025-10-02,17,1394.0,981.0,2375.0,2025-10-02 17:00:00+10:00,1
5,2025-10-02,16,1158.0,713.0,1871.0,2025-10-02 16:00:00+10:00,1
9,2025-10-02,6,28.0,279.0,307.0,2025-10-02 06:00:00+10:00,1
9,2025-10-02,10,157.0,450.0,607.0,2025-10-02 10:00:00+10:00,1
5,2025-10-02,20,482.0,511.0,993.0,2025-10-02 20:00:00+10:00,1
3,2025-10-02,8,208.0,320.0,528.0,2025-10-02 08:00:00+10:00,1
3,2025-10-02,22,509.0,467.0,976.0,2025-10-02 22:00:00+10:00,1
5,2025-10-02,6,82.0,269.0,351.0,2025-10-02 06:00:00+10:00,1
51,2025-10-02,23,20.0,23.0,43.0,2025-10-02 23:00:00+10:00,1
9,2025-10-02,9,146.0,1476.0,1622.0,2025-10-02 09:00:00+10:00,1
53,2025-10-02,17,779.0,601.0,1380.0,2025-10-02 17:00:00+10:00,1
9,2025-10-02,13,393.0,402.0,795.0,2025-10-02 13:00:00+10:00,1
5,2025-10-02,13,989.0,1284.0,2273.0,2025-10-02 13:00:00+10:00,1
3,2025-10-02,0,64.0,33.0,97.0,2025-10-02 00:00:00+10:00,1
53,2025-10-02,10,539.0,409.0,948.0,2025-10-02 10:00:00+10:00,1
9,2025-10-02,15,793.0,140.0,933.0,2025-10-02 15:00:00+10:00,1
53,2025-10-02,16,593.0,532.0,1125.0,2025-10-02 16:00:00+10:00,1
3,2025-10-02,1,53.0,36.0,89.0,2025-10-02 01:00:00+10:00,1
53,2025-10-02,20,166.0,230.0,396.0,2025-10-02 20:00:00+10:00,1
53,2025-10-02,14,786.0,715.0,1501.0,2025-10-02 14:00:00+10:00,1
9,2025-10-02,22,53.0,43.0,96.0,2025-10-02 22:00:00+10:00,1
9,2025-10-02,1,5.0,3.0,8.0,2025-10-02 01:00:00+10:00,1
5,2025-10-02,2,25.0,18.0,43.0,2025-10-02 02:00:00+10:00,1
9,2025-10-01,12,564.0,472.0,1036.0,2025-10-01 12:00:00+10:00,1
9,2025-10-01,0,8.0,7.0,15.0,2025-10-01 00:00:00+10:00,1
53,2025-10-01,15,728.0,639.0,1367.0,2025-10-01 15:00:00+10:00,1
51,2025-10-01,2,6.0,5.0,11.0,2025-10-01 02:00:00+10:00,1
53,2025-10-01,20,157.0,207.0,364.0,2025-10-01 20:00:00+10:00,1
5,2025-10-01,15,1355.0,959.0,2314.0,2025-10-01 15:00:00+10:00,1
3,2025-10-01,2,58.0,44.0,102.0,2025-10-01 02:00:00+10:00,1
51,2025-10-01,21,45.0,51.0,96.0,2025-10-01 21:00:00+10:00,1
5,2025-10-01,1,31.0,38.0,69.0,2025-10-01 01:00:00+10:00,1
3,2025-10-01,10,432.0,524.0,956.0,2025-10-01 10:00:00+10:00,1
51,2025-10-01,20,75.0,105.0,180.0,2025-10-01 20:00:00+10:00,1
9,2025-10-01,23,20.0,14.0,34.0,2025-10-01 23:00:00+10:00,1
53,2025-10-01,11,723.0,676.0,1399.0,2025-10-01 11:00:00+10:00,1
5,2025-10-01,10,472.0,1196.0,1668.0,2025-10-01 10:00:00+10:00,1
5,2025-10-01,5,44.0,69.0,113.0,2025-10-01 05:00:00+10:00,1
3,2025-10-01,7,104.0,171.0,275.0,2025-10-01 07:00:00+10:00,1
9,2025-10-01,22,41.0,25.0,66.0,2025-10-01 22:00:00+10:00,1
3,2025-10-01,16,1314.0,1364.0,2678.0,2025-10-01 16:00:00+10:00,1
9,2025-10-01,8,122.0,3005.0,3127.0,2025-10-01 08:00:00+10:00,1
53,2025-10-01,2,5.0,1.0,6.0,2025-10-01 02:00:00+10:00,1
3,2025-10-01,14,1308.0,1410.0,2718.0,2025-10-01 14:00:00+10:00,1
5,2025-10-01,6,67.0,277.0,344.0,2025-10-01 06:00:00+10:00,1
51,2025-10-01,17,132.0,154.0,286.0,2025-10-01 17:00:00+10:00,1
51,2025-10-01,23,41.0,33.0,74.0,2025-10-01 23:00:00+10:00,1
51,2025-10-01,5,17.0,8.0,25.0,2025-10-01 05:00:00+10:00,1
9,2025-10-01,20,98.0,56.0,154.0,2025-10-01 20:00:00+10:00,1
53,2025-10-01,7,158.0,91.0,249.0,2025-10-01 07:00:00+10:00,1
53,2025-10-01,14,902.0,724.0,1626.0,2025-10-01 14:00:00+10:00,1
53,2025-10-01,23,17.0,31.0,48.0,2025-10-01 23:00:00+10:00,1
51,2025-10-01,13,121.0,100.0,221.0,2025-10-01 13:00:00+10:00,1
9,2025-10-01,11,254.0,264.0,518.0,2025-10-01 11:00:00+10:00,1
9,2025-10-01,13,373.0,455.0,828.0,2025-10-01 13:00:00+10:00,1
51,2025-10-01,18,152.0,143.0,295.0,2025-10-01 18:00:00+10:00,1
5,2025-10-01,13,1041.0,1284.0,2325.0,2025-10-01 13:00:00+10:00,1
9,2025-10-01,16,2225.0,139.0,2364.0,2025-10-01 16:00:00+10:00,1
53,2025-10-01,22,53.0,104.0,157.0,2025-10-01 22:00:00+10:00,1
9,2025-10-01,15,811.0,120.0,931.0,2025-10-01 15:00:00+10:00,1
5,2025-10-01,21,507.0,556.0,1063.0,2025-10-01 21:00:00+10:00,1
3,2025-10-01,9,267.0,395.0,662.0,2025-10-01 09:00:00+10:00,1
51,2025-10-01,22,40.0,24.0,64.0,2025-10-01 22:00:00+10:00,1
9,2025-10-01,18,710.0,130.0,840.0,2025-10-01 18:00:00+10:00,1
9,2025-10-01,6,32.0,324.0,356.0,2025-10-01 06:00:00+10:00,1
5,2025-10-01,2,12.0,19.0,31.0,2025-10-01 02:00:00+10:00,1
3,2025-10-01,11,666.0,830.0,1496.0,2025-10-01 11:00:00+10:00,1
9,2025-10-01,19,177.0,81.0,258.0,2025-10-01 19:00:00+10:00,1
9,2025-10-01,4,9.0,2.0,11.0,2025-10-01 04:00:00+10:00,1
53,2025-10-01,13,1004.0,835.0,1839.0,2025-10-01 13:00:00+10:00,1
3,2025-10-01,1,72.0,41.0,113.0,2025-10-01 01:00:00+10:00,1
3,2025-10-01,12,1160.0,1461.0,2621.0,2025-10-01 12:00:00+10:00,1
3,2025-10-01,5,23.0,28.0,51.0,2025-10-01 05:00:00+10:00,1
3,2025-10-01,19,1249.0,1300.0,2549.0,2025-10-01 19:00:00+10:00,1
9,2025-10-01,14,531.0,251.0,782.0,2025-10-01 14:00:00+10:00,1
5,2025-10-01,19,526.0,732.0,1258.0,2025-10-01 19:00:00+10:00,1
51,2025-10-01,4,6.0,3.0,9.0,2025-10-01 04:00:00+10:00,1
53,2025-10-01,8,387.0,283.0,670.0,2025-10-01 08:00:00+10:00,1
53,2025-10-01,10,498.0,427.0,925.0,2025-10-01 10:00:00+10:00,1
53,2025-10-01,16,750.0,582.0,1332.0,2025-10-01 16:00:00+10:00,1
53,2025-10-01,21,117.0,278.0,395.0,2025-10-01 21:00:00+10:00,1
5,2025-10-01,0,48.0,42.0,90.0,2025-10-01 00:00:00+10:00,1
53,2025-10-01,17,758.0,609.0,1367.0,2025-10-01 17:00:00+10:00,1
51,2025-10-01,11,96.0,103.0,199.0,2025-10-01 11:00:00+10:00,1
9,2025-10-01,9,146.0,1437.0,1583.0,2025-10-01 09:00:00+10:00,1
9,2025-10-01,2,3.0,1.0,4.0,2025-10-01 02:00:00+10:00,1
3,2025-10-01,18,1114.0,1506.0,2620.0,2025-10-01 18:00:00+10:00,1
51,2025-10-01,10,84.0,78.0,162.0,2025-10-01 10:00:00+10:00,1
53,2025-10-01,19,237.0,243.0,480.0,2025-10-01 19:00:00+10:00,1
3,2025-10-01,17,1281.0,1446.0,2727.0,2025-10-01 17:00:00+10:00,1
9,2025-10-01,1,2.0,11.0,13.0,2025-10-01 01:00:00+10:00,1
5,2025-10-01,12,1182.0,1045.0,2227.0,2025-10-01 12:00:00+10:00,1
53,2025-10-01,5,7.0,9.0,16.0,2025-10-01 05:00:00+10:00,1
5,2025-10-01,7,219.0,396.0,615.0,2025-10-01 07:00:00+10:00,1
53,2025-10-01,6,29.0,49.0,78.0,2025-10-01 06:00:00+10:00,1
5,2025-10-01,9,333.0,721.0,1054.0,2025-10-01 09:00:00+10:00,1
5,2025-10-01,23,142.0,127.0,269.0,2025-10-01 23:00:00+10:00,1
51,2025-10-01,0,24.0,11.0,35.0,2025-10-01 00:00:00+10:00,1
51,2025-10-01,14,102.0,125.0,227.0,2025-10-01 14:00:00+10:00,1
51,2025-10-01,3,6.0,5.0,11.0,2025-10-01 03:00:00+10:00,1
51,2025-10-01,12,124.0,126.0,250.0,2025-10-01 12:00:00+10:00,1
5,2025-10-01,17,1436.0,1042.0,2478.0,2025-10-01 17:00:00+10:00,1
3,2025-10-01,20,974.0,875.0,1849.0,2025-10-01 20:00:00+10:00,1
3,2025-10-01,3,29.0,22.0,51.0,2025-10-01 03:00:00+10:00,1
51,2025-10-01,15,91.0,110.0,201.0,2025-10-01 15:00:00+10:00,1
9,2025-10-01,21,41.0,39.0,80.0,2025-10-01 21:00:00+10:00,1
53,2025-10-01,1,3.0,9.0,12.0,2025-10-01 01:00:00+10:00,1
5,2025-10-01,20,436.0,549.0,985.0,2025-10-01 20:00:00+10:00,1
3,2025-10-01,15,1251.0,1365.0,2616.0,2025-10-01 15:00:00+10:00,1
9,2025-10-01,17,2432.0,140.0,2572.0,2025-10-01 17:00:00+10:00,1
3,2025-10-01,6,31.0,97.0,128.0,2025-10-01 06:00:00+10:00,1
51,2025-10-01,16,122.0,142.0,264.0,2025-10-01 16:00:00+10:00,1
9,2025-10-01,5,16.0,42.0,58.0,2025-10-01 05:00:00+10:00,1
51,2025-10-01,7,40.0,21.0,61.0,2025-10-01 07:00:00+10:00,1
5,2025-10-01,16,1358.0,774.0,2132.0,2025-10-01 16:00:00+10:00,1
53,2025-10-01,3,1.0,3.0,4.0,2025-10-01 03:00:00+10:00,1
51,2025-10-01,1,11.0,19.0,30.0,2025-10-01 01:00:00+10:00,1
3,2025-10-01,8,225.0,351.0,576.0,2025-10-01 08:00:00+10:00,1
3,2025-10-01,22,467.0,436.0,903.0,2025-10-01 22:00:00+10:00,1
53,2025-10-01,18,490.0,333.0,823.0,2025-10-01 18:00:00+10:00,1
51,2025-10-01,6,42.0,20.0,62.0,2025-10-01 06:00:00+10:00,1
5,2025-10-01,8,427.0,775.0,1202.0,2025-10-01 08:00:00+10:00,1
53,2025-10-01,4,3.0,1.0,4.0,2025-10-01 04:00:00+10:00,1
9,2025-10-01,7,63.0,1225.0,1288.0,2025-10-01 07:00:00+10:00,1
5,2025-10-01,4,33.0,11.0,44.0,2025-10-01 04:00:00+10:00,1
3,2025-10-01,13,1276.0,1441.0,2717.0,2025-10-01 13:00:00+10:00,1
5,2025-10-01,18,808.0,945.0,1753.0,2025-10-01 18:00:00+10:00,1
5,2025-10-01,11,696.0,1080.0,1776.0,2025-10-01 11:00:00+10:00,1
5,2025-10-01,14,1113.0,1029.0,2142.0,2025-10-01 14:00:00+10:00,1
51,2025-10-01,8,54.0,51.0,105.0,2025-10-01 08:00:00+10:00,1
9,2025-10-01,10,183.0,431.0,614.0,2025-10-01 10:00:00+10:00,1
53,2025-10-01,12,1064.0,807.0,1871.0,2025-10-01 12:00:00+10:00,1
3,2025-10-01,21,863.0,692.0,1555.0,2025-10-01 21:00:00+10:00,1
3,2025-10-01,23,250.0,228.0,478.0,2025-10-01 23:00:00+10:00,1
53,2025-10-01,9,488.0,290.0,778.0,2025-10-01 09:00:00+10:00,1
3,2025-10-01,0,87.0,97.0,184.0,2025-10-01 00:00:00+10:00,1
51,2025-10-01,9,75.0,87.0,162.0,2025-10-01 09:00:00+10:00,1
5,2025-10-01,22,259.0,316.0,575.0,2025-10-01 22:00:00+10:00,1
53,2025-10-01,0,13.0,22.0,35.0,2025-10-01 00:00:00+10:00,1
51,2025-10-01,19,126.0,121.0,247.0,2025-10-01 19:00:00+10:00,1
3,2025-10-01,4,13.0,17.0,30.0,2025-10-01 04:00:00+10:00,1
5,2025-10-01,3,29.0,12.0,41.0,2025-10-01 03:00:00+10:00,1
3,2025-09-30,5,11.0,35.0,46.0,2025-09-30 05:00:00+10:00,1
5,2025-09-30,5,37.0,63.0,100.0,2025-09-30 05:00:00+10:00,1
53,2025-09-30,15,718.0,601.0,1319.0,2025-09-30 15:00:00+10:00,1
3,2025-09-30,20,893.0,871.0,1764.0,2025-09-30 20:00:00+10:00,1
51,2025-09-30,16,104.0,101.0,205.0,2025-09-30 16:00:00+10:00,1
51,2025-09-30,9,87.0,76.0,163.0,2025-09-30 09:00:00+10:00,1
53,2025-09-30,9,461.0,305.0,766.0,2025-09-30 09:00:00+10:00,1
53,2025-09-30,17,561.0,464.0,1025.0,2025-09-30 17:00:00+10:00,1
53,2025-09-30,13,1046.0,786.0,1832.0,2025-09-30 13:00:00+10:00,1
3,2025-09-30,7,62.0,98.0,160.0,2025-09-30 07:00:00+10:00,1
53,2025-09-30,0,17.0,15.0,32.0,2025-09-30 00:00:00+10:00,1
5,2025-09-30,10,375.0,982.0,1357.0,2025-09-30 10:00:00+10:00,1
5,2025-09-30,3,37.0,12.0,49.0,2025-09-30 03:00:00+10:00,1
51,2025-09-30,8,79.0,80.0,159.0,2025-09-30 08:00:00+10:00,1
53,2025-09-30,3,2.0,3.0,5.0,2025-09-30 03:00:00+10:00,1
9,2025-09-30,14,469.0,224.0,693.0,2025-09-30 14:00:00+10:00,1
3,2025-09-30,10,395.0,436.0,831.0,2025-09-30 10:00:00+10:00,1
5,2025-09-30,23,115.0,112.0,227.0,2025-09-30 23:00:00+10:00,1
5,2025-09-30,21,434.0,453.0,887.0,2025-09-30 21:00:00+10:00,1
3,2025-09-30,16,1269.0,1347.0,2616.0,2025-09-30 16:00:00+10:00,1
9,2025-09-30,18,805.0,93.0,898.0,2025-09-30 18:00:00+10:00,1
53,2025-09-30,20,97.0,162.0,259.0,2025-09-30 20:00:00+10:00,1
3,2025-09-30,3,27.0,14.0,41.0,2025-09-30 03:00:00+10:00,1
3,2025-09-30,9,294.0,374.0,668.0,2025-09-30 09:00:00+10:00,1
53,2025-09-30,4,7.0,2.0,9.0,2025-09-30 04:00:00+10:00,1
53,2025-09-30,22,42.0,94.0,136.0,2025-09-30 22:00:00+10:00,1
51,2025-09-30,1,14.0,8.0,22.0,2025-09-30 01:00:00+10:00,1
53,2025-09-30,5,8.0,5.0,13.0,2025-09-30 05:00:00+10:00,1
9,2025-09-30,3,1.0,2.0,3.0,2025-09-30 03:00:00+10:00,1
5,2025-09-30,17,1205.0,773.0,1978.0,2025-09-30 17:00:00+10:00,1
3,2025-09-30,18,1025.0,1295.0,2320.0,2025-09-30 18:00:00+10:00,1
53,2025-09-30,12,1036.0,797.0,1833.0,2025-09-30 12:00:00+10:00,1
53,2025-09-30,18,429.0,266.0,695.0,2025-09-30 18:00:00+10:00,1
53,2025-09-30,11,686.0,514.0,1200.0,2025-09-30 11:00:00+10:00,1
5,2025-09-30,15,1354.0,941.0,2295.0,2025-09-30 15:00:00+10:00,1
3,2025-09-30,1,63.0,47.0,110.0,2025-09-30 01:00:00+10:00,1
9,2025-09-30,17,2731.0,139.0,2870.0,2025-09-30 17:00:00+10:00,1
3,2025-09-30,17,1107.0,1028.0,2135.0,2025-09-30 17:00:00+10:00,1
9,2025-09-30,15,968.0,155.0,1123.0,2025-09-30 15:00:00+10:00,1
53,2025-09-30,7,130.0,58.0,188.0,2025-09-30 07:00:00+10:00,1
5,2025-09-30,2,12.0,11.0,23.0,2025-09-30 02:00:00+10:00,1
5,2025-09-30,19,372.0,481.0,853.0,2025-09-30 19:00:00+10:00,1
9,2025-09-30,13,433.0,465.0,898.0,2025-09-30 13:00:00+10:00,1
51,2025-09-30,0,14.0,9.0,23.0,2025-09-30 00:00:00+10:00,1
3,2025-09-30,19,965.0,1026.0,1991.0,2025-09-30 19:00:00+10:00,1
9,2025-09-30,22,37.0,37.0,74.0,2025-09-30 22:00:00+10:00,1
3,2025-09-30,13,1323.0,1465.0,2788.0,2025-09-30 13:00:00+10:00,1
51,2025-09-30,3,5.0,14.0,19.0,2025-09-30 03:00:00+10:00,1
5,2025-09-30,12,984.0,1016.0,2000.0,2025-09-30 12:00:00+10:00,1
9,2025-09-30,19,157.0,66.0,223.0,2025-09-30 19:00:00+10:00,1
9,2025-09-30,9,203.0,1506.0,1709.0,2025-09-30 09:00:00+10:00,1
53,2025-09-30,21,94.0,217.0,311.0,2025-09-30 21:00:00+10:00,1
3,2025-09-30,22,398.0,435.0,833.0,2025-09-30 22:00:00+10:00,1
5,2025-09-30,22,215.0,226.0,441.0,2025-09-30 22:00:00+10:00,1
51,2025-09-30,12,126.0,162.0,288.0,2025-09-30 12:00:00+10:00,1
5,2025-09-30,8,224.0,585.0,809.0,2025-09-30 08:00:00+10:00,1
3,2025-09-30,15,1132.0,1267.0,2399.0,2025-09-30 15:00:00+10:00,1
51,2025-09-30,5,11.0,10.0,21.0,2025-09-30 05:00:00+10:00,1
5,2025-09-30,7,100.0,276.0,376.0,2025-09-30 07:00:00+10:00,1
3,2025-09-30,8,190.0,246.0,436.0,2025-09-30 08:00:00+10:00,1
5,2025-09-30,11,561.0,951.0,1512.0,2025-09-30 11:00:00+10:00,1
9,2025-09-30,23,24.0,13.0,37.0,2025-09-30 23:00:00+10:00,1
51,2025-09-30,18,81.0,87.0,168.0,2025-09-30 18:00:00+10:00,1
3,2025-09-30,21,698.0,657.0,1355.0,2025-09-30 21:00:00+10:00,1
5,2025-09-30,1,18.0,31.0,49.0,2025-09-30 01:00:00+10:00,1
9,2025-09-30,0,9.0,4.0,13.0,2025-09-30 00:00:00+10:00,1
51,2025-09-30,4,7.0,6.0,13.0,2025-09-30 04:00:00+10:00,1
9,2025-09-30,7,49.0,1144.0,1193.0,2025-09-30 07:00:00+10:00,1
51,2025-09-30,6,38.0,29.0,67.0,2025-09-30 06:00:00+10:00,1
9,2025-09-30,16,2301.0,116.0,2417.0,2025-09-30 16:00:00+10:00,1
3,2025-09-30,14,1228.0,1380.0,2608.0,2025-09-30 14:00:00+10:00,1
5,2025-09-30,13,965.0,1094.0,2059.0,2025-09-30 13:00:00+10:00,1
3,2025-09-30,4,29.0,16.0,45.0,2025-09-30 04:00:00+10:00,1
51,2025-09-30,7,46.0,28.0,74.0,2025-09-30 07:00:00+10:00,1
51,2025-09-30,21,44.0,53.0,97.0,2025-09-30 21:00:00+10:00,1
5,2025-09-30,9,302.0,662.0,964.0,2025-09-30 09:00:00+10:00,1
53,2025-09-30,1,3.0,5.0,8.0,2025-09-30 01:00:00+10:00,1
3,2025-09-30,23,178.0,212.0,390.0,2025-09-30 23:00:00+10:00,1
53,2025-09-30,19,197.0,223.0,420.0,2025-09-30 19:00:00+10:00,1
51,2025-09-30,2,4.0,11.0,15.0,2025-09-30 02:00:00+10:00,1
51,2025-09-30,17,95.0,95.0,190.0,2025-09-30 17:00:00+10:00,1
3,2025-09-30,12,1093.0,1397.0,2490.0,2025-09-30 12:00:00+10:00,1
9,2025-09-30,5,21.0,37.0,58.0,2025-09-30 05:00:00+10:00,1
53,2025-09-30,14,775.0,700.0,1475.0,2025-09-30 14:00:00+10:00,1
53,2025-09-30,23,19.0,27.0,46.0,2025-09-30 23:00:00+10:00,1
51,2025-09-30,10,91.0,102.0,193.0,2025-09-30 10:00:00+10:00,1
51,2025-09-30,23,19.0,35.0,54.0,2025-09-30 23:00:00+10:00,1
9,2025-09-30,8,106.0,2853.0,2959.0,2025-09-30 08:00:00+10:00,1
9,2025-09-30,1,4.0,4.0,8.0,2025-09-30 01:00:00+10:00,1
3,2025-09-30,6,17.0,77.0,94.0,2025-09-30 06:00:00+10:00,1
51,2025-09-30,19,61.0,85.0,146.0,2025-09-30 19:00:00+10:00,1
51,2025-09-30,13,126.0,128.0,254.0,2025-09-30 13:00:00+10:00,1
53,2025-09-30,2,7.0,5.0,12.0,2025-09-30 02:00:00+10:00,1
53,2025-09-30,16,621.0,569.0,1190.0,2025-09-30 16:00:00+10:00,1
9,2025-09-30,20,81.0,53.0,134.0,2025-09-30 20:00:00+10:00,1
51,2025-09-30,11,107.0,88.0,195.0,2025-09-30 11:00:00+10:00,1
9,2025-09-30,2,4.0,1.0,5.0,2025-09-30 02:00:00+10:00,1
9,2025-09-30,6,41.0,316.0,357.0,2025-09-30 06:00:00+10:00,1
53,2025-09-30,6,35.0,30.0,65.0,2025-09-30 06:00:00+10:00,1
51,2025-09-30,15,115.0,103.0,218.0,2025-09-30 15:00:00+10:00,1
5,2025-09-30,20,445.0,522.0,967.0,2025-09-30 20:00:00+10:00,1
5,2025-09-30,16,1396.0,868.0,2264.0,2025-09-30 16:00:00+10:00,1
51,2025-09-30,14,94.0,105.0,199.0,2025-09-30 14:00:00+10:00,1
9,2025-09-30,10,162.0,476.0,638.0,2025-09-30 10:00:00+10:00,1
3,2025-09-30,11,613.0,769.0,1382.0,2025-09-30 11:00:00+10:00,1
51,2025-09-30,22,36.0,23.0,59.0,2025-09-30 22:00:00+10:00,1
53,2025-09-30,8,430.0,226.0,656.0,2025-09-30 08:00:00+10:00,1
5,2025-09-30,6,75.0,261.0,336.0,2025-09-30 06:00:00+10:00,1
51,2025-09-30,20,64.0,52.0,116.0,2025-09-30 20:00:00+10:00,1
5,2025-09-30,14,937.0,950.0,1887.0,2025-09-30 14:00:00+10:00,1
9,2025-09-30,4,3.0,4.0,7.0,2025-09-30 04:00:00+10:00,1
3,2025-09-30,2,54.0,31.0,85.0,2025-09-30 02:00:00+10:00,1
9,2025-09-30,11,260.0,351.0,611.0,2025-09-30 11:00:00+10:00,1
5,2025-09-30,0,69.0,49.0,118.0,2025-09-30 00:00:00+10:00,1
9,2025-09-30,12,619.0,470.0,1089.0,2025-09-30 12:00:00+10:00,1
3,2025-09-30,0,103.0,93.0,196.0,2025-09-30 00:00:00+10:00,1
9,2025-09-30,21,59.0,33.0,92.0,2025-09-30 21:00:00+10:00,1
5,2025-09-30,4,43.0,3.0,46.0,2025-09-30 04:00:00+10:00,1
53,2025-09-30,10,497.0,413.0,910.0,2025-09-30 10:00:00+10:00,1
5,2025-09-30,18,626.0,705.0,1331.0,2025-09-30 18:00:00+10:00,1
5,2025-09-29,6,74.0,182.0,256.0,2025-09-29 06:00:00+10:00,1
3,2025-09-29,14,1252.0,1343.0,2595.0,2025-09-29 14:00:00+10:00,1
51,2025-09-29,17,98.0,87.0,185.0,2025-09-29 17:00:00+10:00,1
9,2025-09-29,16,1757.0,123.0,1880.0,2025-09-29 16:00:00+10:00,1
3,2025-09-29,21,673.0,599.0,1272.0,2025-09-29 21:00:00+10:00,1
9,2025-09-29,11,238.0,277.0,515.0,2025-09-29 11:00:00+10:00,1
5,2025-09-29,3,21.0,7.0,28.0,2025-09-29 03:00:00+10:00,1
5,2025-09-29,11,758.0,1026.0,1784.0,2025-09-29 11:00:00+10:00,1
51,2025-09-29,10,73.0,52.0,125.0,2025-09-29 10:00:00+10:00,1
53,2025-09-29,8,394.0,275.0,669.0,2025-09-29 08:00:00+10:00,1
9,2025-09-29,23,12.0,3.0,15.0,2025-09-29 23:00:00+10:00,1
5,2025-09-29,4,26.0,6.0,32.0,2025-09-29 04:00:00+10:00,1
53,2025-09-29,10,503.0,428.0,931.0,2025-09-29 10:00:00+10:00,1
53,2025-09-29,17,504.0,506.0,1010.0,2025-09-29 17:00:00+10:00,1
53,2025-09-29,23,12.0,38.0,50.0,2025-09-29 23:00:00+10:00,1
51,2025-09-29,23,23.0,19.0,42.0,2025-09-29 23:00:00+10:00,1
5,2025-09-29,8,306.0,686.0,992.0,2025-09-29 08:00:00+10:00,1
5,2025-09-29,16,1369.0,831.0,2200.0,2025-09-29 16:00:00+10:00,1
5,2025-09-29,10,466.0,1000.0,1466.0,2025-09-29 10:00:00+10:00,1
5,2025-09-29,2,12.0,10.0,22.0,2025-09-29 02:00:00+10:00,1
3,2025-09-29,22,379.0,353.0,732.0,2025-09-29 22:00:00+10:00,1
5,2025-09-29,15,1195.0,1034.0,2229.0,2025-09-29 15:00:00+10:00,1
3,2025-09-29,2,25.0,18.0,43.0,2025-09-29 02:00:00+10:00,1
51,2025-09-29,6,14.0,18.0,32.0,2025-09-29 06:00:00+10:00,1
51,2025-09-29,5,11.0,6.0,17.0,2025-09-29 05:00:00+10:00,1
3,2025-09-29,18,1024.0,1225.0,2249.0,2025-09-29 18:00:00+10:00,1
5,2025-09-29,9,382.0,765.0,1147.0,2025-09-29 09:00:00+10:00,1
5,2025-09-29,7,203.0,332.0,535.0,2025-09-29 07:00:00+10:00,1
5,2025-09-29,21,1246.0,384.0,1630.0,2025-09-29 21:00:00+10:00,1
51,2025-09-29,7,19.0,20.0,39.0,2025-09-29 07:00:00+10:00,1
51,2025-09-29,21,47.0,58.0,105.0,2025-09-29 21:00:00+10:00,1
5,2025-09-29,14,1078.0,1076.0,2154.0,2025-09-29 14:00:00+10:00,1
9,2025-09-29,4,8.0,3.0,11.0,2025-09-29 04:00:00+10:00,1
53,2025-09-29,20,118.0,131.0,249.0,2025-09-29 20:00:00+10:00,1
5,2025-09-29,23,111.0,88.0,199.0,2025-09-29 23:00:00+10:00,1
53,2025-09-29,4,1.0,1.0,2.0,2025-09-29 04:00:00+10:00,1
51,2025-09-29,14,77.0,94.0,171.0,2025-09-29 14:00:00+10:00,1
3,2025-09-29,8,203.0,298.0,501.0,2025-09-29 08:00:00+10:00,1
9,2025-09-29,1,1.0,5.0,6.0,2025-09-29 01:00:00+10:00,1
53,2025-09-29,6,29.0,32.0,61.0,2025-09-29 06:00:00+10:00,1
3,2025-09-29,5,15.0,31.0,46.0,2025-09-29 05:00:00+10:00,1
53,2025-09-29,15,662.0,571.0,1233.0,2025-09-29 15:00:00+10:00,1
9,2025-09-29,2,3.0,1.0,4.0,2025-09-29 02:00:00+10:00,1
9,2025-09-29,17,1962.0,168.0,2130.0,2025-09-29 17:00:00+10:00,1
51,2025-09-29,18,106.0,67.0,173.0,2025-09-29 18:00:00+10:00,1
9,2025-09-29,15,621.0,150.0,771.0,2025-09-29 15:00:00+10:00,1
51,2025-09-29,13,112.0,103.0,215.0,2025-09-29 13:00:00+10:00,1
5,2025-09-29,5,35.0,47.0,82.0,2025-09-29 05:00:00+10:00,1
53,2025-09-29,14,804.0,693.0,1497.0,2025-09-29 14:00:00+10:00,1
51,2025-09-29,3,11.0,4.0,15.0,2025-09-29 03:00:00+10:00,1
53,2025-09-29,3,2.0,6.0,8.0,2025-09-29 03:00:00+10:00,1
3,2025-09-29,11,780.0,946.0,1726.0,2025-09-29 11:00:00+10:00,1
5,2025-09-29,22,292.0,231.0,523.0,2025-09-29 22:00:00+10:00,1
5,2025-09-29,1,4.0,27.0,31.0,2025-09-29 01:00:00+10:00,1
3,2025-09-29,4,14.0,18.0,32.0,2025-09-29 04:00:00+10:00,1
53,2025-09-29,19,165.0,195.0,360.0,2025-09-29 19:00:00+10:00,1
9,2025-09-29,5,14.0,28.0,42.0,2025-09-29 05:00:00+10:00,1
9,2025-09-29,0,10.0,2.0,12.0,2025-09-29 00:00:00+10:00,1
3,2025-09-29,16,1206.0,1423.0,2629.0,2025-09-29 16:00:00+10:00,1
9,2025-09-29,7,53.0,1129.0,1182.0,2025-09-29 07:00:00+10:00,1
9,2025-09-29,14,435.0,220.0,655.0,2025-09-29 14:00:00+10:00,1
51,2025-09-29,8,52.0,58.0,110.0,2025-09-29 08:00:00+10:00,1
9,2025-09-29,21,43.0,23.0,66.0,2025-09-29 21:00:00+10:00,1
51,2025-09-29,22,40.0,34.0,74.0,2025-09-29 22:00:00+10:00,1
9,2025-09-29,6,29.0,222.0,251.0,2025-09-29 06:00:00+10:00,1
5,2025-09-29,12,958.0,1180.0,2138.0,2025-09-29 12:00:00+10:00,1
3,2025-09-29,17,1262.0,1385.0,2647.0,2025-09-29 17:00:00+10:00,1
53,2025-09-29,0,10.0,10.0,20.0,2025-09-29 00:00:00+10:00,1
51,2025-09-29,9,80.0,53.0,133.0,2025-09-29 09:00:00+10:00,1
3,2025-09-29,12,1099.0,1385.0,2484.0,2025-09-29 12:00:00+10:00,1
3,2025-09-29,3,18.0,4.0,22.0,2025-09-29 03:00:00+10:00,1
3,2025-09-29,10,457.0,534.0,991.0,2025-09-29 10:00:00+10:00,1
53,2025-09-29,11,629.0,573.0,1202.0,2025-09-29 11:00:00+10:00,1
9,2025-09-29,18,540.0,76.0,616.0,2025-09-29 18:00:00+10:00,1
51,2025-09-29,20,55.0,40.0,95.0,2025-09-29 20:00:00+10:00,1
9,2025-09-29,12,431.0,426.0,857.0,2025-09-29 12:00:00+10:00,1
3,2025-09-29,20,811.0,830.0,1641.0,2025-09-29 20:00:00+10:00,1
51,2025-09-29,2,15.0,5.0,20.0,2025-09-29 02:00:00+10:00,1
51,2025-09-29,15,104.0,118.0,222.0,2025-09-29 15:00:00+10:00,1
5,2025-09-29,0,46.0,46.0,92.0,2025-09-29 00:00:00+10:00,1
53,2025-09-29,5,5.0,5.0,10.0,2025-09-29 05:00:00+10:00,1
3,2025-09-29,15,1342.0,1442.0,2784.0,2025-09-29 15:00:00+10:00,1
53,2025-09-29,21,80.0,140.0,220.0,2025-09-29 21:00:00+10:00,1
53,2025-09-29,7,141.0,100.0,241.0,2025-09-29 07:00:00+10:00,1
3,2025-09-29,23,193.0,187.0,380.0,2025-09-29 23:00:00+10:00,1
53,2025-09-29,16,560.0,527.0,1087.0,2025-09-29 16:00:00+10:00,1
5,2025-09-29,13,1131.0,1218.0,2349.0,2025-09-29 13:00:00+10:00,1
5,2025-09-29,20,461.0,524.0,985.0,2025-09-29 20:00:00+10:00,1
53,2025-09-29,9,351.0,264.0,615.0,2025-09-29 09:00:00+10:00,1
9,2025-09-29,9,145.0,1012.0,1157.0,2025-09-29 09:00:00+10:00,1
3,2025-09-29,0,92.0,49.0,141.0,2025-09-29 00:00:00+10:00,1
3,2025-09-29,7,82.0,139.0,221.0,2025-09-29 07:00:00+10:00,1
51,2025-09-29,4,4.0,3.0,7.0,2025-09-29 04:00:00+10:00,1
53,2025-09-29,2,2.0,3.0,5.0,2025-09-29 02:00:00+10:00,1
5,2025-09-29,18,655.0,1015.0,1670.0,2025-09-29 18:00:00+10:00,1
51,2025-09-29,11,103.0,73.0,176.0,2025-09-29 11:00:00+10:00,1
53,2025-09-29,1,5.0,2.0,7.0,2025-09-29 01:00:00+10:00,1
5,2025-09-29,17,1332.0,1025.0,2357.0,2025-09-29 17:00:00+10:00,1
3,2025-09-29,9,253.0,338.0,591.0,2025-09-29 09:00:00+10:00,1
51,2025-09-29,19,68.0,70.0,138.0,2025-09-29 19:00:00+10:00,1
53,2025-09-29,13,922.0,728.0,1650.0,2025-09-29 13:00:00+10:00,1
9,2025-09-29,19,143.0,48.0,191.0,2025-09-29 19:00:00+10:00,1
51,2025-09-29,12,123.0,95.0,218.0,2025-09-29 12:00:00+10:00,1
9,2025-09-29,8,101.0,2120.0,2221.0,2025-09-29 08:00:00+10:00,1
9,2025-09-29,3,2.0,2.0,4.0,2025-09-29 03:00:00+10:00,1
3,2025-09-29,6,20.0,86.0,106.0,2025-09-29 06:00:00+10:00,1
3,2025-09-29,19,883.0,1054.0,1937.0,2025-09-29 19:00:00+10:00,1
51,2025-09-29,16,82.0,100.0,182.0,2025-09-29 16:00:00+10:00,1
51,2025-09-29,1,10.0,12.0,22.0,2025-09-29 01:00:00+10:00,1
3,2025-09-29,13,1354.0,1468.0,2822.0,2025-09-29 13:00:00+10:00,1
53,2025-09-29,22,79.0,58.0,137.0,2025-09-29 22:00:00+10:00,1
53,2025-09-29,18,288.0,235.0,523.0,2025-09-29 18:00:00+10:00,1
9,2025-09-29,13,359.0,365.0,724.0,2025-09-29 13:00:00+10:00,1
9,2025-09-29,10,150.0,317.0,467.0,2025-09-29 10:00:00+10:00,1
9,2025-09-29,20,51.0,35.0,86.0,2025-09-29 20:00:00+10:00,1
51,2025-09-29,0,26.0,17.0,43.0,2025-09-29 00:00:00+10:00,1
53,2025-09-29,12,938.0,799.0,1737.0,2025-09-29 12:00:00+10:00,1
3,2025-09-29,1,43.0,31.0,74.0,2025-09-29 01:00:00+10:00,1
5,2025-09-29,19,490.0,1102.0,1592.0,2025-09-29 19:00:00+10:00,1
9,2025-09-29,22,32.0,30.0,62.0,2025-09-29 22:00:00+10:00,1
3,2025-09-28,1,195.0,169.0,364.0,2025-09-28 01:00:00+10:00,1
9,2025-09-28,10,61.0,50.0,111.0,2025-09-28 10:00:00+10:00,1
3,2025-09-28,3,190.0,121.0,311.0,2025-09-28 03:00:00+10:00,1
51,2025-09-28,2,18.0,13.0,31.0,2025-09-28 02:00:00+10:00,1
53,2025-09-28,18,201.0,191.0,392.0,2025-09-28 18:00:00+10:00,1
9,2025-09-28,3,5.0,6.0,11.0,2025-09-28 03:00:00+10:00,1
5,2025-09-28,21,248.0,334.0,582.0,2025-09-28 21:00:00+10:00,1
5,2025-09-28,7,81.0,94.0,175.0,2025-09-28 07:00:00+10:00,1
9,2025-09-28,11,51.0,58.0,109.0,2025-09-28 11:00:00+10:00,1
5,2025-09-28,9,304.0,399.0,703.0,2025-09-28 09:00:00+10:00,1
9,2025-09-28,16,78.0,40.0,118.0,2025-09-28 16:00:00+10:00,1
51,2025-09-28,7,28.0,21.0,49.0,2025-09-28 07:00:00+10:00,1
3,2025-09-28,14,1278.0,1491.0,2769.0,2025-09-28 14:00:00+10:00,1
3,2025-09-28,8,94.0,89.0,183.0,2025-09-28 08:00:00+10:00,1
9,2025-09-28,4,0.0,4.0,4.0,2025-09-28 04:00:00+10:00,1
53,2025-09-28,11,576.0,427.0,1003.0,2025-09-28 11:00:00+10:00,1
51,2025-09-28,16,118.0,116.0,234.0,2025-09-28 16:00:00+10:00,1
53,2025-09-28,3,12.0,19.0,31.0,2025-09-28 03:00:00+10:00,1
53,2025-09-28,9,227.0,142.0,369.0,2025-09-28 09:00:00+10:00,1
53,2025-09-28,10,413.0,324.0,737.0,2025-09-28 10:00:00+10:00,1
5,2025-09-28,23,89.0,83.0,172.0,2025-09-28 23:00:00+10:00,1
3,2025-09-28,10,377.0,401.0,778.0,2025-09-28 10:00:00+10:00,1
53,2025-09-28,23,17.0,18.0,35.0,2025-09-28 23:00:00+10:00,1
53,2025-09-28,1,27.0,52.0,79.0,2025-09-28 01:00:00+10:00,1
9,2025-09-28,15,79.0,65.0,144.0,2025-09-28 15:00:00+10:00,1
51,2025-09-28,5,7.0,3.0,10.0,2025-09-28 05:00:00+10:00,1
3,2025-09-28,19,918.0,1082.0,2000.0,2025-09-28 19:00:00+10:00,1
5,2025-09-28,4,30.0,19.0,49.0,2025-09-28 04:00:00+10:00,1
9,2025-09-28,23,19.0,17.0,36.0,2025-09-28 23:00:00+10:00,1
51,2025-09-28,1,14.0,10.0,24.0,2025-09-28 01:00:00+10:00,1
3,2025-09-28,11,619.0,762.0,1381.0,2025-09-28 11:00:00+10:00,1
53,2025-09-28,12,677.0,497.0,1174.0,2025-09-28 12:00:00+10:00,1
51,2025-09-28,15,127.0,141.0,268.0,2025-09-28 15:00:00+10:00,1
5,2025-09-28,16,1206.0,1569.0,2775.0,2025-09-28 16:00:00+10:00,1
51,2025-09-28,3,4.0,10.0,14.0,2025-09-28 03:00:00+10:00,1
3,2025-09-28,13,1214.0,1471.0,2685.0,2025-09-28 13:00:00+10:00,1
9,2025-09-28,2,6.0,8.0,14.0,2025-09-28 02:00:00+10:00,1
51,2025-09-28,22,32.0,30.0,62.0,2025-09-28 22:00:00+10:00,1
53,2025-09-28,19,154.0,216.0,370.0,2025-09-28 19:00:00+10:00,1
53,2025-09-28,16,460.0,379.0,839.0,2025-09-28 16:00:00+10:00,1
5,2025-09-28,2,57.0,99.0,156.0,2025-09-28 02:00:00+10:00,1
3,2025-09-28,7,51.0,57.0,108.0,2025-09-28 07:00:00+10:00,1
51,2025-09-28,14,169.0,134.0,303.0,2025-09-28 14:00:00+10:00,1
3,2025-09-28,15,1164.0,1288.0,2452.0,2025-09-28 15:00:00+10:00,1
5,2025-09-28,1,166.0,112.0,278.0,2025-09-28 01:00:00+10:00,1
53,2025-09-28,13,686.0,570.0,1256.0,2025-09-28 13:00:00+10:00,1
5,2025-09-28,14,1791.0,1497.0,3288.0,2025-09-28 14:00:00+10:00,1
3,2025-09-28,17,1096.0,1164.0,2260.0,2025-09-28 17:00:00+10:00,1
9,2025-09-28,12,53.0,66.0,119.0,2025-09-28 12:00:00+10:00,1
3,2025-09-28,22,385.0,307.0,692.0,2025-09-28 22:00:00+10:00,1
51,2025-09-28,12,140.0,165.0,305.0,2025-09-28 12:00:00+10:00,1
51,2025-09-28,9,61.0,57.0,118.0,2025-09-28 09:00:00+10:00,1
9,2025-09-28,5,6.0,3.0,9.0,2025-09-28 05:00:00+10:00,1
51,2025-09-28,23,21.0,13.0,34.0,2025-09-28 23:00:00+10:00,1
9,2025-09-28,1,3.0,6.0,9.0,2025-09-28 01:00:00+10:00,1
53,2025-09-28,0,50.0,62.0,112.0,2025-09-28 00:00:00+10:00,1
9,2025-09-28,8,35.0,32.0,67.0,2025-09-28 08:00:00+10:00,1
53,2025-09-28,22,32.0,70.0,102.0,2025-09-28 22:00:00+10:00,1
9,2025-09-28,7,27.0,32.0,59.0,2025-09-28 07:00:00+10:00,1
51,2025-09-28,6,6.0,7.0,13.0,2025-09-28 06:00:00+10:00,1
53,2025-09-28,15,615.0,531.0,1146.0,2025-09-28 15:00:00+10:00,1
53,2025-09-28,21,64.0,85.0,149.0,2025-09-28 21:00:00+10:00,1
3,2025-09-28,12,970.0,1339.0,2309.0,2025-09-28 12:00:00+10:00,1
9,2025-09-28,22,18.0,13.0,31.0,2025-09-28 22:00:00+10:00,1
5,2025-09-28,13,1884.0,1527.0,3411.0,2025-09-28 13:00:00+10:00,1
9,2025-09-28,20,23.0,39.0,62.0,2025-09-28 20:00:00+10:00,1
53,2025-09-28,14,607.0,480.0,1087.0,2025-09-28 14:00:00+10:00,1
9,2025-09-28,6,19.0,8.0,27.0,2025-09-28 06:00:00+10:00,1
3,2025-09-28,4,140.0,76.0,216.0,2025-09-28 04:00:00+10:00,1
3,2025-09-28,18,976.0,1095.0,2071.0,2025-09-28 18:00:00+10:00,1
51,2025-09-28,13,164.0,104.0,268.0,2025-09-28 13:00:00+10:00,1
3,2025-09-28,5,51.0,32.0,83.0,2025-09-28 05:00:00+10:00,1
9,2025-09-28,9,48.0,34.0,82.0,2025-09-28 09:00:00+10:00,1
3,2025-09-28,21,572.0,557.0,1129.0,2025-09-28 21:00:00+10:00,1
53,2025-09-28,17,364.0,301.0,665.0,2025-09-28 17:00:00+10:00,1
53,2025-09-28,2,14.0,37.0,51.0,2025-09-28 02:00:00+10:00,1
51,2025-09-28,0,17.0,11.0,28.0,2025-09-28 00:00:00+10:00,1
9,2025-09-28,13,46.0,72.0,118.0,2025-09-28 13:00:00+10:00,1
9,2025-09-28,17,62.0,60.0,122.0,2025-09-28 17:00:00+10:00,1
51,2025-09-28,11,116.0,123.0,239.0,2025-09-28 11:00:00+10:00,1
5,2025-09-28,15,1362.0,1250.0,2612.0,2025-09-28 15:00:00+10:00,1
5,2025-09-28,10,524.0,897.0,1421.0,2025-09-28 10:00:00+10:00,1
9,2025-09-28,19,51.0,59.0,110.0,2025-09-28 19:00:00+10:00,1
5,2025-09-28,5,14.0,27.0,41.0,2025-09-28 05:00:00+10:00,1
5,2025-09-28,0,164.0,147.0,311.0,2025-09-28 00:00:00+10:00,1
53,2025-09-28,4,7.0,15.0,22.0,2025-09-28 04:00:00+10:00,1
51,2025-09-28,18,90.0,54.0,144.0,2025-09-28 18:00:00+10:00,1
3,2025-09-28,23,174.0,173.0,347.0,2025-09-28 23:00:00+10:00,1
5,2025-09-28,22,197.0,186.0,383.0,2025-09-28 22:00:00+10:00,1
9,2025-09-28,18,49.0,69.0,118.0,2025-09-28 18:00:00+10:00,1
53,2025-09-28,6,19.0,14.0,33.0,2025-09-28 06:00:00+10:00,1
53,2025-09-28,7,37.0,22.0,59.0,2025-09-28 07:00:00+10:00,1
51,2025-09-28,8,25.0,29.0,54.0,2025-09-28 08:00:00+10:00,1
5,2025-09-28,20,362.0,493.0,855.0,2025-09-28 20:00:00+10:00,1
53,2025-09-28,20,94.0,203.0,297.0,2025-09-28 20:00:00+10:00,1
51,2025-09-28,10,77.0,107.0,184.0,2025-09-28 10:00:00+10:00,1
5,2025-09-28,19,1266.0,586.0,1852.0,2025-09-28 19:00:00+10:00,1
51,2025-09-28,21,45.0,48.0,93.0,2025-09-28 21:00:00+10:00,1
51,2025-09-28,4,14.0,3.0,17.0,2025-09-28 04:00:00+10:00,1
5,2025-09-28,12,1420.0,1359.0,2779.0,2025-09-28 12:00:00+10:00,1
5,2025-09-28,11,737.0,1048.0,1785.0,2025-09-28 11:00:00+10:00,1
53,2025-09-28,8,117.0,51.0,168.0,2025-09-28 08:00:00+10:00,1
51,2025-09-28,20,66.0,50.0,116.0,2025-09-28 20:00:00+10:00,1
9,2025-09-28,0,6.0,14.0,20.0,2025-09-28 00:00:00+10:00,1
5,2025-09-28,18,694.0,731.0,1425.0,2025-09-28 18:00:00+10:00,1
9,2025-09-28,14,70.0,91.0,161.0,2025-09-28 14:00:00+10:00,1
3,2025-09-28,0,258.0,275.0,533.0,2025-09-28 00:00:00+10:00,1
5,2025-09-28,8,148.0,153.0,301.0,2025-09-28 08:00:00+10:00,1
51,2025-09-28,17,71.0,89.0,160.0,2025-09-28 17:00:00+10:00,1
53,2025-09-28,5,9.0,6.0,15.0,2025-09-28 05:00:00+10:00,1
5,2025-09-28,17,1064.0,818.0,1882.0,2025-09-28 17:00:00+10:00,1
3,2025-09-28,9,216.0,233.0,449.0,2025-09-28 09:00:00+10:00,1
51,2025-09-28,19,78.0,69.0,147.0,2025-09-28 19:00:00+10:00,1
5,2025-09-28,3,46.0,43.0,89.0,2025-09-28 03:00:00+10:00,1
9,2025-09-28,21,20.0,39.0,59.0,2025-09-28 21:00:00+10:00,1
5,2025-09-28,6,47.0,42.0,89.0,2025-09-28 06:00:00+10:00,1
3,2025-09-28,16,1102.0,1246.0,2348.0,2025-09-28 16:00:00+10:00,1
3,2025-09-28,6,29.0,45.0,74.0,2025-09-28 06:00:00+10:00,1
3,2025-09-28,20,911.0,762.0,1673.0,2025-09-28 20:00:00+10:00,1
3,2025-09-28,2,166.0,181.0,347.0,2025-09-28 02:00:00+10:00,1
9,2025-09-27,18,61.0,93.0,154.0,2025-09-27 18:00:00+10:00,1
5,2025-09-27,8,231.0,295.0,526.0,2025-09-27 08:00:00+10:00,1
3,2025-09-27,18,1207.0,1271.0,2478.0,2025-09-27 18:00:00+10:00,1
5,2025-09-27,14,1084.0,2023.0,3107.0,2025-09-27 14:00:00+10:00,1
3,2025-09-27,10,387.0,504.0,891.0,2025-09-27 10:00:00+10:00,1
53,2025-09-27,4,10.0,6.0,16.0,2025-09-27 04:00:00+10:00,1
3,2025-09-27,1,177.0,165.0,342.0,2025-09-27 01:00:00+10:00,1
53,2025-09-27,3,13.0,9.0,22.0,2025-09-27 03:00:00+10:00,1
9,2025-09-27,21,31.0,25.0,56.0,2025-09-27 21:00:00+10:00,1
5,2025-09-27,17,2116.0,1910.0,4026.0,2025-09-27 17:00:00+10:00,1
51,2025-09-27,8,30.0,44.0,74.0,2025-09-27 08:00:00+10:00,1
51,2025-09-27,22,40.0,44.0,84.0,2025-09-27 22:00:00+10:00,1
51,2025-09-27,14,151.0,116.0,267.0,2025-09-27 14:00:00+10:00,1
5,2025-09-27,0,218.0,231.0,449.0,2025-09-27 00:00:00+10:00,1
51,2025-09-27,19,97.0,81.0,178.0,2025-09-27 19:00:00+10:00,1
51,2025-09-27,0,16.0,25.0,41.0,2025-09-27 00:00:00+10:00,1
9,2025-09-27,10,69.0,71.0,140.0,2025-09-27 10:00:00+10:00,1
5,2025-09-27,6,47.0,65.0,112.0,2025-09-27 06:00:00+10:00,1
51,2025-09-27,6,7.0,3.0,10.0,2025-09-27 06:00:00+10:00,1
53,2025-09-27,1,23.0,27.0,50.0,2025-09-27 01:00:00+10:00,1
3,2025-09-27,8,90.0,128.0,218.0,2025-09-27 08:00:00+10:00,1
53,2025-09-27,11,856.0,416.0,1272.0,2025-09-27 11:00:00+10:00,1
5,2025-09-27,7,118.0,137.0,255.0,2025-09-27 07:00:00+10:00,1
51,2025-09-27,16,79.0,102.0,181.0,2025-09-27 16:00:00+10:00,1
5,2025-09-27,18,863.0,3181.0,4044.0,2025-09-27 18:00:00+10:00,1
9,2025-09-27,3,1.0,5.0,6.0,2025-09-27 03:00:00+10:00,1
9,2025-09-27,12,63.0,76.0,139.0,2025-09-27 12:00:00+10:00,1
3,2025-09-27,23,493.0,477.0,970.0,2025-09-27 23:00:00+10:00,1
53,2025-09-27,17,422.0,426.0,848.0,2025-09-27 17:00:00+10:00,1
9,2025-09-27,9,54.0,39.0,93.0,2025-09-27 09:00:00+10:00,1
9,2025-09-27,2,7.0,8.0,15.0,2025-09-27 02:00:00+10:00,1
3,2025-09-27,21,959.0,890.0,1849.0,2025-09-27 21:00:00+10:00,1
53,2025-09-27,14,577.0,405.0,982.0,2025-09-27 14:00:00+10:00,1
5,2025-09-27,21,1687.0,898.0,2585.0,2025-09-27 21:00:00+10:00,1
3,2025-09-27,12,771.0,1085.0,1856.0,2025-09-27 12:00:00+10:00,1
5,2025-09-27,15,1079.0,1180.0,2259.0,2025-09-27 15:00:00+10:00,1
3,2025-09-27,2,129.0,67.0,196.0,2025-09-27 02:00:00+10:00,1
5,2025-09-27,3,37.0,46.0,83.0,2025-09-27 03:00:00+10:00,1
9,2025-09-27,11,58.0,69.0,127.0,2025-09-27 11:00:00+10:00,1
53,2025-09-27,9,408.0,275.0,683.0,2025-09-27 09:00:00+10:00,1
53,2025-09-27,16,464.0,431.0,895.0,2025-09-27 16:00:00+10:00,1
53,2025-09-27,2,23.0,9.0,32.0,2025-09-27 02:00:00+10:00,1
3,2025-09-27,4,70.0,48.0,118.0,2025-09-27 04:00:00+10:00,1
5,2025-09-27,10,1257.0,981.0,2238.0,2025-09-27 10:00:00+10:00,1
5,2025-09-27,22,539.0,744.0,1283.0,2025-09-27 22:00:00+10:00,1
53,2025-09-27,22,77.0,161.0,238.0,2025-09-27 22:00:00+10:00,1
3,2025-09-27,9,201.0,272.0,473.0,2025-09-27 09:00:00+10:00,1
9,2025-09-27,6,6.0,11.0,17.0,2025-09-27 06:00:00+10:00,1
3,2025-09-27,16,1134.0,1318.0,2452.0,2025-09-27 16:00:00+10:00,1
5,2025-09-27,19,856.0,1930.0,2786.0,2025-09-27 19:00:00+10:00,1
51,2025-09-27,15,153.0,133.0,286.0,2025-09-27 15:00:00+10:00,1
3,2025-09-27,14,1011.0,1245.0,2256.0,2025-09-27 14:00:00+10:00,1
3,2025-09-27,7,48.0,54.0,102.0,2025-09-27 07:00:00+10:00,1
5,2025-09-27,13,1229.0,1393.0,2622.0,2025-09-27 13:00:00+10:00,1
3,2025-09-27,13,1072.0,1239.0,2311.0,2025-09-27 13:00:00+10:00,1
5,2025-09-27,4,34.0,24.0,58.0,2025-09-27 04:00:00+10:00,1
51,2025-09-27,7,12.0,11.0,23.0,2025-09-27 07:00:00+10:00,1
5,2025-09-27,9,659.0,541.0,1200.0,2025-09-27 09:00:00+10:00,1
53,2025-09-27,8,165.0,124.0,289.0,2025-09-27 08:00:00+10:00,1
51,2025-09-27,21,54.0,37.0,91.0,2025-09-27 21:00:00+10:00,1
53,2025-09-27,13,655.0,430.0,1085.0,2025-09-27 13:00:00+10:00,1
53,2025-09-27,15,514.0,445.0,959.0,2025-09-27 15:00:00+10:00,1
51,2025-09-27,2,8.0,2.0,10.0,2025-09-27 02:00:00+10:00,1
3,2025-09-27,22,705.0,725.0,1430.0,2025-09-27 22:00:00+10:00,1
51,2025-09-27,20,65.0,77.0,142.0,2025-09-27 20:00:00+10:00,1
53,2025-09-27,7,53.0,45.0,98.0,2025-09-27 07:00:00+10:00,1
3,2025-09-27,6,22.0,52.0,74.0,2025-09-27 06:00:00+10:00,1
3,2025-09-27,20,1179.0,1040.0,2219.0,2025-09-27 20:00:00+10:00,1
5,2025-09-27,11,1943.0,1213.0,3156.0,2025-09-27 11:00:00+10:00,1
9,2025-09-27,15,58.0,49.0,107.0,2025-09-27 15:00:00+10:00,1
3,2025-09-27,3,123.0,55.0,178.0,2025-09-27 03:00:00+10:00,1
51,2025-09-27,3,6.0,2.0,8.0,2025-09-27 03:00:00+10:00,1
5,2025-09-27,1,91.0,105.0,196.0,2025-09-27 01:00:00+10:00,1
51,2025-09-27,12,189.0,165.0,354.0,2025-09-27 12:00:00+10:00,1
3,2025-09-27,17,1152.0,1361.0,2513.0,2025-09-27 17:00:00+10:00,1
9,2025-09-27,7,22.0,19.0,41.0,2025-09-27 07:00:00+10:00,1
9,2025-09-27,22,27.0,38.0,65.0,2025-09-27 22:00:00+10:00,1
51,2025-09-27,23,38.0,37.0,75.0,2025-09-27 23:00:00+10:00,1
53,2025-09-27,23,76.0,89.0,165.0,2025-09-27 23:00:00+10:00,1
53,2025-09-27,18,336.0,401.0,737.0,2025-09-27 18:00:00+10:00,1
51,2025-09-27,4,5.0,2.0,7.0,2025-09-27 04:00:00+10:00,1
5,2025-09-27,23,365.0,385.0,750.0,2025-09-27 23:00:00+10:00,1
51,2025-09-27,10,99.0,92.0,191.0,2025-09-27 10:00:00+10:00,1
3,2025-09-27,11,564.0,834.0,1398.0,2025-09-27 11:00:00+10:00,1
51,2025-09-27,1,11.0,21.0,32.0,2025-09-27 01:00:00+10:00,1
5,2025-09-27,20,946.0,1107.0,2053.0,2025-09-27 20:00:00+10:00,1
9,2025-09-27,4,5.0,3.0,8.0,2025-09-27 04:00:00+10:00,1
9,2025-09-27,13,81.0,80.0,161.0,2025-09-27 13:00:00+10:00,1
3,2025-09-27,19,1312.0,1425.0,2737.0,2025-09-27 19:00:00+10:00,1
53,2025-09-27,0,64.0,94.0,158.0,2025-09-27 00:00:00+10:00,1
9,2025-09-27,14,38.0,55.0,93.0,2025-09-27 14:00:00+10:00,1
9,2025-09-27,23,15.0,10.0,25.0,2025-09-27 23:00:00+10:00,1
9,2025-09-27,1,1.0,12.0,13.0,2025-09-27 01:00:00+10:00,1
53,2025-09-27,21,93.0,298.0,391.0,2025-09-27 21:00:00+10:00,1
9,2025-09-27,0,12.0,21.0,33.0,2025-09-27 00:00:00+10:00,1
5,2025-09-27,12,1530.0,1129.0,2659.0,2025-09-27 12:00:00+10:00,1
9,2025-09-27,20,26.0,63.0,89.0,2025-09-27 20:00:00+10:00,1
3,2025-09-27,5,29.0,42.0,71.0,2025-09-27 05:00:00+10:00,1
51,2025-09-27,13,152.0,134.0,286.0,2025-09-27 13:00:00+10:00,1
51,2025-09-27,17,78.0,85.0,163.0,2025-09-27 17:00:00+10:00,1
51,2025-09-27,5,12.0,17.0,29.0,2025-09-27 05:00:00+10:00,1
53,2025-09-27,12,699.0,461.0,1160.0,2025-09-27 12:00:00+10:00,1
9,2025-09-27,17,73.0,77.0,150.0,2025-09-27 17:00:00+10:00,1
9,2025-09-27,16,71.0,64.0,135.0,2025-09-27 16:00:00+10:00,1
5,2025-09-27,5,34.0,33.0,67.0,2025-09-27 05:00:00+10:00,1
53,2025-09-27,20,261.0,236.0,497.0,2025-09-27 20:00:00+10:00,1
9,2025-09-27,8,21.0,28.0,49.0,2025-09-27 08:00:00+10:00,1
51,2025-09-27,18,97.0,86.0,183.0,2025-09-27 18:00:00+10:00,1
51,2025-09-27,9,71.0,82.0,153.0,2025-09-27 09:00:00+10:00,1
53,2025-09-27,5,4.0,6.0,10.0,2025-09-27 05:00:00+10:00,1
3,2025-09-27,15,1022.0,1219.0,2241.0,2025-09-27 15:00:00+10:00,1
3,2025-09-27,0,264.0,381.0,645.0,2025-09-27 00:00:00+10:00,1
53,2025-09-27,19,296.0,261.0,557.0,2025-09-27 19:00:00+10:00,1
53,2025-09-27,6,21.0,25.0,46.0,2025-09-27 06:00:00+10:00,1
51,2025-09-27,11,127.0,114.0,241.0,2025-09-27 11:00:00+10:00,1
53,2025-09-27,10,658.0,443.0,1101.0,2025-09-27 10:00:00+10:00,1
5,2025-09-27,16,1168.0,1054.0,2222.0,2025-09-27 16:00:00+10:00,1
9,2025-09-27,5,5.0,6.0,11.0,2025-09-27 05:00:00+10:00,1
5,2025-09-27,2,58.0,73.0,131.0,2025-09-27 02:00:00+10:00,1
9,2025-09-27,19,52.0,66.0,118.0,2025-09-27 19:00:00+10:00,1
51,2025-09-26,13,115.0,104.0,219.0,2025-09-26 13:00:00+10:00,1
5,2025-09-26,4,31.0,40.0,71.0,2025-09-26 04:00:00+10:00,1
9,2025-09-26,13,63.0,82.0,145.0,2025-09-26 13:00:00+10:00,1
51,2025-09-26,0,34.0,26.0,60.0,2025-09-26 00:00:00+10:00,1
5,2025-09-26,2,37.0,81.0,118.0,2025-09-26 02:00:00+10:00,1
3,2025-09-26,12,925.0,1138.0,2063.0,2025-09-26 12:00:00+10:00,1
3,2025-09-26,20,1118.0,1042.0,2160.0,2025-09-26 20:00:00+10:00,1
3,2025-09-26,15,1386.0,1680.0,3066.0,2025-09-26 15:00:00+10:00,1
3,2025-09-26,2,134.0,120.0,254.0,2025-09-26 02:00:00+10:00,1
3,2025-09-26,9,187.0,271.0,458.0,2025-09-26 09:00:00+10:00,1
51,2025-09-26,2,5.0,7.0,12.0,2025-09-26 02:00:00+10:00,1
51,2025-09-26,9,61.0,57.0,118.0,2025-09-26 09:00:00+10:00,1
51,2025-09-26,10,93.0,96.0,189.0,2025-09-26 10:00:00+10:00,1
5,2025-09-26,21,1717.0,728.0,2445.0,2025-09-26 21:00:00+10:00,1
3,2025-09-26,16,1168.0,1478.0,2646.0,2025-09-26 16:00:00+10:00,1
5,2025-09-26,7,114.0,88.0,202.0,2025-09-26 07:00:00+10:00,1
51,2025-09-26,4,3.0,8.0,11.0,2025-09-26 04:00:00+10:00,1
9,2025-09-26,2,11.0,12.0,23.0,2025-09-26 02:00:00+10:00,1
9,2025-09-26,19,53.0,69.0,122.0,2025-09-26 19:00:00+10:00,1
3,2025-09-26,1,165.0,182.0,347.0,2025-09-26 01:00:00+10:00,1
53,2025-09-26,14,690.0,595.0,1285.0,2025-09-26 14:00:00+10:00,1
3,2025-09-26,14,1204.0,1529.0,2733.0,2025-09-26 14:00:00+10:00,1
53,2025-09-26,8,121.0,46.0,167.0,2025-09-26 08:00:00+10:00,1
3,2025-09-26,7,32.0,58.0,90.0,2025-09-26 07:00:00+10:00,1
5,2025-09-26,8,281.0,166.0,447.0,2025-09-26 08:00:00+10:00,1
51,2025-09-26,14,141.0,120.0,261.0,2025-09-26 14:00:00+10:00,1
51,2025-09-26,11,105.0,116.0,221.0,2025-09-26 11:00:00+10:00,1
53,2025-09-26,10,437.0,271.0,708.0,2025-09-26 10:00:00+10:00,1
5,2025-09-26,19,892.0,1229.0,2121.0,2025-09-26 19:00:00+10:00,1
53,2025-09-26,18,361.0,238.0,599.0,2025-09-26 18:00:00+10:00,1
5,2025-09-26,18,916.0,1700.0,2616.0,2025-09-26 18:00:00+10:00,1
5,2025-09-26,10,664.0,763.0,1427.0,2025-09-26 10:00:00+10:00,1
3,2025-09-26,6,17.0,40.0,57.0,2025-09-26 06:00:00+10:00,1
53,2025-09-26,4,9.0,6.0,15.0,2025-09-26 04:00:00+10:00,1
9,2025-09-26,9,42.0,60.0,102.0,2025-09-26 09:00:00+10:00,1
53,2025-09-26,12,691.0,516.0,1207.0,2025-09-26 12:00:00+10:00,1
51,2025-09-26,15,117.0,91.0,208.0,2025-09-26 15:00:00+10:00,1
53,2025-09-26,15,626.0,527.0,1153.0,2025-09-26 15:00:00+10:00,1
53,2025-09-26,22,109.0,230.0,339.0,2025-09-26 22:00:00+10:00,1
3,2025-09-26,21,928.0,877.0,1805.0,2025-09-26 21:00:00+10:00,1
51,2025-09-26,23,24.0,24.0,48.0,2025-09-26 23:00:00+10:00,1
3,2025-09-26,10,400.0,450.0,850.0,2025-09-26 10:00:00+10:00,1
53,2025-09-26,7,53.0,23.0,76.0,2025-09-26 07:00:00+10:00,1
5,2025-09-26,5,34.0,29.0,63.0,2025-09-26 05:00:00+10:00,1
51,2025-09-26,5,12.0,22.0,34.0,2025-09-26 05:00:00+10:00,1
5,2025-09-26,14,1090.0,1578.0,2668.0,2025-09-26 14:00:00+10:00,1
9,2025-09-26,18,72.0,57.0,129.0,2025-09-26 18:00:00+10:00,1
53,2025-09-26,2,16.0,29.0,45.0,2025-09-26 02:00:00+10:00,1
9,2025-09-26,16,87.0,93.0,180.0,2025-09-26 16:00:00+10:00,1
9,2025-09-26,10,82.0,64.0,146.0,2025-09-26 10:00:00+10:00,1
3,2025-09-26,17,1178.0,1511.0,2689.0,2025-09-26 17:00:00+10:00,1
9,2025-09-26,20,49.0,56.0,105.0,2025-09-26 20:00:00+10:00,1
53,2025-09-26,6,11.0,12.0,23.0,2025-09-26 06:00:00+10:00,1
53,2025-09-26,20,218.0,211.0,429.0,2025-09-26 20:00:00+10:00,1
53,2025-09-26,1,25.0,47.0,72.0,2025-09-26 01:00:00+10:00,1
5,2025-09-26,20,1073.0,716.0,1789.0,2025-09-26 20:00:00+10:00,1
51,2025-09-26,21,54.0,61.0,115.0,2025-09-26 21:00:00+10:00,1
3,2025-09-26,0,296.0,281.0,577.0,2025-09-26 00:00:00+10:00,1
3,2025-09-26,4,50.0,31.0,81.0,2025-09-26 04:00:00+10:00,1
3,2025-09-26,5,37.0,26.0,63.0,2025-09-26 05:00:00+10:00,1
51,2025-09-26,20,63.0,79.0,142.0,2025-09-26 20:00:00+10:00,1
51,2025-09-26,19,95.0,73.0,168.0,2025-09-26 19:00:00+10:00,1
9,2025-09-26,0,22.0,11.0,33.0,2025-09-26 00:00:00+10:00,1
9,2025-09-26,7,29.0,35.0,64.0,2025-09-26 07:00:00+10:00,1
5,2025-09-26,3,40.0,50.0,90.0,2025-09-26 03:00:00+10:00,1
3,2025-09-26,19,1130.0,1267.0,2397.0,2025-09-26 19:00:00+10:00,1
53,2025-09-26,11,570.0,478.0,1048.0,2025-09-26 11:00:00+10:00,1
53,2025-09-26,17,513.0,423.0,936.0,2025-09-26 17:00:00+10:00,1
5,2025-09-26,9,574.0,543.0,1117.0,2025-09-26 09:00:00+10:00,1
5,2025-09-26,16,1475.0,1205.0,2680.0,2025-09-26 16:00:00+10:00,1
53,2025-09-26,3,3.0,18.0,21.0,2025-09-26 03:00:00+10:00,1
9,2025-09-26,23,15.0,27.0,42.0,2025-09-26 23:00:00+10:00,1
3,2025-09-26,11,582.0,768.0,1350.0,2025-09-26 11:00:00+10:00,1
9,2025-09-26,22,34.0,42.0,76.0,2025-09-26 22:00:00+10:00,1
51,2025-09-26,18,108.0,93.0,201.0,2025-09-26 18:00:00+10:00,1
9,2025-09-26,21,49.0,53.0,102.0,2025-09-26 21:00:00+10:00,1
9,2025-09-26,14,69.0,132.0,201.0,2025-09-26 14:00:00+10:00,1
5,2025-09-26,23,324.0,426.0,750.0,2025-09-26 23:00:00+10:00,1
3,2025-09-26,13,1088.0,1361.0,2449.0,2025-09-26 13:00:00+10:00,1
51,2025-09-26,6,7.0,11.0,18.0,2025-09-26 06:00:00+10:00,1
51,2025-09-26,16,97.0,93.0,190.0,2025-09-26 16:00:00+10:00,1
9,2025-09-26,12,56.0,58.0,114.0,2025-09-26 12:00:00+10:00,1
3,2025-09-26,8,75.0,110.0,185.0,2025-09-26 08:00:00+10:00,1
9,2025-09-26,4,6.0,3.0,9.0,2025-09-26 04:00:00+10:00,1
5,2025-09-26,11,808.0,1495.0,2303.0,2025-09-26 11:00:00+10:00,1
5,2025-09-26,13,979.0,1537.0,2516.0,2025-09-26 13:00:00+10:00,1
51,2025-09-26,7,30.0,30.0,60.0,2025-09-26 07:00:00+10:00,1
5,2025-09-26,17,1041.0,1358.0,2399.0,2025-09-26 17:00:00+10:00,1
5,2025-09-26,22,765.0,951.0,1716.0,2025-09-26 22:00:00+10:00,1
3,2025-09-26,23,453.0,383.0,836.0,2025-09-26 23:00:00+10:00,1
9,2025-09-26,5,10.0,2.0,12.0,2025-09-26 05:00:00+10:00,1
51,2025-09-26,3,12.0,6.0,18.0,2025-09-26 03:00:00+10:00,1
53,2025-09-26,13,698.0,566.0,1264.0,2025-09-26 13:00:00+10:00,1
53,2025-09-26,5,4.0,7.0,11.0,2025-09-26 05:00:00+10:00,1
9,2025-09-26,17,92.0,97.0,189.0,2025-09-26 17:00:00+10:00,1
5,2025-09-26,1,60.0,129.0,189.0,2025-09-26 01:00:00+10:00,1
51,2025-09-26,22,37.0,37.0,74.0,2025-09-26 22:00:00+10:00,1
51,2025-09-26,1,7.0,17.0,24.0,2025-09-26 01:00:00+10:00,1
51,2025-09-26,17,115.0,87.0,202.0,2025-09-26 17:00:00+10:00,1
53,2025-09-26,19,281.0,238.0,519.0,2025-09-26 19:00:00+10:00,1
53,2025-09-26,23,83.0,138.0,221.0,2025-09-26 23:00:00+10:00,1
9,2025-09-26,8,28.0,51.0,79.0,2025-09-26 08:00:00+10:00,1
53,2025-09-26,9,286.0,159.0,445.0,2025-09-26 09:00:00+10:00,1
9,2025-09-26,3,2.0,10.0,12.0,2025-09-26 03:00:00+10:00,1
5,2025-09-26,0,138.0,179.0,317.0,2025-09-26 00:00:00+10:00,1
51,2025-09-26,8,35.0,41.0,76.0,2025-09-26 08:00:00+10:00,1
5,2025-09-26,15,2083.0,1379.0,3462.0,2025-09-26 15:00:00+10:00,1
5,2025-09-26,6,68.0,73.0,141.0,2025-09-26 06:00:00+10:00,1
53,2025-09-26,21,149.0,253.0,402.0,2025-09-26 21:00:00+10:00,1
53,2025-09-26,0,61.0,70.0,131.0,2025-09-26 00:00:00+10:00,1
3,2025-09-26,3,85.0,78.0,163.0,2025-09-26 03:00:00+10:00,1
9,2025-09-26,15,87.0,84.0,171.0,2025-09-26 15:00:00+10:00,1
9,2025-09-26,1,3.0,11.0,14.0,2025-09-26 01:00:00+10:00,1
53,2025-09-26,16,608.0,435.0,1043.0,2025-09-26 16:00:00+10:00,1
3,2025-09-26,22,700.0,643.0,1343.0,2025-09-26 22:00:00+10:00,1
51,2025-09-26,12,123.0,108.0,231.0,2025-09-26 12:00:00+10:00,1
9,2025-09-26,11,59.0,80.0,139.0,2025-09-26 11:00:00+10:00,1
3,2025-09-26,18,1016.0,1325.0,2341.0,2025-09-26 18:00:00+10:00,1
9,2025-09-26,6,13.0,8.0,21.0,2025-09-26 06:00:00+10:00,1
5,2025-09-26,12,917.0,2023.0,2940.0,2025-09-26 12:00:00+10:00,1
9,2025-09-25,10,167.0,328.0,495.0,2025-09-25 10:00:00+10:00,1
9,2025-09-25,15,771.0,181.0,952.0,2025-09-25 15:00:00+10:00,1
53,2025-09-25,20,212.0,264.0,476.0,2025-09-25 20:00:00+10:00,1
51,2025-09-25,23,45.0,36.0,81.0,2025-09-25 23:00:00+10:00,1
51,2025-09-25,21,47.0,61.0,108.0,2025-09-25 21:00:00+10:00,1
51,2025-09-25,14,104.0,140.0,244.0,2025-09-25 14:00:00+10:00,1
5,2025-09-25,20,756.0,678.0,1434.0,2025-09-25 20:00:00+10:00,1
3,2025-09-25,8,219.0,334.0,553.0,2025-09-25 08:00:00+10:00,1
51,2025-09-25,5,11.0,9.0,20.0,2025-09-25 05:00:00+10:00,1
3,2025-09-25,20,1198.0,1276.0,2474.0,2025-09-25 20:00:00+10:00,1
3,2025-09-25,12,1078.0,1385.0,2463.0,2025-09-25 12:00:00+10:00,1
9,2025-09-25,2,2.0,1.0,3.0,2025-09-25 02:00:00+10:00,1
9,2025-09-25,4,3.0,1.0,4.0,2025-09-25 04:00:00+10:00,1
53,2025-09-25,15,767.0,692.0,1459.0,2025-09-25 15:00:00+10:00,1
53,2025-09-25,6,39.0,34.0,73.0,2025-09-25 06:00:00+10:00,1
53,2025-09-25,18,645.0,398.0,1043.0,2025-09-25 18:00:00+10:00,1
51,2025-09-25,6,42.0,20.0,62.0,2025-09-25 06:00:00+10:00,1
53,2025-09-25,9,462.0,358.0,820.0,2025-09-25 09:00:00+10:00,1
9,2025-09-25,6,18.0,241.0,259.0,2025-09-25 06:00:00+10:00,1
9,2025-09-25,12,707.0,547.0,1254.0,2025-09-25 12:00:00+10:00,1
5,2025-09-25,2,12.0,21.0,33.0,2025-09-25 02:00:00+10:00,1
9,2025-09-25,5,20.0,35.0,55.0,2025-09-25 05:00:00+10:00,1
53,2025-09-25,1,4.0,6.0,10.0,2025-09-25 01:00:00+10:00,1
53,2025-09-25,16,662.0,596.0,1258.0,2025-09-25 16:00:00+10:00,1
5,2025-09-25,23,277.0,357.0,634.0,2025-09-25 23:00:00+10:00,1
53,2025-09-25,22,103.0,184.0,287.0,2025-09-25 22:00:00+10:00,1
3,2025-09-25,0,116.0,97.0,213.0,2025-09-25 00:00:00+10:00,1
51,2025-09-25,22,59.0,38.0,97.0,2025-09-25 22:00:00+10:00,1
53,2025-09-25,5,13.0,14.0,27.0,2025-09-25 05:00:00+10:00,1
9,2025-09-25,11,293.0,325.0,618.0,2025-09-25 11:00:00+10:00,1
53,2025-09-25,7,148.0,101.0,249.0,2025-09-25 07:00:00+10:00,1
53,2025-09-25,12,1285.0,922.0,2207.0,2025-09-25 12:00:00+10:00,1
3,2025-09-25,7,64.0,132.0,196.0,2025-09-25 07:00:00+10:00,1
3,2025-09-25,21,1114.0,889.0,2003.0,2025-09-25 21:00:00+10:00,1
5,2025-09-25,6,73.0,263.0,336.0,2025-09-25 06:00:00+10:00,1
51,2025-09-25,8,61.0,65.0,126.0,2025-09-25 08:00:00+10:00,1
51,2025-09-25,13,164.0,190.0,354.0,2025-09-25 13:00:00+10:00,1
3,2025-09-25,4,15.0,21.0,36.0,2025-09-25 04:00:00+10:00,1
5,2025-09-25,19,815.0,1252.0,2067.0,2025-09-25 19:00:00+10:00,1
9,2025-09-25,17,1717.0,191.0,1908.0,2025-09-25 17:00:00+10:00,1
51,2025-09-25,7,47.0,38.0,85.0,2025-09-25 07:00:00+10:00,1
9,2025-09-25,14,497.0,237.0,734.0,2025-09-25 14:00:00+10:00,1
3,2025-09-25,1,74.0,31.0,105.0,2025-09-25 01:00:00+10:00,1
51,2025-09-25,20,58.0,75.0,133.0,2025-09-25 20:00:00+10:00,1
51,2025-09-25,1,6.0,7.0,13.0,2025-09-25 01:00:00+10:00,1
9,2025-09-25,16,1626.0,172.0,1798.0,2025-09-25 16:00:00+10:00,1
9,2025-09-25,23,33.0,19.0,52.0,2025-09-25 23:00:00+10:00,1
3,2025-09-25,11,798.0,869.0,1667.0,2025-09-25 11:00:00+10:00,1
51,2025-09-25,15,97.0,95.0,192.0,2025-09-25 15:00:00+10:00,1
3,2025-09-25,16,1284.0,1446.0,2730.0,2025-09-25 16:00:00+10:00,1
53,2025-09-25,11,721.0,597.0,1318.0,2025-09-25 11:00:00+10:00,1
9,2025-09-25,1,4.0,10.0,14.0,2025-09-25 01:00:00+10:00,1
9,2025-09-25,8,136.0,2497.0,2633.0,2025-09-25 08:00:00+10:00,1
9,2025-09-25,19,242.0,81.0,323.0,2025-09-25 19:00:00+10:00,1
5,2025-09-25,22,432.0,693.0,1125.0,2025-09-25 22:00:00+10:00,1
51,2025-09-25,10,89.0,141.0,230.0,2025-09-25 10:00:00+10:00,1
5,2025-09-25,8,329.0,765.0,1094.0,2025-09-25 08:00:00+10:00,1
5,2025-09-25,9,379.0,726.0,1105.0,2025-09-25 09:00:00+10:00,1
9,2025-09-25,13,379.0,368.0,747.0,2025-09-25 13:00:00+10:00,1
5,2025-09-25,1,17.0,43.0,60.0,2025-09-25 01:00:00+10:00,1
53,2025-09-25,2,5.0,5.0,10.0,2025-09-25 02:00:00+10:00,1
51,2025-09-25,11,118.0,132.0,250.0,2025-09-25 11:00:00+10:00,1
9,2025-09-25,0,7.0,13.0,20.0,2025-09-25 00:00:00+10:00,1
51,2025-09-25,16,90.0,97.0,187.0,2025-09-25 16:00:00+10:00,1
51,2025-09-25,2,4.0,2.0,6.0,2025-09-25 02:00:00+10:00,1
53,2025-09-25,10,542.0,437.0,979.0,2025-09-25 10:00:00+10:00,1
9,2025-09-25,21,88.0,53.0,141.0,2025-09-25 21:00:00+10:00,1
9,2025-09-25,7,74.0,920.0,994.0,2025-09-25 07:00:00+10:00,1
3,2025-09-25,10,472.0,529.0,1001.0,2025-09-25 10:00:00+10:00,1
9,2025-09-25,3,2.0,1.0,3.0,2025-09-25 03:00:00+10:00,1
5,2025-09-25,17,1368.0,1424.0,2792.0,2025-09-25 17:00:00+10:00,1
5,2025-09-25,18,1014.0,1497.0,2511.0,2025-09-25 18:00:00+10:00,1
3,2025-09-25,13,1372.0,1526.0,2898.0,2025-09-25 13:00:00+10:00,1
51,2025-09-25,12,155.0,119.0,274.0,2025-09-25 12:00:00+10:00,1
53,2025-09-25,19,341.0,284.0,625.0,2025-09-25 19:00:00+10:00,1
3,2025-09-25,14,1226.0,1292.0,2518.0,2025-09-25 14:00:00+10:00,1
3,2025-09-25,22,839.0,732.0,1571.0,2025-09-25 22:00:00+10:00,1
9,2025-09-25,22,53.0,38.0,91.0,2025-09-25 22:00:00+10:00,1
53,2025-09-25,14,762.0,724.0,1486.0,2025-09-25 14:00:00+10:00,1
3,2025-09-25,6,21.0,79.0,100.0,2025-09-25 06:00:00+10:00,1
9,2025-09-25,9,148.0,1252.0,1400.0,2025-09-25 09:00:00+10:00,1
5,2025-09-25,15,1106.0,964.0,2070.0,2025-09-25 15:00:00+10:00,1
3,2025-09-25,2,37.0,46.0,83.0,2025-09-25 02:00:00+10:00,1
51,2025-09-25,0,12.0,16.0,28.0,2025-09-25 00:00:00+10:00,1
53,2025-09-25,13,1078.0,774.0,1852.0,2025-09-25 13:00:00+10:00,1
5,2025-09-25,12,994.0,1027.0,2021.0,2025-09-25 12:00:00+10:00,1
5,2025-09-25,5,46.0,60.0,106.0,2025-09-25 05:00:00+10:00,1
5,2025-09-25,10,430.0,935.0,1365.0,2025-09-25 10:00:00+10:00,1
5,2025-09-25,11,659.0,1056.0,1715.0,2025-09-25 11:00:00+10:00,1
53,2025-09-25,4,3.0,0.0,3.0,2025-09-25 04:00:00+10:00,1
3,2025-09-25,3,27.0,18.0,45.0,2025-09-25 03:00:00+10:00,1
51,2025-09-25,19,75.0,94.0,169.0,2025-09-25 19:00:00+10:00,1
3,2025-09-25,15,1225.0,1435.0,2660.0,2025-09-25 15:00:00+10:00,1
51,2025-09-25,18,91.0,74.0,165.0,2025-09-25 18:00:00+10:00,1
5,2025-09-25,14,1050.0,1008.0,2058.0,2025-09-25 14:00:00+10:00,1
51,2025-09-25,4,0.0,1.0,1.0,2025-09-25 04:00:00+10:00,1
3,2025-09-25,9,294.0,354.0,648.0,2025-09-25 09:00:00+10:00,1
3,2025-09-25,18,1324.0,1642.0,2966.0,2025-09-25 18:00:00+10:00,1
5,2025-09-25,3,19.0,13.0,32.0,2025-09-25 03:00:00+10:00,1
53,2025-09-25,21,182.0,280.0,462.0,2025-09-25 21:00:00+10:00,1
3,2025-09-25,19,1267.0,1376.0,2643.0,2025-09-25 19:00:00+10:00,1
51,2025-09-25,9,113.0,103.0,216.0,2025-09-25 09:00:00+10:00,1
3,2025-09-25,5,10.0,23.0,33.0,2025-09-25 05:00:00+10:00,1
5,2025-09-25,0,48.0,50.0,98.0,2025-09-25 00:00:00+10:00,1
5,2025-09-25,7,185.0,357.0,542.0,2025-09-25 07:00:00+10:00,1
3,2025-09-25,23,431.0,591.0,1022.0,2025-09-25 23:00:00+10:00,1
5,2025-09-25,21,1548.0,674.0,2222.0,2025-09-25 21:00:00+10:00,1
9,2025-09-25,18,618.0,136.0,754.0,2025-09-25 18:00:00+10:00,1
53,2025-09-25,0,8.0,15.0,23.0,2025-09-25 00:00:00+10:00,1
53,2025-09-25,17,803.0,631.0,1434.0,2025-09-25 17:00:00+10:00,1
53,2025-09-25,23,63.0,113.0,176.0,2025-09-25 23:00:00+10:00,1
5,2025-09-25,16,1162.0,951.0,2113.0,2025-09-25 16:00:00+10:00,1
51,2025-09-25,3,1.0,2.0,3.0,2025-09-25 03:00:00+10:00,1
3,2025-09-25,17,1296.0,1533.0,2829.0,2025-09-25 17:00:00+10:00,1
9,2025-09-25,20,116.0,83.0,199.0,2025-09-25 20:00:00+10:00,1
53,2025-09-25,3,3.0,2.0,5.0,2025-09-25 03:00:00+10:00,1
5,2025-09-25,4,42.0,9.0,51.0,2025-09-25 04:00:00+10:00,1
5,2025-09-25,13,1055.0,1078.0,2133.0,2025-09-25 13:00:00+10:00,1
51,2025-09-25,17,121.0,102.0,223.0,2025-09-25 17:00:00+10:00,1
53,2025-09-25,8,403.0,287.0,690.0,2025-09-25 08:00:00+10:00,1
53,2025-09-24,0,14.0,28.0,42.0,2025-09-24 00:00:00+10:00,1
9,2025-09-24,16,1779.0,112.0,1891.0,2025-09-24 16:00:00+10:00,1
51,2025-09-24,22,35.0,34.0,69.0,2025-09-24 22:00:00+10:00,1
51,2025-09-24,17,95.0,121.0,216.0,2025-09-24 17:00:00+10:00,1
5,2025-09-24,8,414.0,815.0,1229.0,2025-09-24 08:00:00+10:00,1
9,2025-09-24,5,26.0,21.0,47.0,2025-09-24 05:00:00+10:00,1
53,2025-09-24,2,4.0,8.0,12.0,2025-09-24 02:00:00+10:00,1
9,2025-09-24,11,273.0,278.0,551.0,2025-09-24 11:00:00+10:00,1
3,2025-09-24,18,1032.0,1264.0,2296.0,2025-09-24 18:00:00+10:00,1
9,2025-09-24,4,7.0,2.0,9.0,2025-09-24 04:00:00+10:00,1
53,2025-09-24,6,30.0,33.0,63.0,2025-09-24 06:00:00+10:00,1
3,2025-09-24,2,57.0,35.0,92.0,2025-09-24 02:00:00+10:00,1
51,2025-09-24,7,51.0,23.0,74.0,2025-09-24 07:00:00+10:00,1
5,2025-09-24,11,686.0,980.0,1666.0,2025-09-24 11:00:00+10:00,1
51,2025-09-24,18,154.0,109.0,263.0,2025-09-24 18:00:00+10:00,1
3,2025-09-24,16,1061.0,1076.0,2137.0,2025-09-24 16:00:00+10:00,1
9,2025-09-24,6,30.0,270.0,300.0,2025-09-24 06:00:00+10:00,1
9,2025-09-24,15,733.0,143.0,876.0,2025-09-24 15:00:00+10:00,1
51,2025-09-24,16,77.0,134.0,211.0,2025-09-24 16:00:00+10:00,1
5,2025-09-24,10,376.0,912.0,1288.0,2025-09-24 10:00:00+10:00,1
53,2025-09-24,3,0.0,4.0,4.0,2025-09-24 03:00:00+10:00,1
51,2025-09-24,12,142.0,115.0,257.0,2025-09-24 12:00:00+10:00,1
9,2025-09-24,2,1.0,3.0,4.0,2025-09-24 02:00:00+10:00,1
53,2025-09-24,5,8.0,10.0,18.0,2025-09-24 05:00:00+10:00,1
5,2025-09-24,9,339.0,755.0,1094.0,2025-09-24 09:00:00+10:00,1
53,2025-09-24,4,2.0,3.0,5.0,2025-09-24 04:00:00+10:00,1
3,2025-09-24,3,35.0,32.0,67.0,2025-09-24 03:00:00+10:00,1
53,2025-09-24,18,411.0,300.0,711.0,2025-09-24 18:00:00+10:00,1
53,2025-09-24,13,845.0,728.0,1573.0,2025-09-24 13:00:00+10:00,1
51,2025-09-24,9,85.0,68.0,153.0,2025-09-24 09:00:00+10:00,1
9,2025-09-24,8,131.0,2600.0,2731.0,2025-09-24 08:00:00+10:00,1
9,2025-09-24,13,349.0,337.0,686.0,2025-09-24 13:00:00+10:00,1
51,2025-09-24,2,3.0,2.0,5.0,2025-09-24 02:00:00+10:00,1
9,2025-09-24,14,441.0,186.0,627.0,2025-09-24 14:00:00+10:00,1
3,2025-09-24,8,218.0,288.0,506.0,2025-09-24 08:00:00+10:00,1
9,2025-09-24,0,12.0,7.0,19.0,2025-09-24 00:00:00+10:00,1
5,2025-09-24,23,112.0,125.0,237.0,2025-09-24 23:00:00+10:00,1
51,2025-09-24,14,100.0,124.0,224.0,2025-09-24 14:00:00+10:00,1
5,2025-09-24,13,849.0,1032.0,1881.0,2025-09-24 13:00:00+10:00,1
53,2025-09-24,22,63.0,81.0,144.0,2025-09-24 22:00:00+10:00,1
9,2025-09-24,12,501.0,489.0,990.0,2025-09-24 12:00:00+10:00,1
53,2025-09-24,8,424.0,303.0,727.0,2025-09-24 08:00:00+10:00,1
3,2025-09-24,12,1137.0,1307.0,2444.0,2025-09-24 12:00:00+10:00,1
9,2025-09-24,20,83.0,61.0,144.0,2025-09-24 20:00:00+10:00,1
3,2025-09-24,5,18.0,18.0,36.0,2025-09-24 05:00:00+10:00,1
53,2025-09-24,7,144.0,95.0,239.0,2025-09-24 07:00:00+10:00,1
53,2025-09-24,14,710.0,619.0,1329.0,2025-09-24 14:00:00+10:00,1
53,2025-09-24,1,5.0,9.0,14.0,2025-09-24 01:00:00+10:00,1
9,2025-09-24,18,630.0,102.0,732.0,2025-09-24 18:00:00+10:00,1
53,2025-09-24,11,705.0,533.0,1238.0,2025-09-24 11:00:00+10:00,1
5,2025-09-24,16,990.0,747.0,1737.0,2025-09-24 16:00:00+10:00,1
51,2025-09-24,8,80.0,62.0,142.0,2025-09-24 08:00:00+10:00,1
9,2025-09-24,9,153.0,1275.0,1428.0,2025-09-24 09:00:00+10:00,1
53,2025-09-24,23,27.0,41.0,68.0,2025-09-24 23:00:00+10:00,1
51,2025-09-24,6,57.0,21.0,78.0,2025-09-24 06:00:00+10:00,1
51,2025-09-24,20,55.0,73.0,128.0,2025-09-24 20:00:00+10:00,1
51,2025-09-24,4,6.0,6.0,12.0,2025-09-24 04:00:00+10:00,1
53,2025-09-24,10,470.0,346.0,816.0,2025-09-24 10:00:00+10:00,1
51,2025-09-24,13,151.0,141.0,292.0,2025-09-24 13:00:00+10:00,1
3,2025-09-24,15,1088.0,1124.0,2212.0,2025-09-24 15:00:00+10:00,1
3,2025-09-24,22,433.0,453.0,886.0,2025-09-24 22:00:00+10:00,1
53,2025-09-24,15,697.0,626.0,1323.0,2025-09-24 15:00:00+10:00,1
3,2025-09-24,1,83.0,62.0,145.0,2025-09-24 01:00:00+10:00,1
3,2025-09-24,23,235.0,245.0,480.0,2025-09-24 23:00:00+10:00,1
51,2025-09-24,19,91.0,90.0,181.0,2025-09-24 19:00:00+10:00,1
51,2025-09-24,5,5.0,5.0,10.0,2025-09-24 05:00:00+10:00,1
5,2025-09-24,21,1131.0,442.0,1573.0,2025-09-24 21:00:00+10:00,1
51,2025-09-24,21,60.0,35.0,95.0,2025-09-24 21:00:00+10:00,1
9,2025-09-24,1,4.0,9.0,13.0,2025-09-24 01:00:00+10:00,1
5,2025-09-24,12,916.0,984.0,1900.0,2025-09-24 12:00:00+10:00,1
53,2025-09-24,16,558.0,511.0,1069.0,2025-09-24 16:00:00+10:00,1
51,2025-09-24,0,16.0,9.0,25.0,2025-09-24 00:00:00+10:00,1
5,2025-09-24,4,37.0,22.0,59.0,2025-09-24 04:00:00+10:00,1
5,2025-09-24,1,19.0,37.0,56.0,2025-09-24 01:00:00+10:00,1
3,2025-09-24,17,1201.0,1418.0,2619.0,2025-09-24 17:00:00+10:00,1
53,2025-09-24,21,117.0,196.0,313.0,2025-09-24 21:00:00+10:00,1
5,2025-09-24,6,92.0,239.0,331.0,2025-09-24 06:00:00+10:00,1
9,2025-09-24,19,187.0,66.0,253.0,2025-09-24 19:00:00+10:00,1
51,2025-09-24,23,26.0,38.0,64.0,2025-09-24 23:00:00+10:00,1
5,2025-09-24,15,1223.0,763.0,1986.0,2025-09-24 15:00:00+10:00,1
51,2025-09-24,11,112.0,76.0,188.0,2025-09-24 11:00:00+10:00,1
51,2025-09-24,15,80.0,137.0,217.0,2025-09-24 15:00:00+10:00,1
51,2025-09-24,1,10.0,2.0,12.0,2025-09-24 01:00:00+10:00,1
3,2025-09-24,19,915.0,1034.0,1949.0,2025-09-24 19:00:00+10:00,1
3,2025-09-24,10,338.0,461.0,799.0,2025-09-24 10:00:00+10:00,1
3,2025-09-24,11,637.0,781.0,1418.0,2025-09-24 11:00:00+10:00,1
3,2025-09-24,13,914.0,972.0,1886.0,2025-09-24 13:00:00+10:00,1
3,2025-09-24,9,315.0,349.0,664.0,2025-09-24 09:00:00+10:00,1
9,2025-09-24,10,122.0,410.0,532.0,2025-09-24 10:00:00+10:00,1
3,2025-09-24,20,824.0,870.0,1694.0,2025-09-24 20:00:00+10:00,1
53,2025-09-24,19,233.0,166.0,399.0,2025-09-24 19:00:00+10:00,1
5,2025-09-24,19,453.0,832.0,1285.0,2025-09-24 19:00:00+10:00,1
3,2025-09-24,21,765.0,615.0,1380.0,2025-09-24 21:00:00+10:00,1
53,2025-09-24,9,423.0,273.0,696.0,2025-09-24 09:00:00+10:00,1
53,2025-09-24,12,990.0,741.0,1731.0,2025-09-24 12:00:00+10:00,1
9,2025-09-24,22,45.0,30.0,75.0,2025-09-24 22:00:00+10:00,1
5,2025-09-24,17,1228.0,954.0,2182.0,2025-09-24 17:00:00+10:00,1
3,2025-09-24,7,70.0,131.0,201.0,2025-09-24 07:00:00+10:00,1
51,2025-09-24,10,118.0,90.0,208.0,2025-09-24 10:00:00+10:00,1
3,2025-09-24,4,19.0,19.0,38.0,2025-09-24 04:00:00+10:00,1
5,2025-09-24,22,276.0,346.0,622.0,2025-09-24 22:00:00+10:00,1
9,2025-09-24,23,18.0,10.0,28.0,2025-09-24 23:00:00+10:00,1
53,2025-09-24,20,123.0,179.0,302.0,2025-09-24 20:00:00+10:00,1
51,2025-09-24,3,1.0,3.0,4.0,2025-09-24 03:00:00+10:00,1
3,2025-09-24,6,29.0,74.0,103.0,2025-09-24 06:00:00+10:00,1
5,2025-09-24,20,430.0,434.0,864.0,2025-09-24 20:00:00+10:00,1
3,2025-09-24,14,1079.0,1250.0,2329.0,2025-09-24 14:00:00+10:00,1
5,2025-09-24,2,13.0,15.0,28.0,2025-09-24 02:00:00+10:00,1
5,2025-09-24,7,162.0,369.0,531.0,2025-09-24 07:00:00+10:00,1
3,2025-09-24,0,92.0,119.0,211.0,2025-09-24 00:00:00+10:00,1
5,2025-09-24,18,546.0,1109.0,1655.0,2025-09-24 18:00:00+10:00,1
9,2025-09-24,21,73.0,38.0,111.0,2025-09-24 21:00:00+10:00,1
9,2025-09-24,7,59.0,964.0,1023.0,2025-09-24 07:00:00+10:00,1
5,2025-09-24,3,32.0,24.0,56.0,2025-09-24 03:00:00+10:00,1
5,2025-09-24,5,57.0,63.0,120.0,2025-09-24 05:00:00+10:00,1
9,2025-09-24,3,4.0,1.0,5.0,2025-09-24 03:00:00+10:00,1
53,2025-09-24,17,688.0,520.0,1208.0,2025-09-24 17:00:00+10:00,1
9,2025-09-24,17,2102.0,156.0,2258.0,2025-09-24 17:00:00+10:00,1
5,2025-09-24,0,31.0,39.0,70.0,2025-09-24 00:00:00+10:00,1
5,2025-09-24,14,879.0,836.0,1715.0,2025-09-24 14:00:00+10:00,1
53,2025-09-23,8,435.0,306.0,741.0,2025-09-23 08:00:00+10:00,1
5,2025-09-23,9,368.0,797.0,1165.0,2025-09-23 09:00:00+10:00,1
3,2025-09-23,0,112.0,91.0,203.0,2025-09-23 00:00:00+10:00,1
5,2025-09-23,16,1147.0,788.0,1935.0,2025-09-23 16:00:00+10:00,1
51,2025-09-23,9,81.0,68.0,149.0,2025-09-23 09:00:00+10:00,1
9,2025-09-23,12,580.0,556.0,1136.0,2025-09-23 12:00:00+10:00,1
53,2025-09-23,9,462.0,295.0,757.0,2025-09-23 09:00:00+10:00,1
5,2025-09-23,7,192.0,360.0,552.0,2025-09-23 07:00:00+10:00,1
3,2025-09-23,19,1089.0,1156.0,2245.0,2025-09-23 19:00:00+10:00,1
51,2025-09-23,18,119.0,92.0,211.0,2025-09-23 18:00:00+10:00,1
53,2025-09-23,22,34.0,71.0,105.0,2025-09-23 22:00:00+10:00,1
9,2025-09-23,6,34.0,272.0,306.0,2025-09-23 06:00:00+10:00,1
51,2025-09-23,0,16.0,4.0,20.0,2025-09-23 00:00:00+10:00,1
53,2025-09-23,4,4.0,3.0,7.0,2025-09-23 04:00:00+10:00,1
3,2025-09-23,17,1308.0,1531.0,2839.0,2025-09-23 17:00:00+10:00,1
53,2025-09-23,20,134.0,200.0,334.0,2025-09-23 20:00:00+10:00,1
9,2025-09-23,8,150.0,2957.0,3107.0,2025-09-23 08:00:00+10:00,1
53,2025-09-23,12,949.0,755.0,1704.0,2025-09-23 12:00:00+10:00,1
3,2025-09-23,20,994.0,845.0,1839.0,2025-09-23 20:00:00+10:00,1
53,2025-09-23,2,2.0,0.0,2.0,2025-09-23 02:00:00+10:00,1
5,2025-09-23,20,433.0,617.0,1050.0,2025-09-23 20:00:00+10:00,1
53,2025-09-23,19,222.0,215.0,437.0,2025-09-23 19:00:00+10:00,1
51,2025-09-23,15,118.0,102.0,220.0,2025-09-23 15:00:00+10:00,1
51,2025-09-23,10,99.0,90.0,189.0,2025-09-23 10:00:00+10:00,1
3,2025-09-23,18,1255.0,1478.0,2733.0,2025-09-23 18:00:00+10:00,1
5,2025-09-23,15,1054.0,740.0,1794.0,2025-09-23 15:00:00+10:00,1
3,2025-09-23,4,20.0,13.0,33.0,2025-09-23 04:00:00+10:00,1
53,2025-09-23,0,10.0,2.0,12.0,2025-09-23 00:00:00+10:00,1
5,2025-09-23,10,427.0,812.0,1239.0,2025-09-23 10:00:00+10:00,1
3,2025-09-23,16,1098.0,1452.0,2550.0,2025-09-23 16:00:00+10:00,1
5,2025-09-23,22,147.0,208.0,355.0,2025-09-23 22:00:00+10:00,1
3,2025-09-23,3,20.0,13.0,33.0,2025-09-23 03:00:00+10:00,1
51,2025-09-23,21,45.0,47.0,92.0,2025-09-23 21:00:00+10:00,1
53,2025-09-23,21,104.0,178.0,282.0,2025-09-23 21:00:00+10:00,1
51,2025-09-23,7,36.0,22.0,58.0,2025-09-23 07:00:00+10:00,1
3,2025-09-23,23,208.0,186.0,394.0,2025-09-23 23:00:00+10:00,1
51,2025-09-23,5,7.0,12.0,19.0,2025-09-23 05:00:00+10:00,1
53,2025-09-23,14,756.0,656.0,1412.0,2025-09-23 14:00:00+10:00,1
5,2025-09-23,2,8.0,17.0,25.0,2025-09-23 02:00:00+10:00,1
51,2025-09-23,12,150.0,145.0,295.0,2025-09-23 12:00:00+10:00,1
5,2025-09-23,21,445.0,471.0,916.0,2025-09-23 21:00:00+10:00,1
9,2025-09-23,5,22.0,39.0,61.0,2025-09-23 05:00:00+10:00,1
9,2025-09-23,19,167.0,60.0,227.0,2025-09-23 19:00:00+10:00,1
5,2025-09-23,0,39.0,53.0,92.0,2025-09-23 00:00:00+10:00,1
51,2025-09-23,8,58.0,51.0,109.0,2025-09-23 08:00:00+10:00,1
53,2025-09-23,16,554.0,522.0,1076.0,2025-09-23 16:00:00+10:00,1
53,2025-09-23,17,685.0,583.0,1268.0,2025-09-23 17:00:00+10:00,1
51,2025-09-23,16,90.0,93.0,183.0,2025-09-23 16:00:00+10:00,1
9,2025-09-23,2,2.0,1.0,3.0,2025-09-23 02:00:00+10:00,1
53,2025-09-23,10,505.0,400.0,905.0,2025-09-23 10:00:00+10:00,1
3,2025-09-23,7,94.0,143.0,237.0,2025-09-23 07:00:00+10:00,1
51,2025-09-23,4,4.0,8.0,12.0,2025-09-23 04:00:00+10:00,1
9,2025-09-23,22,47.0,37.0,84.0,2025-09-23 22:00:00+10:00,1
53,2025-09-23,6,31.0,46.0,77.0,2025-09-23 06:00:00+10:00,1
51,2025-09-23,13,160.0,148.0,308.0,2025-09-23 13:00:00+10:00,1
5,2025-09-23,13,817.0,950.0,1767.0,2025-09-23 13:00:00+10:00,1
53,2025-09-23,13,880.0,790.0,1670.0,2025-09-23 13:00:00+10:00,1
9,2025-09-23,1,3.0,3.0,6.0,2025-09-23 01:00:00+10:00,1
5,2025-09-23,19,524.0,568.0,1092.0,2025-09-23 19:00:00+10:00,1
9,2025-09-23,3,2.0,2.0,4.0,2025-09-23 03:00:00+10:00,1
5,2025-09-23,12,892.0,1101.0,1993.0,2025-09-23 12:00:00+10:00,1
9,2025-09-23,10,148.0,438.0,586.0,2025-09-23 10:00:00+10:00,1
9,2025-09-23,7,62.0,1071.0,1133.0,2025-09-23 07:00:00+10:00,1
5,2025-09-23,17,1343.0,977.0,2320.0,2025-09-23 17:00:00+10:00,1
51,2025-09-23,22,40.0,36.0,76.0,2025-09-23 22:00:00+10:00,1
53,2025-09-23,5,13.0,7.0,20.0,2025-09-23 05:00:00+10:00,1
9,2025-09-23,21,49.0,65.0,114.0,2025-09-23 21:00:00+10:00,1
53,2025-09-23,3,3.0,1.0,4.0,2025-09-23 03:00:00+10:00,1
9,2025-09-23,15,909.0,140.0,1049.0,2025-09-23 15:00:00+10:00,1
3,2025-09-23,6,34.0,96.0,130.0,2025-09-23 06:00:00+10:00,1
53,2025-09-23,23,13.0,34.0,47.0,2025-09-23 23:00:00+10:00,1
9,2025-09-23,13,454.0,441.0,895.0,2025-09-23 13:00:00+10:00,1
9,2025-09-23,0,1.0,4.0,5.0,2025-09-23 00:00:00+10:00,1
3,2025-09-23,22,387.0,421.0,808.0,2025-09-23 22:00:00+10:00,1
9,2025-09-23,18,858.0,122.0,980.0,2025-09-23 18:00:00+10:00,1
9,2025-09-23,4,6.0,3.0,9.0,2025-09-23 04:00:00+10:00,1
51,2025-09-23,23,27.0,24.0,51.0,2025-09-23 23:00:00+10:00,1
3,2025-09-23,12,1102.0,1380.0,2482.0,2025-09-23 12:00:00+10:00,1
3,2025-09-23,8,255.0,344.0,599.0,2025-09-23 08:00:00+10:00,1
5,2025-09-23,14,920.0,853.0,1773.0,2025-09-23 14:00:00+10:00,1
5,2025-09-23,8,460.0,819.0,1279.0,2025-09-23 08:00:00+10:00,1
5,2025-09-23,1,16.0,37.0,53.0,2025-09-23 01:00:00+10:00,1
51,2025-09-23,3,17.0,25.0,42.0,2025-09-23 03:00:00+10:00,1
53,2025-09-23,1,2.0,3.0,5.0,2025-09-23 01:00:00+10:00,1
3,2025-09-23,5,17.0,34.0,51.0,2025-09-23 05:00:00+10:00,1
51,2025-09-23,17,105.0,144.0,249.0,2025-09-23 17:00:00+10:00,1
51,2025-09-23,2,5.0,14.0,19.0,2025-09-23 02:00:00+10:00,1
3,2025-09-23,15,1121.0,1294.0,2415.0,2025-09-23 15:00:00+10:00,1
3,2025-09-23,14,1110.0,1257.0,2367.0,2025-09-23 14:00:00+10:00,1
3,2025-09-23,21,608.0,676.0,1284.0,2025-09-23 21:00:00+10:00,1
51,2025-09-23,20,70.0,71.0,141.0,2025-09-23 20:00:00+10:00,1
5,2025-09-23,4,35.0,10.0,45.0,2025-09-23 04:00:00+10:00,1
9,2025-09-23,20,97.0,39.0,136.0,2025-09-23 20:00:00+10:00,1
3,2025-09-23,10,437.0,513.0,950.0,2025-09-23 10:00:00+10:00,1
53,2025-09-23,7,137.0,103.0,240.0,2025-09-23 07:00:00+10:00,1
51,2025-09-23,11,108.0,104.0,212.0,2025-09-23 11:00:00+10:00,1
53,2025-09-23,15,661.0,596.0,1257.0,2025-09-23 15:00:00+10:00,1
5,2025-09-23,6,75.0,250.0,325.0,2025-09-23 06:00:00+10:00,1
3,2025-09-23,13,1243.0,1409.0,2652.0,2025-09-23 13:00:00+10:00,1
9,2025-09-23,14,486.0,202.0,688.0,2025-09-23 14:00:00+10:00,1
51,2025-09-23,19,57.0,54.0,111.0,2025-09-23 19:00:00+10:00,1
5,2025-09-23,11,617.0,898.0,1515.0,2025-09-23 11:00:00+10:00,1
51,2025-09-23,1,12.0,15.0,27.0,2025-09-23 01:00:00+10:00,1
5,2025-09-23,3,19.0,23.0,42.0,2025-09-23 03:00:00+10:00,1
51,2025-09-23,6,34.0,21.0,55.0,2025-09-23 06:00:00+10:00,1
5,2025-09-23,5,52.0,56.0,108.0,2025-09-23 05:00:00+10:00,1
9,2025-09-23,17,2373.0,174.0,2547.0,2025-09-23 17:00:00+10:00,1
5,2025-09-23,18,807.0,899.0,1706.0,2025-09-23 18:00:00+10:00,1
9,2025-09-23,23,23.0,11.0,34.0,2025-09-23 23:00:00+10:00,1
3,2025-09-23,1,53.0,68.0,121.0,2025-09-23 01:00:00+10:00,1
3,2025-09-23,2,43.0,22.0,65.0,2025-09-23 02:00:00+10:00,1
9,2025-09-23,11,281.0,297.0,578.0,2025-09-23 11:00:00+10:00,1
9,2025-09-23,16,2044.0,129.0,2173.0,2025-09-23 16:00:00+10:00,1
3,2025-09-23,11,691.0,764.0,1455.0,2025-09-23 11:00:00+10:00,1
51,2025-09-23,14,99.0,148.0,247.0,2025-09-23 14:00:00+10:00,1
53,2025-09-23,11,583.0,528.0,1111.0,2025-09-23 11:00:00+10:00,1
53,2025-09-23,18,393.0,317.0,710.0,2025-09-23 18:00:00+10:00,1
9,2025-09-23,9,183.0,1535.0,1718.0,2025-09-23 09:00:00+10:00,1
3,2025-09-23,9,357.0,347.0,704.0,2025-09-23 09:00:00+10:00,1
5,2025-09-22,0,41.0,65.0,106.0,2025-09-22 00:00:00+10:00,1
53,2025-09-22,9,367.0,246.0,613.0,2025-09-22 09:00:00+10:00,1
5,2025-09-22,21,342.0,300.0,642.0,2025-09-22 21:00:00+10:00,1
9,2025-09-22,13,321.0,326.0,647.0,2025-09-22 13:00:00+10:00,1
51,2025-09-22,19,78.0,61.0,139.0,2025-09-22 19:00:00+10:00,1
51,2025-09-22,14,83.0,113.0,196.0,2025-09-22 14:00:00+10:00,1
5,2025-09-22,15,1005.0,839.0,1844.0,2025-09-22 15:00:00+10:00,1
3,2025-09-22,2,23.0,19.0,42.0,2025-09-22 02:00:00+10:00,1
51,2025-09-22,17,125.0,96.0,221.0,2025-09-22 17:00:00+10:00,1
53,2025-09-22,13,839.0,708.0,1547.0,2025-09-22 13:00:00+10:00,1
53,2025-09-22,4,2.0,2.0,4.0,2025-09-22 04:00:00+10:00,1
5,2025-09-22,16,1056.0,729.0,1785.0,2025-09-22 16:00:00+10:00,1
53,2025-09-22,17,531.0,492.0,1023.0,2025-09-22 17:00:00+10:00,1
51,2025-09-22,9,62.0,65.0,127.0,2025-09-22 09:00:00+10:00,1
3,2025-09-22,13,1096.0,1197.0,2293.0,2025-09-22 13:00:00+10:00,1
53,2025-09-22,8,368.0,254.0,622.0,2025-09-22 08:00:00+10:00,1
9,2025-09-22,9,123.0,1025.0,1148.0,2025-09-22 09:00:00+10:00,1
9,2025-09-22,10,106.0,246.0,352.0,2025-09-22 10:00:00+10:00,1
51,2025-09-22,22,30.0,41.0,71.0,2025-09-22 22:00:00+10:00,1
3,2025-09-22,16,1107.0,1353.0,2460.0,2025-09-22 16:00:00+10:00,1
53,2025-09-22,0,8.0,25.0,33.0,2025-09-22 00:00:00+10:00,1
51,2025-09-22,23,27.0,27.0,54.0,2025-09-22 23:00:00+10:00,1
53,2025-09-22,6,29.0,39.0,68.0,2025-09-22 06:00:00+10:00,1
5,2025-09-22,9,300.0,593.0,893.0,2025-09-22 09:00:00+10:00,1
51,2025-09-22,2,7.0,4.0,11.0,2025-09-22 02:00:00+10:00,1
51,2025-09-22,6,59.0,18.0,77.0,2025-09-22 06:00:00+10:00,1
9,2025-09-22,0,5.0,12.0,17.0,2025-09-22 00:00:00+10:00,1
5,2025-09-22,18,624.0,798.0,1422.0,2025-09-22 18:00:00+10:00,1
53,2025-09-22,7,127.0,78.0,205.0,2025-09-22 07:00:00+10:00,1
9,2025-09-22,5,23.0,36.0,59.0,2025-09-22 05:00:00+10:00,1
51,2025-09-22,11,93.0,84.0,177.0,2025-09-22 11:00:00+10:00,1
3,2025-09-22,4,15.0,20.0,35.0,2025-09-22 04:00:00+10:00,1
53,2025-09-22,22,34.0,54.0,88.0,2025-09-22 22:00:00+10:00,1
5,2025-09-22,10,286.0,932.0,1218.0,2025-09-22 10:00:00+10:00,1
5,2025-09-22,23,93.0,91.0,184.0,2025-09-22 23:00:00+10:00,1
53,2025-09-22,5,6.0,7.0,13.0,2025-09-22 05:00:00+10:00,1
3,2025-09-22,6,33.0,57.0,90.0,2025-09-22 06:00:00+10:00,1
5,2025-09-22,22,138.0,157.0,295.0,2025-09-22 22:00:00+10:00,1
53,2025-09-22,23,19.0,34.0,53.0,2025-09-22 23:00:00+10:00,1
53,2025-09-22,20,98.0,133.0,231.0,2025-09-22 20:00:00+10:00,1
53,2025-09-22,3,2.0,1.0,3.0,2025-09-22 03:00:00+10:00,1
5,2025-09-22,6,61.0,238.0,299.0,2025-09-22 06:00:00+10:00,1
9,2025-09-22,7,55.0,845.0,900.0,2025-09-22 07:00:00+10:00,1
9,2025-09-22,6,25.0,240.0,265.0,2025-09-22 06:00:00+10:00,1
3,2025-09-22,8,224.0,256.0,480.0,2025-09-22 08:00:00+10:00,1
3,2025-09-22,22,281.0,328.0,609.0,2025-09-22 22:00:00+10:00,1
3,2025-09-22,1,54.0,35.0,89.0,2025-09-22 01:00:00+10:00,1
9,2025-09-22,15,709.0,132.0,841.0,2025-09-22 15:00:00+10:00,1
51,2025-09-22,3,7.0,6.0,13.0,2025-09-22 03:00:00+10:00,1
53,2025-09-22,11,556.0,513.0,1069.0,2025-09-22 11:00:00+10:00,1
9,2025-09-22,22,36.0,24.0,60.0,2025-09-22 22:00:00+10:00,1
53,2025-09-22,16,478.0,422.0,900.0,2025-09-22 16:00:00+10:00,1
3,2025-09-22,15,1136.0,1220.0,2356.0,2025-09-22 15:00:00+10:00,1
9,2025-09-22,4,7.0,3.0,10.0,2025-09-22 04:00:00+10:00,1
3,2025-09-22,20,725.0,682.0,1407.0,2025-09-22 20:00:00+10:00,1
3,2025-09-22,11,577.0,745.0,1322.0,2025-09-22 11:00:00+10:00,1
9,2025-09-22,18,523.0,75.0,598.0,2025-09-22 18:00:00+10:00,1
51,2025-09-22,13,125.0,98.0,223.0,2025-09-22 13:00:00+10:00,1
9,2025-09-22,8,104.0,2014.0,2118.0,2025-09-22 08:00:00+10:00,1
51,2025-09-22,1,12.0,6.0,18.0,2025-09-22 01:00:00+10:00,1
3,2025-09-22,21,510.0,536.0,1046.0,2025-09-22 21:00:00+10:00,1
51,2025-09-22,18,110.0,88.0,198.0,2025-09-22 18:00:00+10:00,1
3,2025-09-22,12,1057.0,1278.0,2335.0,2025-09-22 12:00:00+10:00,1
5,2025-09-22,3,23.0,16.0,39.0,2025-09-22 03:00:00+10:00,1
53,2025-09-22,21,92.0,116.0,208.0,2025-09-22 21:00:00+10:00,1
9,2025-09-22,23,16.0,5.0,21.0,2025-09-22 23:00:00+10:00,1
5,2025-09-22,4,32.0,9.0,41.0,2025-09-22 04:00:00+10:00,1
51,2025-09-22,20,63.0,70.0,133.0,2025-09-22 20:00:00+10:00,1
53,2025-09-22,10,469.0,367.0,836.0,2025-09-22 10:00:00+10:00,1
3,2025-09-22,23,179.0,195.0,374.0,2025-09-22 23:00:00+10:00,1
3,2025-09-22,19,874.0,935.0,1809.0,2025-09-22 19:00:00+10:00,1
53,2025-09-22,1,3.0,13.0,16.0,2025-09-22 01:00:00+10:00,1
53,2025-09-22,15,660.0,561.0,1221.0,2025-09-22 15:00:00+10:00,1
9,2025-09-22,1,1.0,3.0,4.0,2025-09-22 01:00:00+10:00,1
5,2025-09-22,19,372.0,534.0,906.0,2025-09-22 19:00:00+10:00,1
53,2025-09-22,19,173.0,175.0,348.0,2025-09-22 19:00:00+10:00,1
9,2025-09-22,19,163.0,64.0,227.0,2025-09-22 19:00:00+10:00,1
51,2025-09-22,10,85.0,73.0,158.0,2025-09-22 10:00:00+10:00,1
51,2025-09-22,21,44.0,71.0,115.0,2025-09-22 21:00:00+10:00,1
51,2025-09-22,12,269.0,310.0,579.0,2025-09-22 12:00:00+10:00,1
9,2025-09-22,14,321.0,180.0,501.0,2025-09-22 14:00:00+10:00,1
9,2025-09-22,21,38.0,16.0,54.0,2025-09-22 21:00:00+10:00,1
5,2025-09-22,5,42.0,45.0,87.0,2025-09-22 05:00:00+10:00,1
9,2025-09-22,2,3.0,4.0,7.0,2025-09-22 02:00:00+10:00,1
51,2025-09-22,0,5.0,6.0,11.0,2025-09-22 00:00:00+10:00,1
53,2025-09-22,18,263.0,220.0,483.0,2025-09-22 18:00:00+10:00,1
5,2025-09-22,7,182.0,323.0,505.0,2025-09-22 07:00:00+10:00,1
3,2025-09-22,7,79.0,102.0,181.0,2025-09-22 07:00:00+10:00,1
3,2025-09-22,17,1143.0,1287.0,2430.0,2025-09-22 17:00:00+10:00,1
5,2025-09-22,2,16.0,13.0,29.0,2025-09-22 02:00:00+10:00,1
5,2025-09-22,14,1176.0,834.0,2010.0,2025-09-22 14:00:00+10:00,1
53,2025-09-22,2,6.0,1.0,7.0,2025-09-22 02:00:00+10:00,1
3,2025-09-22,18,925.0,1150.0,2075.0,2025-09-22 18:00:00+10:00,1
9,2025-09-22,16,1670.0,118.0,1788.0,2025-09-22 16:00:00+10:00,1
51,2025-09-22,4,5.0,2.0,7.0,2025-09-22 04:00:00+10:00,1
5,2025-09-22,20,411.0,445.0,856.0,2025-09-22 20:00:00+10:00,1
9,2025-09-22,3,0.0,1.0,1.0,2025-09-22 03:00:00+10:00,1
5,2025-09-22,12,1153.0,1245.0,2398.0,2025-09-22 12:00:00+10:00,1
5,2025-09-22,8,368.0,696.0,1064.0,2025-09-22 08:00:00+10:00,1
51,2025-09-22,7,40.0,22.0,62.0,2025-09-22 07:00:00+10:00,1
5,2025-09-22,13,934.0,1027.0,1961.0,2025-09-22 13:00:00+10:00,1
3,2025-09-22,0,99.0,81.0,180.0,2025-09-22 00:00:00+10:00,1
3,2025-09-22,10,342.0,401.0,743.0,2025-09-22 10:00:00+10:00,1
51,2025-09-22,16,86.0,120.0,206.0,2025-09-22 16:00:00+10:00,1
3,2025-09-22,9,268.0,245.0,513.0,2025-09-22 09:00:00+10:00,1
53,2025-09-22,12,757.0,638.0,1395.0,2025-09-22 12:00:00+10:00,1
51,2025-09-22,5,18.0,18.0,36.0,2025-09-22 05:00:00+10:00,1
9,2025-09-22,12,411.0,456.0,867.0,2025-09-22 12:00:00+10:00,1
5,2025-09-22,1,21.0,32.0,53.0,2025-09-22 01:00:00+10:00,1
9,2025-09-22,20,64.0,45.0,109.0,2025-09-22 20:00:00+10:00,1
5,2025-09-22,11,525.0,892.0,1417.0,2025-09-22 11:00:00+10:00,1
9,2025-09-22,11,163.0,229.0,392.0,2025-09-22 11:00:00+10:00,1
51,2025-09-22,8,54.0,33.0,87.0,2025-09-22 08:00:00+10:00,1
5,2025-09-22,17,1230.0,946.0,2176.0,2025-09-22 17:00:00+10:00,1
3,2025-09-22,3,33.0,9.0,42.0,2025-09-22 03:00:00+10:00,1
53,2025-09-22,14,619.0,558.0,1177.0,2025-09-22 14:00:00+10:00,1
3,2025-09-22,5,16.0,34.0,50.0,2025-09-22 05:00:00+10:00,1
9,2025-09-22,17,1871.0,136.0,2007.0,2025-09-22 17:00:00+10:00,1
51,2025-09-22,15,93.0,108.0,201.0,2025-09-22 15:00:00+10:00,1
3,2025-09-22,14,1115.0,1091.0,2206.0,2025-09-22 14:00:00+10:00,1
3,2025-09-21,3,172.0,109.0,281.0,2025-09-21 03:00:00+10:00,1
51,2025-09-21,13,120.0,126.0,246.0,2025-09-21 13:00:00+10:00,1
51,2025-09-21,15,123.0,102.0,225.0,2025-09-21 15:00:00+10:00,1
9,2025-09-21,0,11.0,24.0,35.0,2025-09-21 00:00:00+10:00,1
5,2025-09-21,1,118.0,136.0,254.0,2025-09-21 01:00:00+10:00,1
5,2025-09-21,23,76.0,83.0,159.0,2025-09-21 23:00:00+10:00,1
3,2025-09-21,10,345.0,345.0,690.0,2025-09-21 10:00:00+10:00,1
51,2025-09-21,23,13.0,17.0,30.0,2025-09-21 23:00:00+10:00,1
9,2025-09-21,1,4.0,12.0,16.0,2025-09-21 01:00:00+10:00,1
9,2025-09-21,8,35.0,26.0,61.0,2025-09-21 08:00:00+10:00,1
5,2025-09-21,22,88.0,133.0,221.0,2025-09-21 22:00:00+10:00,1
3,2025-09-21,2,177.0,134.0,311.0,2025-09-21 02:00:00+10:00,1
9,2025-09-21,7,32.0,15.0,47.0,2025-09-21 07:00:00+10:00,1
5,2025-09-21,17,798.0,658.0,1456.0,2025-09-21 17:00:00+10:00,1
51,2025-09-21,17,82.0,80.0,162.0,2025-09-21 17:00:00+10:00,1
3,2025-09-21,7,34.0,65.0,99.0,2025-09-21 07:00:00+10:00,1
3,2025-09-21,0,366.0,381.0,747.0,2025-09-21 00:00:00+10:00,1
3,2025-09-21,20,781.0,746.0,1527.0,2025-09-21 20:00:00+10:00,1
53,2025-09-21,15,555.0,564.0,1119.0,2025-09-21 15:00:00+10:00,1
5,2025-09-21,20,322.0,446.0,768.0,2025-09-21 20:00:00+10:00,1
51,2025-09-21,4,5.0,9.0,14.0,2025-09-21 04:00:00+10:00,1
53,2025-09-21,10,448.0,290.0,738.0,2025-09-21 10:00:00+10:00,1
53,2025-09-21,14,650.0,470.0,1120.0,2025-09-21 14:00:00+10:00,1
9,2025-09-21,19,25.0,30.0,55.0,2025-09-21 19:00:00+10:00,1
9,2025-09-21,5,5.0,3.0,8.0,2025-09-21 05:00:00+10:00,1
5,2025-09-21,12,1673.0,1040.0,2713.0,2025-09-21 12:00:00+10:00,1
53,2025-09-21,23,14.0,22.0,36.0,2025-09-21 23:00:00+10:00,1
9,2025-09-21,21,23.0,18.0,41.0,2025-09-21 21:00:00+10:00,1
9,2025-09-21,3,1.0,8.0,9.0,2025-09-21 03:00:00+10:00,1
51,2025-09-21,1,11.0,13.0,24.0,2025-09-21 01:00:00+10:00,1
53,2025-09-21,2,25.0,29.0,54.0,2025-09-21 02:00:00+10:00,1
9,2025-09-21,6,31.0,14.0,45.0,2025-09-21 06:00:00+10:00,1
51,2025-09-21,7,17.0,28.0,45.0,2025-09-21 07:00:00+10:00,1
5,2025-09-21,10,449.0,736.0,1185.0,2025-09-21 10:00:00+10:00,1
5,2025-09-21,11,723.0,951.0,1674.0,2025-09-21 11:00:00+10:00,1
9,2025-09-21,15,52.0,37.0,89.0,2025-09-21 15:00:00+10:00,1
9,2025-09-21,18,44.0,37.0,81.0,2025-09-21 18:00:00+10:00,1
3,2025-09-21,17,982.0,1170.0,2152.0,2025-09-21 17:00:00+10:00,1
51,2025-09-21,5,6.0,4.0,10.0,2025-09-21 05:00:00+10:00,1
53,2025-09-21,22,34.0,68.0,102.0,2025-09-21 22:00:00+10:00,1
51,2025-09-21,8,37.0,36.0,73.0,2025-09-21 08:00:00+10:00,1
5,2025-09-21,9,312.0,398.0,710.0,2025-09-21 09:00:00+10:00,1
9,2025-09-21,10,37.0,53.0,90.0,2025-09-21 10:00:00+10:00,1
51,2025-09-21,12,121.0,132.0,253.0,2025-09-21 12:00:00+10:00,1
3,2025-09-21,15,1140.0,1247.0,2387.0,2025-09-21 15:00:00+10:00,1
3,2025-09-21,1,242.0,185.0,427.0,2025-09-21 01:00:00+10:00,1
9,2025-09-21,23,4.0,10.0,14.0,2025-09-21 23:00:00+10:00,1
53,2025-09-21,3,11.0,16.0,27.0,2025-09-21 03:00:00+10:00,1
53,2025-09-21,19,127.0,143.0,270.0,2025-09-21 19:00:00+10:00,1
3,2025-09-21,9,213.0,220.0,433.0,2025-09-21 09:00:00+10:00,1
9,2025-09-21,16,54.0,47.0,101.0,2025-09-21 16:00:00+10:00,1
9,2025-09-21,4,1.0,8.0,9.0,2025-09-21 04:00:00+10:00,1
53,2025-09-21,18,198.0,169.0,367.0,2025-09-21 18:00:00+10:00,1
9,2025-09-21,17,51.0,39.0,90.0,2025-09-21 17:00:00+10:00,1
5,2025-09-21,15,1141.0,1024.0,2165.0,2025-09-21 15:00:00+10:00,1
5,2025-09-21,16,871.0,990.0,1861.0,2025-09-21 16:00:00+10:00,1
51,2025-09-21,20,53.0,59.0,112.0,2025-09-21 20:00:00+10:00,1
3,2025-09-21,21,641.0,454.0,1095.0,2025-09-21 21:00:00+10:00,1
53,2025-09-21,1,25.0,46.0,71.0,2025-09-21 01:00:00+10:00,1
53,2025-09-21,17,382.0,325.0,707.0,2025-09-21 17:00:00+10:00,1
51,2025-09-21,9,42.0,84.0,126.0,2025-09-21 09:00:00+10:00,1
51,2025-09-21,2,14.0,10.0,24.0,2025-09-21 02:00:00+10:00,1
5,2025-09-21,4,40.0,49.0,89.0,2025-09-21 04:00:00+10:00,1
53,2025-09-21,8,106.0,57.0,163.0,2025-09-21 08:00:00+10:00,1
5,2025-09-21,18,694.0,528.0,1222.0,2025-09-21 18:00:00+10:00,1
53,2025-09-21,0,47.0,61.0,108.0,2025-09-21 00:00:00+10:00,1
5,2025-09-21,3,41.0,57.0,98.0,2025-09-21 03:00:00+10:00,1
53,2025-09-21,13,661.0,519.0,1180.0,2025-09-21 13:00:00+10:00,1
53,2025-09-21,4,7.0,10.0,17.0,2025-09-21 04:00:00+10:00,1
3,2025-09-21,12,1129.0,1392.0,2521.0,2025-09-21 12:00:00+10:00,1
51,2025-09-21,19,79.0,82.0,161.0,2025-09-21 19:00:00+10:00,1
3,2025-09-21,8,97.0,108.0,205.0,2025-09-21 08:00:00+10:00,1
3,2025-09-21,18,898.0,1112.0,2010.0,2025-09-21 18:00:00+10:00,1
3,2025-09-21,6,36.0,38.0,74.0,2025-09-21 06:00:00+10:00,1
5,2025-09-21,21,274.0,328.0,602.0,2025-09-21 21:00:00+10:00,1
51,2025-09-21,14,155.0,127.0,282.0,2025-09-21 14:00:00+10:00,1
5,2025-09-21,19,432.0,533.0,965.0,2025-09-21 19:00:00+10:00,1
51,2025-09-21,21,50.0,52.0,102.0,2025-09-21 21:00:00+10:00,1
53,2025-09-21,20,107.0,158.0,265.0,2025-09-21 20:00:00+10:00,1
5,2025-09-21,6,61.0,46.0,107.0,2025-09-21 06:00:00+10:00,1
51,2025-09-21,22,40.0,39.0,79.0,2025-09-21 22:00:00+10:00,1
3,2025-09-21,11,572.0,786.0,1358.0,2025-09-21 11:00:00+10:00,1
3,2025-09-21,23,176.0,148.0,324.0,2025-09-21 23:00:00+10:00,1
5,2025-09-21,14,1582.0,1399.0,2981.0,2025-09-21 14:00:00+10:00,1
53,2025-09-21,12,700.0,530.0,1230.0,2025-09-21 12:00:00+10:00,1
53,2025-09-21,5,5.0,8.0,13.0,2025-09-21 05:00:00+10:00,1
9,2025-09-21,9,47.0,61.0,108.0,2025-09-21 09:00:00+10:00,1
5,2025-09-21,2,47.0,86.0,133.0,2025-09-21 02:00:00+10:00,1
9,2025-09-21,2,3.0,14.0,17.0,2025-09-21 02:00:00+10:00,1
51,2025-09-21,0,22.0,15.0,37.0,2025-09-21 00:00:00+10:00,1
5,2025-09-21,8,164.0,172.0,336.0,2025-09-21 08:00:00+10:00,1
51,2025-09-21,18,98.0,72.0,170.0,2025-09-21 18:00:00+10:00,1
3,2025-09-21,19,903.0,1004.0,1907.0,2025-09-21 19:00:00+10:00,1
5,2025-09-21,7,71.0,103.0,174.0,2025-09-21 07:00:00+10:00,1
9,2025-09-21,22,7.0,11.0,18.0,2025-09-21 22:00:00+10:00,1
51,2025-09-21,6,4.0,10.0,14.0,2025-09-21 06:00:00+10:00,1
9,2025-09-21,14,57.0,61.0,118.0,2025-09-21 14:00:00+10:00,1
3,2025-09-21,22,346.0,191.0,537.0,2025-09-21 22:00:00+10:00,1
3,2025-09-21,16,953.0,1003.0,1956.0,2025-09-21 16:00:00+10:00,1
53,2025-09-21,7,37.0,25.0,62.0,2025-09-21 07:00:00+10:00,1
53,2025-09-21,21,54.0,102.0,156.0,2025-09-21 21:00:00+10:00,1
53,2025-09-21,11,523.0,387.0,910.0,2025-09-21 11:00:00+10:00,1
9,2025-09-21,11,56.0,59.0,115.0,2025-09-21 11:00:00+10:00,1
3,2025-09-21,5,29.0,39.0,68.0,2025-09-21 05:00:00+10:00,1
53,2025-09-21,6,9.0,17.0,26.0,2025-09-21 06:00:00+10:00,1
51,2025-09-21,11,133.0,122.0,255.0,2025-09-21 11:00:00+10:00,1
3,2025-09-21,4,79.0,37.0,116.0,2025-09-21 04:00:00+10:00,1
9,2025-09-21,20,28.0,35.0,63.0,2025-09-21 20:00:00+10:00,1
3,2025-09-21,13,1162.0,1466.0,2628.0,2025-09-21 13:00:00+10:00,1
51,2025-09-21,10,96.0,101.0,197.0,2025-09-21 10:00:00+10:00,1
9,2025-09-21,12,36.0,73.0,109.0,2025-09-21 12:00:00+10:00,1
9,2025-09-21,13,56.0,104.0,160.0,2025-09-21 13:00:00+10:00,1
51,2025-09-21,3,3.0,4.0,7.0,2025-09-21 03:00:00+10:00,1
53,2025-09-21,9,206.0,189.0,395.0,2025-09-21 09:00:00+10:00,1
3,2025-09-21,14,1449.0,1431.0,2880.0,2025-09-21 14:00:00+10:00,1
51,2025-09-21,16,85.0,85.0,170.0,2025-09-21 16:00:00+10:00,1
5,2025-09-21,13,1686.0,1212.0,2898.0,2025-09-21 13:00:00+10:00,1
5,2025-09-21,0,229.0,206.0,435.0,2025-09-21 00:00:00+10:00,1
5,2025-09-21,5,27.0,30.0,57.0,2025-09-21 05:00:00+10:00,1
53,2025-09-21,16,381.0,347.0,728.0,2025-09-21 16:00:00+10:00,1
51,2025-09-20,2,14.0,10.0,24.0,2025-09-20 02:00:00+10:00,1
53,2025-09-20,6,11.0,17.0,28.0,2025-09-20 06:00:00+10:00,1
51,2025-09-20,14,157.0,171.0,328.0,2025-09-20 14:00:00+10:00,1
51,2025-09-20,8,41.0,39.0,80.0,2025-09-20 08:00:00+10:00,1
51,2025-09-20,22,53.0,28.0,81.0,2025-09-20 22:00:00+10:00,1
5,2025-09-20,8,183.0,244.0,427.0,2025-09-20 08:00:00+10:00,1
53,2025-09-20,1,19.0,18.0,37.0,2025-09-20 01:00:00+10:00,1
5,2025-09-20,9,299.0,483.0,782.0,2025-09-20 09:00:00+10:00,1
3,2025-09-20,5,15.0,21.0,36.0,2025-09-20 05:00:00+10:00,1
51,2025-09-20,16,107.0,124.0,231.0,2025-09-20 16:00:00+10:00,1
9,2025-09-20,17,63.0,75.0,138.0,2025-09-20 17:00:00+10:00,1
9,2025-09-20,9,58.0,63.0,121.0,2025-09-20 09:00:00+10:00,1
53,2025-09-20,16,699.0,649.0,1348.0,2025-09-20 16:00:00+10:00,1
53,2025-09-20,2,19.0,16.0,35.0,2025-09-20 02:00:00+10:00,1
5,2025-09-20,13,1234.0,2262.0,3496.0,2025-09-20 13:00:00+10:00,1
3,2025-09-20,0,287.0,290.0,577.0,2025-09-20 00:00:00+10:00,1
9,2025-09-20,6,15.0,19.0,34.0,2025-09-20 06:00:00+10:00,1
51,2025-09-20,11,173.0,123.0,296.0,2025-09-20 11:00:00+10:00,1
51,2025-09-20,5,9.0,4.0,13.0,2025-09-20 05:00:00+10:00,1
9,2025-09-20,13,57.0,107.0,164.0,2025-09-20 13:00:00+10:00,1
3,2025-09-20,1,209.0,163.0,372.0,2025-09-20 01:00:00+10:00,1
53,2025-09-20,4,7.0,18.0,25.0,2025-09-20 04:00:00+10:00,1
9,2025-09-20,5,10.0,10.0,20.0,2025-09-20 05:00:00+10:00,1
53,2025-09-20,17,444.0,372.0,816.0,2025-09-20 17:00:00+10:00,1
3,2025-09-20,7,47.0,59.0,106.0,2025-09-20 07:00:00+10:00,1
51,2025-09-20,13,140.0,169.0,309.0,2025-09-20 13:00:00+10:00,1
9,2025-09-20,7,17.0,32.0,49.0,2025-09-20 07:00:00+10:00,1
3,2025-09-20,16,1223.0,1413.0,2636.0,2025-09-20 16:00:00+10:00,1
3,2025-09-20,2,137.0,130.0,267.0,2025-09-20 02:00:00+10:00,1
9,2025-09-20,21,43.0,57.0,100.0,2025-09-20 21:00:00+10:00,1
53,2025-09-20,18,311.0,227.0,538.0,2025-09-20 18:00:00+10:00,1
53,2025-09-20,12,811.0,594.0,1405.0,2025-09-20 12:00:00+10:00,1
9,2025-09-20,8,36.0,32.0,68.0,2025-09-20 08:00:00+10:00,1
9,2025-09-20,22,34.0,49.0,83.0,2025-09-20 22:00:00+10:00,1
3,2025-09-20,10,381.0,418.0,799.0,2025-09-20 10:00:00+10:00,1
9,2025-09-20,20,67.0,85.0,152.0,2025-09-20 20:00:00+10:00,1
5,2025-09-20,17,1020.0,1056.0,2076.0,2025-09-20 17:00:00+10:00,1
9,2025-09-20,0,16.0,15.0,31.0,2025-09-20 00:00:00+10:00,1
5,2025-09-20,6,39.0,82.0,121.0,2025-09-20 06:00:00+10:00,1
9,2025-09-20,1,3.0,11.0,14.0,2025-09-20 01:00:00+10:00,1
53,2025-09-20,8,122.0,72.0,194.0,2025-09-20 08:00:00+10:00,1
5,2025-09-20,21,640.0,970.0,1610.0,2025-09-20 21:00:00+10:00,1
53,2025-09-20,22,108.0,187.0,295.0,2025-09-20 22:00:00+10:00,1
5,2025-09-20,20,810.0,1810.0,2620.0,2025-09-20 20:00:00+10:00,1
9,2025-09-20,3,7.0,7.0,14.0,2025-09-20 03:00:00+10:00,1
51,2025-09-20,7,58.0,28.0,86.0,2025-09-20 07:00:00+10:00,1
9,2025-09-20,10,56.0,99.0,155.0,2025-09-20 10:00:00+10:00,1
3,2025-09-20,17,1144.0,1481.0,2625.0,2025-09-20 17:00:00+10:00,1
9,2025-09-20,23,21.0,24.0,45.0,2025-09-20 23:00:00+10:00,1
5,2025-09-20,23,468.0,441.0,909.0,2025-09-20 23:00:00+10:00,1
51,2025-09-20,6,12.0,8.0,20.0,2025-09-20 06:00:00+10:00,1
3,2025-09-20,11,619.0,830.0,1449.0,2025-09-20 11:00:00+10:00,1
5,2025-09-20,10,497.0,873.0,1370.0,2025-09-20 10:00:00+10:00,1
51,2025-09-20,23,29.0,27.0,56.0,2025-09-20 23:00:00+10:00,1
51,2025-09-20,1,11.0,17.0,28.0,2025-09-20 01:00:00+10:00,1
53,2025-09-20,21,154.0,291.0,445.0,2025-09-20 21:00:00+10:00,1
5,2025-09-20,22,751.0,819.0,1570.0,2025-09-20 22:00:00+10:00,1
5,2025-09-20,16,2461.0,1032.0,3493.0,2025-09-20 16:00:00+10:00,1
51,2025-09-20,0,54.0,29.0,83.0,2025-09-20 00:00:00+10:00,1
53,2025-09-20,0,48.0,39.0,87.0,2025-09-20 00:00:00+10:00,1
5,2025-09-20,12,1052.0,1659.0,2711.0,2025-09-20 12:00:00+10:00,1
53,2025-09-20,15,809.0,585.0,1394.0,2025-09-20 15:00:00+10:00,1
51,2025-09-20,9,55.0,86.0,141.0,2025-09-20 09:00:00+10:00,1
3,2025-09-20,12,816.0,1149.0,1965.0,2025-09-20 12:00:00+10:00,1
9,2025-09-20,15,73.0,61.0,134.0,2025-09-20 15:00:00+10:00,1
3,2025-09-20,15,1356.0,1511.0,2867.0,2025-09-20 15:00:00+10:00,1
3,2025-09-20,23,434.0,456.0,890.0,2025-09-20 23:00:00+10:00,1
5,2025-09-20,7,56.0,96.0,152.0,2025-09-20 07:00:00+10:00,1
3,2025-09-20,22,737.0,751.0,1488.0,2025-09-20 22:00:00+10:00,1
51,2025-09-20,19,120.0,76.0,196.0,2025-09-20 19:00:00+10:00,1
53,2025-09-20,3,7.0,21.0,28.0,2025-09-20 03:00:00+10:00,1
5,2025-09-20,4,20.0,34.0,54.0,2025-09-20 04:00:00+10:00,1
3,2025-09-20,9,213.0,204.0,417.0,2025-09-20 09:00:00+10:00,1
9,2025-09-20,19,42.0,48.0,90.0,2025-09-20 19:00:00+10:00,1
51,2025-09-20,17,93.0,96.0,189.0,2025-09-20 17:00:00+10:00,1
3,2025-09-20,21,920.0,1021.0,1941.0,2025-09-20 21:00:00+10:00,1
5,2025-09-20,14,1377.0,1420.0,2797.0,2025-09-20 14:00:00+10:00,1
3,2025-09-20,6,26.0,41.0,67.0,2025-09-20 06:00:00+10:00,1
5,2025-09-20,0,209.0,244.0,453.0,2025-09-20 00:00:00+10:00,1
5,2025-09-20,11,869.0,1272.0,2141.0,2025-09-20 11:00:00+10:00,1
9,2025-09-20,12,66.0,110.0,176.0,2025-09-20 12:00:00+10:00,1
5,2025-09-20,1,116.0,117.0,233.0,2025-09-20 01:00:00+10:00,1
53,2025-09-20,7,30.0,35.0,65.0,2025-09-20 07:00:00+10:00,1
51,2025-09-20,3,8.0,9.0,17.0,2025-09-20 03:00:00+10:00,1
9,2025-09-20,16,104.0,67.0,171.0,2025-09-20 16:00:00+10:00,1
3,2025-09-20,18,1012.0,1533.0,2545.0,2025-09-20 18:00:00+10:00,1
5,2025-09-20,3,34.0,56.0,90.0,2025-09-20 03:00:00+10:00,1
3,2025-09-20,4,43.0,29.0,72.0,2025-09-20 04:00:00+10:00,1
9,2025-09-20,18,68.0,39.0,107.0,2025-09-20 18:00:00+10:00,1
53,2025-09-20,13,858.0,673.0,1531.0,2025-09-20 13:00:00+10:00,1
3,2025-09-20,14,1195.0,1489.0,2684.0,2025-09-20 14:00:00+10:00,1
3,2025-09-20,3,72.0,58.0,130.0,2025-09-20 03:00:00+10:00,1
51,2025-09-20,10,73.0,83.0,156.0,2025-09-20 10:00:00+10:00,1
53,2025-09-20,23,118.0,95.0,213.0,2025-09-20 23:00:00+10:00,1
3,2025-09-20,19,1091.0,1452.0,2543.0,2025-09-20 19:00:00+10:00,1
5,2025-09-20,2,43.0,71.0,114.0,2025-09-20 02:00:00+10:00,1
53,2025-09-20,14,918.0,740.0,1658.0,2025-09-20 14:00:00+10:00,1
3,2025-09-20,13,1105.0,1269.0,2374.0,2025-09-20 13:00:00+10:00,1
9,2025-09-20,14,71.0,94.0,165.0,2025-09-20 14:00:00+10:00,1
51,2025-09-20,21,63.0,76.0,139.0,2025-09-20 21:00:00+10:00,1
3,2025-09-20,8,91.0,114.0,205.0,2025-09-20 08:00:00+10:00,1
53,2025-09-20,9,338.0,223.0,561.0,2025-09-20 09:00:00+10:00,1
9,2025-09-20,11,52.0,75.0,127.0,2025-09-20 11:00:00+10:00,1
9,2025-09-20,2,7.0,7.0,14.0,2025-09-20 02:00:00+10:00,1
5,2025-09-20,5,28.0,29.0,57.0,2025-09-20 05:00:00+10:00,1
5,2025-09-20,19,684.0,1082.0,1766.0,2025-09-20 19:00:00+10:00,1
53,2025-09-20,20,226.0,345.0,571.0,2025-09-20 20:00:00+10:00,1
9,2025-09-20,4,2.0,2.0,4.0,2025-09-20 04:00:00+10:00,1
5,2025-09-20,18,817.0,1079.0,1896.0,2025-09-20 18:00:00+10:00,1
53,2025-09-20,19,242.0,221.0,463.0,2025-09-20 19:00:00+10:00,1
51,2025-09-20,12,133.0,122.0,255.0,2025-09-20 12:00:00+10:00,1
51,2025-09-20,20,75.0,57.0,132.0,2025-09-20 20:00:00+10:00,1
53,2025-09-20,10,483.0,413.0,896.0,2025-09-20 10:00:00+10:00,1
51,2025-09-20,15,122.0,121.0,243.0,2025-09-20 15:00:00+10:00,1
51,2025-09-20,4,5.0,5.0,10.0,2025-09-20 04:00:00+10:00,1
51,2025-09-20,18,104.0,75.0,179.0,2025-09-20 18:00:00+10:00,1
53,2025-09-20,5,5.0,6.0,11.0,2025-09-20 05:00:00+10:00,1
53,2025-09-20,11,726.0,586.0,1312.0,2025-09-20 11:00:00+10:00,1
3,2025-09-20,20,1136.0,1185.0,2321.0,2025-09-20 20:00:00+10:00,1
5,2025-09-20,15,1943.0,1201.0,3144.0,2025-09-20 15:00:00+10:00,1
53,2025-09-19,14,639.0,549.0,1188.0,2025-09-19 14:00:00+10:00,1
53,2025-09-19,21,112.0,258.0,370.0,2025-09-19 21:00:00+10:00,1
51,2025-09-19,12,112.0,138.0,250.0,2025-09-19 12:00:00+10:00,1
5,2025-09-19,18,1709.0,1903.0,3612.0,2025-09-19 18:00:00+10:00,1
3,2025-09-19,1,79.0,68.0,147.0,2025-09-19 01:00:00+10:00,1
9,2025-09-19,14,450.0,254.0,704.0,2025-09-19 14:00:00+10:00,1
5,2025-09-19,13,1114.0,1174.0,2288.0,2025-09-19 13:00:00+10:00,1
9,2025-09-19,11,276.0,238.0,514.0,2025-09-19 11:00:00+10:00,1
9,2025-09-19,13,373.0,389.0,762.0,2025-09-19 13:00:00+10:00,1
3,2025-09-19,19,1228.0,1278.0,2506.0,2025-09-19 19:00:00+10:00,1
3,2025-09-19,17,1201.0,1537.0,2738.0,2025-09-19 17:00:00+10:00,1
51,2025-09-19,6,44.0,13.0,57.0,2025-09-19 06:00:00+10:00,1
3,2025-09-19,10,436.0,455.0,891.0,2025-09-19 10:00:00+10:00,1
53,2025-09-19,4,2.0,1.0,3.0,2025-09-19 04:00:00+10:00,1
53,2025-09-19,19,348.0,238.0,586.0,2025-09-19 19:00:00+10:00,1
5,2025-09-19,1,37.0,60.0,97.0,2025-09-19 01:00:00+10:00,1
3,2025-09-19,23,625.0,531.0,1156.0,2025-09-19 23:00:00+10:00,1
5,2025-09-19,23,322.0,1259.0,1581.0,2025-09-19 23:00:00+10:00,1
53,2025-09-19,3,6.0,3.0,9.0,2025-09-19 03:00:00+10:00,1
5,2025-09-19,21,1771.0,681.0,2452.0,2025-09-19 21:00:00+10:00,1
3,2025-09-19,21,1157.0,1074.0,2231.0,2025-09-19 21:00:00+10:00,1
51,2025-09-19,16,91.0,86.0,177.0,2025-09-19 16:00:00+10:00,1
53,2025-09-19,17,719.0,534.0,1253.0,2025-09-19 17:00:00+10:00,1
3,2025-09-19,3,48.0,26.0,74.0,2025-09-19 03:00:00+10:00,1
51,2025-09-19,13,137.0,122.0,259.0,2025-09-19 13:00:00+10:00,1
51,2025-09-19,14,152.0,132.0,284.0,2025-09-19 14:00:00+10:00,1
51,2025-09-19,19,63.0,69.0,132.0,2025-09-19 19:00:00+10:00,1
9,2025-09-19,21,53.0,43.0,96.0,2025-09-19 21:00:00+10:00,1
3,2025-09-19,8,192.0,247.0,439.0,2025-09-19 08:00:00+10:00,1
51,2025-09-19,20,64.0,61.0,125.0,2025-09-19 20:00:00+10:00,1
3,2025-09-19,5,14.0,38.0,52.0,2025-09-19 05:00:00+10:00,1
53,2025-09-19,12,782.0,630.0,1412.0,2025-09-19 12:00:00+10:00,1
9,2025-09-19,8,86.0,1681.0,1767.0,2025-09-19 08:00:00+10:00,1
53,2025-09-19,5,4.0,14.0,18.0,2025-09-19 05:00:00+10:00,1
3,2025-09-19,9,354.0,341.0,695.0,2025-09-19 09:00:00+10:00,1
51,2025-09-19,22,57.0,44.0,101.0,2025-09-19 22:00:00+10:00,1
9,2025-09-19,7,57.0,674.0,731.0,2025-09-19 07:00:00+10:00,1
53,2025-09-19,9,499.0,261.0,760.0,2025-09-19 09:00:00+10:00,1
3,2025-09-19,22,865.0,577.0,1442.0,2025-09-19 22:00:00+10:00,1
53,2025-09-19,8,348.0,218.0,566.0,2025-09-19 08:00:00+10:00,1
3,2025-09-19,15,1062.0,1133.0,2195.0,2025-09-19 15:00:00+10:00,1
51,2025-09-19,8,57.0,64.0,121.0,2025-09-19 08:00:00+10:00,1
5,2025-09-19,4,28.0,15.0,43.0,2025-09-19 04:00:00+10:00,1
53,2025-09-19,22,102.0,194.0,296.0,2025-09-19 22:00:00+10:00,1
53,2025-09-19,1,7.0,13.0,20.0,2025-09-19 01:00:00+10:00,1
5,2025-09-19,11,761.0,1112.0,1873.0,2025-09-19 11:00:00+10:00,1
5,2025-09-19,19,1057.0,1227.0,2284.0,2025-09-19 19:00:00+10:00,1
9,2025-09-19,19,116.0,85.0,201.0,2025-09-19 19:00:00+10:00,1
51,2025-09-19,3,2.0,3.0,5.0,2025-09-19 03:00:00+10:00,1
9,2025-09-19,4,5.0,7.0,12.0,2025-09-19 04:00:00+10:00,1
9,2025-09-19,18,439.0,93.0,532.0,2025-09-19 18:00:00+10:00,1
3,2025-09-19,20,1197.0,1199.0,2396.0,2025-09-19 20:00:00+10:00,1
9,2025-09-19,2,5.0,3.0,8.0,2025-09-19 02:00:00+10:00,1
53,2025-09-19,20,271.0,236.0,507.0,2025-09-19 20:00:00+10:00,1
5,2025-09-19,17,1771.0,1753.0,3524.0,2025-09-19 17:00:00+10:00,1
9,2025-09-19,22,53.0,49.0,102.0,2025-09-19 22:00:00+10:00,1
53,2025-09-19,11,665.0,489.0,1154.0,2025-09-19 11:00:00+10:00,1
53,2025-09-19,15,631.0,583.0,1214.0,2025-09-19 15:00:00+10:00,1
9,2025-09-19,6,25.0,214.0,239.0,2025-09-19 06:00:00+10:00,1
51,2025-09-19,11,105.0,82.0,187.0,2025-09-19 11:00:00+10:00,1
51,2025-09-19,2,5.0,3.0,8.0,2025-09-19 02:00:00+10:00,1
5,2025-09-19,22,497.0,1069.0,1566.0,2025-09-19 22:00:00+10:00,1
9,2025-09-19,23,38.0,101.0,139.0,2025-09-19 23:00:00+10:00,1
51,2025-09-19,7,51.0,34.0,85.0,2025-09-19 07:00:00+10:00,1
51,2025-09-19,15,101.0,101.0,202.0,2025-09-19 15:00:00+10:00,1
3,2025-09-19,14,1043.0,1115.0,2158.0,2025-09-19 14:00:00+10:00,1
5,2025-09-19,9,455.0,802.0,1257.0,2025-09-19 09:00:00+10:00,1
53,2025-09-19,6,41.0,27.0,68.0,2025-09-19 06:00:00+10:00,1
3,2025-09-19,2,50.0,38.0,88.0,2025-09-19 02:00:00+10:00,1
5,2025-09-19,15,1319.0,1175.0,2494.0,2025-09-19 15:00:00+10:00,1
5,2025-09-19,16,1336.0,1144.0,2480.0,2025-09-19 16:00:00+10:00,1
5,2025-09-19,20,1047.0,932.0,1979.0,2025-09-19 20:00:00+10:00,1
9,2025-09-19,3,0.0,2.0,2.0,2025-09-19 03:00:00+10:00,1
3,2025-09-19,11,553.0,737.0,1290.0,2025-09-19 11:00:00+10:00,1
5,2025-09-19,8,442.0,683.0,1125.0,2025-09-19 08:00:00+10:00,1
9,2025-09-19,16,1168.0,167.0,1335.0,2025-09-19 16:00:00+10:00,1
53,2025-09-19,10,427.0,407.0,834.0,2025-09-19 10:00:00+10:00,1
51,2025-09-19,5,10.0,9.0,19.0,2025-09-19 05:00:00+10:00,1
3,2025-09-19,6,25.0,69.0,94.0,2025-09-19 06:00:00+10:00,1
51,2025-09-19,10,113.0,91.0,204.0,2025-09-19 10:00:00+10:00,1
9,2025-09-19,12,544.0,471.0,1015.0,2025-09-19 12:00:00+10:00,1
9,2025-09-19,5,18.0,28.0,46.0,2025-09-19 05:00:00+10:00,1
5,2025-09-19,3,25.0,33.0,58.0,2025-09-19 03:00:00+10:00,1
53,2025-09-19,16,737.0,585.0,1322.0,2025-09-19 16:00:00+10:00,1
53,2025-09-19,7,127.0,85.0,212.0,2025-09-19 07:00:00+10:00,1
51,2025-09-19,21,51.0,46.0,97.0,2025-09-19 21:00:00+10:00,1
5,2025-09-19,12,1021.0,1258.0,2279.0,2025-09-19 12:00:00+10:00,1
5,2025-09-19,5,57.0,65.0,122.0,2025-09-19 05:00:00+10:00,1
53,2025-09-19,0,19.0,20.0,39.0,2025-09-19 00:00:00+10:00,1
9,2025-09-19,9,135.0,1032.0,1167.0,2025-09-19 09:00:00+10:00,1
5,2025-09-19,14,1206.0,1101.0,2307.0,2025-09-19 14:00:00+10:00,1
51,2025-09-19,17,98.0,94.0,192.0,2025-09-19 17:00:00+10:00,1
3,2025-09-19,13,1039.0,1051.0,2090.0,2025-09-19 13:00:00+10:00,1
9,2025-09-19,20,75.0,57.0,132.0,2025-09-19 20:00:00+10:00,1
5,2025-09-19,10,406.0,1037.0,1443.0,2025-09-19 10:00:00+10:00,1
53,2025-09-19,23,77.0,237.0,314.0,2025-09-19 23:00:00+10:00,1
51,2025-09-19,18,119.0,77.0,196.0,2025-09-19 18:00:00+10:00,1
53,2025-09-19,13,834.0,658.0,1492.0,2025-09-19 13:00:00+10:00,1
3,2025-09-19,4,37.0,31.0,68.0,2025-09-19 04:00:00+10:00,1
51,2025-09-19,23,37.0,34.0,71.0,2025-09-19 23:00:00+10:00,1
3,2025-09-19,18,1252.0,1535.0,2787.0,2025-09-19 18:00:00+10:00,1
5,2025-09-19,6,103.0,260.0,363.0,2025-09-19 06:00:00+10:00,1
9,2025-09-19,17,1095.0,153.0,1248.0,2025-09-19 17:00:00+10:00,1
3,2025-09-19,7,75.0,135.0,210.0,2025-09-19 07:00:00+10:00,1
51,2025-09-19,4,5.0,7.0,12.0,2025-09-19 04:00:00+10:00,1
51,2025-09-19,1,11.0,11.0,22.0,2025-09-19 01:00:00+10:00,1
3,2025-09-19,0,152.0,148.0,300.0,2025-09-19 00:00:00+10:00,1
9,2025-09-19,10,184.0,386.0,570.0,2025-09-19 10:00:00+10:00,1
53,2025-09-19,2,0.0,11.0,11.0,2025-09-19 02:00:00+10:00,1
9,2025-09-19,15,716.0,158.0,874.0,2025-09-19 15:00:00+10:00,1
5,2025-09-19,0,101.0,61.0,162.0,2025-09-19 00:00:00+10:00,1
3,2025-09-19,16,1258.0,1306.0,2564.0,2025-09-19 16:00:00+10:00,1
9,2025-09-19,0,13.0,2.0,15.0,2025-09-19 00:00:00+10:00,1
9,2025-09-19,1,2.0,5.0,7.0,2025-09-19 01:00:00+10:00,1
51,2025-09-19,9,78.0,80.0,158.0,2025-09-19 09:00:00+10:00,1
51,2025-09-19,0,35.0,17.0,52.0,2025-09-19 00:00:00+10:00,1
5,2025-09-19,2,17.0,14.0,31.0,2025-09-19 02:00:00+10:00,1
53,2025-09-19,18,611.0,404.0,1015.0,2025-09-19 18:00:00+10:00,1
3,2025-09-19,12,889.0,1104.0,1993.0,2025-09-19 12:00:00+10:00,1
5,2025-09-19,7,244.0,344.0,588.0,2025-09-19 07:00:00+10:00,1
9,2025-09-18,17,2672.0,225.0,2897.0,2025-09-18 17:00:00+10:00,1
53,2025-09-18,8,457.0,279.0,736.0,2025-09-18 08:00:00+10:00,1
3,2025-09-18,7,111.0,163.0,274.0,2025-09-18 07:00:00+10:00,1
51,2025-09-18,20,57.0,50.0,107.0,2025-09-18 20:00:00+10:00,1
53,2025-09-18,10,451.0,370.0,821.0,2025-09-18 10:00:00+10:00,1
3,2025-09-18,15,1080.0,1049.0,2129.0,2025-09-18 15:00:00+10:00,1
5,2025-09-18,6,113.0,317.0,430.0,2025-09-18 06:00:00+10:00,1
9,2025-09-18,13,569.0,498.0,1067.0,2025-09-18 13:00:00+10:00,1
3,2025-09-18,12,1119.0,1279.0,2398.0,2025-09-18 12:00:00+10:00,1
9,2025-09-18,0,10.0,10.0,20.0,2025-09-18 00:00:00+10:00,1
3,2025-09-18,5,12.0,41.0,53.0,2025-09-18 05:00:00+10:00,1
9,2025-09-18,22,88.0,29.0,117.0,2025-09-18 22:00:00+10:00,1
53,2025-09-18,16,623.0,535.0,1158.0,2025-09-18 16:00:00+10:00,1
5,2025-09-18,19,639.0,924.0,1563.0,2025-09-18 19:00:00+10:00,1
51,2025-09-18,22,37.0,28.0,65.0,2025-09-18 22:00:00+10:00,1
9,2025-09-18,5,21.0,36.0,57.0,2025-09-18 05:00:00+10:00,1
51,2025-09-18,15,127.0,127.0,254.0,2025-09-18 15:00:00+10:00,1
9,2025-09-18,12,703.0,655.0,1358.0,2025-09-18 12:00:00+10:00,1
53,2025-09-18,4,6.0,2.0,8.0,2025-09-18 04:00:00+10:00,1
51,2025-09-18,14,133.0,135.0,268.0,2025-09-18 14:00:00+10:00,1
53,2025-09-18,14,681.0,585.0,1266.0,2025-09-18 14:00:00+10:00,1
51,2025-09-18,3,6.0,8.0,14.0,2025-09-18 03:00:00+10:00,1
5,2025-09-18,3,29.0,15.0,44.0,2025-09-18 03:00:00+10:00,1
9,2025-09-18,6,34.0,314.0,348.0,2025-09-18 06:00:00+10:00,1
5,2025-09-18,7,329.0,517.0,846.0,2025-09-18 07:00:00+10:00,1
5,2025-09-18,9,438.0,1017.0,1455.0,2025-09-18 09:00:00+10:00,1
53,2025-09-18,23,41.0,44.0,85.0,2025-09-18 23:00:00+10:00,1
3,2025-09-18,3,18.0,14.0,32.0,2025-09-18 03:00:00+10:00,1
53,2025-09-18,5,10.0,9.0,19.0,2025-09-18 05:00:00+10:00,1
53,2025-09-18,1,8.0,13.0,21.0,2025-09-18 01:00:00+10:00,1
51,2025-09-18,11,109.0,134.0,243.0,2025-09-18 11:00:00+10:00,1
3,2025-09-18,23,234.0,246.0,480.0,2025-09-18 23:00:00+10:00,1
5,2025-09-18,11,834.0,1052.0,1886.0,2025-09-18 11:00:00+10:00,1
9,2025-09-18,10,228.0,495.0,723.0,2025-09-18 10:00:00+10:00,1
51,2025-09-18,4,0.0,3.0,3.0,2025-09-18 04:00:00+10:00,1
3,2025-09-18,14,984.0,1060.0,2044.0,2025-09-18 14:00:00+10:00,1
9,2025-09-18,2,4.0,4.0,8.0,2025-09-18 02:00:00+10:00,1
53,2025-09-18,22,81.0,106.0,187.0,2025-09-18 22:00:00+10:00,1
5,2025-09-18,21,1157.0,601.0,1758.0,2025-09-18 21:00:00+10:00,1
9,2025-09-18,8,148.0,3377.0,3525.0,2025-09-18 08:00:00+10:00,1
3,2025-09-18,2,27.0,20.0,47.0,2025-09-18 02:00:00+10:00,1
5,2025-09-18,14,1126.0,1008.0,2134.0,2025-09-18 14:00:00+10:00,1
3,2025-09-18,16,1113.0,1331.0,2444.0,2025-09-18 16:00:00+10:00,1
53,2025-09-18,17,688.0,511.0,1199.0,2025-09-18 17:00:00+10:00,1
3,2025-09-18,21,849.0,775.0,1624.0,2025-09-18 21:00:00+10:00,1
3,2025-09-18,0,103.0,82.0,185.0,2025-09-18 00:00:00+10:00,1
5,2025-09-18,10,467.0,990.0,1457.0,2025-09-18 10:00:00+10:00,1
9,2025-09-18,14,527.0,289.0,816.0,2025-09-18 14:00:00+10:00,1
51,2025-09-18,1,9.0,23.0,32.0,2025-09-18 01:00:00+10:00,1
53,2025-09-18,13,880.0,787.0,1667.0,2025-09-18 13:00:00+10:00,1
51,2025-09-18,0,20.0,14.0,34.0,2025-09-18 00:00:00+10:00,1
3,2025-09-18,19,998.0,1083.0,2081.0,2025-09-18 19:00:00+10:00,1
9,2025-09-18,19,260.0,80.0,340.0,2025-09-18 19:00:00+10:00,1
51,2025-09-18,9,128.0,95.0,223.0,2025-09-18 09:00:00+10:00,1
51,2025-09-18,2,18.0,6.0,24.0,2025-09-18 02:00:00+10:00,1
3,2025-09-18,11,611.0,790.0,1401.0,2025-09-18 11:00:00+10:00,1
5,2025-09-18,5,41.0,74.0,115.0,2025-09-18 05:00:00+10:00,1
53,2025-09-18,2,6.0,2.0,8.0,2025-09-18 02:00:00+10:00,1
9,2025-09-18,4,8.0,2.0,10.0,2025-09-18 04:00:00+10:00,1
51,2025-09-18,12,147.0,144.0,291.0,2025-09-18 12:00:00+10:00,1
5,2025-09-18,23,185.0,158.0,343.0,2025-09-18 23:00:00+10:00,1
5,2025-09-18,1,30.0,26.0,56.0,2025-09-18 01:00:00+10:00,1
3,2025-09-18,6,38.0,92.0,130.0,2025-09-18 06:00:00+10:00,1
51,2025-09-18,17,106.0,100.0,206.0,2025-09-18 17:00:00+10:00,1
53,2025-09-18,21,158.0,242.0,400.0,2025-09-18 21:00:00+10:00,1
3,2025-09-18,18,1197.0,1415.0,2612.0,2025-09-18 18:00:00+10:00,1
5,2025-09-18,12,1182.0,1212.0,2394.0,2025-09-18 12:00:00+10:00,1
51,2025-09-18,5,10.0,7.0,17.0,2025-09-18 05:00:00+10:00,1
5,2025-09-18,4,23.0,9.0,32.0,2025-09-18 04:00:00+10:00,1
3,2025-09-18,13,1068.0,1112.0,2180.0,2025-09-18 13:00:00+10:00,1
9,2025-09-18,1,0.0,3.0,3.0,2025-09-18 01:00:00+10:00,1
53,2025-09-18,3,8.0,4.0,12.0,2025-09-18 03:00:00+10:00,1
9,2025-09-18,3,4.0,2.0,6.0,2025-09-18 03:00:00+10:00,1
51,2025-09-18,18,80.0,80.0,160.0,2025-09-18 18:00:00+10:00,1
5,2025-09-18,13,1137.0,1229.0,2366.0,2025-09-18 13:00:00+10:00,1
5,2025-09-18,15,1225.0,1033.0,2258.0,2025-09-18 15:00:00+10:00,1
3,2025-09-18,8,253.0,346.0,599.0,2025-09-18 08:00:00+10:00,1
3,2025-09-18,22,613.0,439.0,1052.0,2025-09-18 22:00:00+10:00,1
51,2025-09-18,13,160.0,118.0,278.0,2025-09-18 13:00:00+10:00,1
9,2025-09-18,23,24.0,13.0,37.0,2025-09-18 23:00:00+10:00,1
5,2025-09-18,0,47.0,54.0,101.0,2025-09-18 00:00:00+10:00,1
3,2025-09-18,1,60.0,46.0,106.0,2025-09-18 01:00:00+10:00,1
9,2025-09-18,9,165.0,1728.0,1893.0,2025-09-18 09:00:00+10:00,1
5,2025-09-18,2,19.0,25.0,44.0,2025-09-18 02:00:00+10:00,1
51,2025-09-18,16,87.0,96.0,183.0,2025-09-18 16:00:00+10:00,1
9,2025-09-18,18,931.0,155.0,1086.0,2025-09-18 18:00:00+10:00,1
5,2025-09-18,20,621.0,647.0,1268.0,2025-09-18 20:00:00+10:00,1
51,2025-09-18,6,38.0,25.0,63.0,2025-09-18 06:00:00+10:00,1
51,2025-09-18,10,93.0,65.0,158.0,2025-09-18 10:00:00+10:00,1
9,2025-09-18,15,994.0,182.0,1176.0,2025-09-18 15:00:00+10:00,1
53,2025-09-18,18,470.0,329.0,799.0,2025-09-18 18:00:00+10:00,1
53,2025-09-18,19,227.0,189.0,416.0,2025-09-18 19:00:00+10:00,1
53,2025-09-18,15,603.0,529.0,1132.0,2025-09-18 15:00:00+10:00,1
53,2025-09-18,0,13.0,22.0,35.0,2025-09-18 00:00:00+10:00,1
3,2025-09-18,17,1252.0,1486.0,2738.0,2025-09-18 17:00:00+10:00,1
5,2025-09-18,18,1219.0,1421.0,2640.0,2025-09-18 18:00:00+10:00,1
5,2025-09-18,22,374.0,400.0,774.0,2025-09-18 22:00:00+10:00,1
53,2025-09-18,11,572.0,534.0,1106.0,2025-09-18 11:00:00+10:00,1
3,2025-09-18,10,422.0,483.0,905.0,2025-09-18 10:00:00+10:00,1
51,2025-09-18,7,37.0,20.0,57.0,2025-09-18 07:00:00+10:00,1
53,2025-09-18,6,31.0,53.0,84.0,2025-09-18 06:00:00+10:00,1
5,2025-09-18,17,1574.0,1340.0,2914.0,2025-09-18 17:00:00+10:00,1
9,2025-09-18,21,83.0,59.0,142.0,2025-09-18 21:00:00+10:00,1
51,2025-09-18,23,42.0,39.0,81.0,2025-09-18 23:00:00+10:00,1
53,2025-09-18,12,860.0,748.0,1608.0,2025-09-18 12:00:00+10:00,1
51,2025-09-18,21,43.0,34.0,77.0,2025-09-18 21:00:00+10:00,1
53,2025-09-18,7,152.0,104.0,256.0,2025-09-18 07:00:00+10:00,1
3,2025-09-18,20,948.0,958.0,1906.0,2025-09-18 20:00:00+10:00,1
53,2025-09-18,20,183.0,188.0,371.0,2025-09-18 20:00:00+10:00,1
3,2025-09-18,4,23.0,15.0,38.0,2025-09-18 04:00:00+10:00,1
51,2025-09-18,8,52.0,63.0,115.0,2025-09-18 08:00:00+10:00,1
9,2025-09-18,7,65.0,1226.0,1291.0,2025-09-18 07:00:00+10:00,1
5,2025-09-18,16,1376.0,1005.0,2381.0,2025-09-18 16:00:00+10:00,1
53,2025-09-18,9,432.0,315.0,747.0,2025-09-18 09:00:00+10:00,1
5,2025-09-18,8,528.0,1073.0,1601.0,2025-09-18 08:00:00+10:00,1
51,2025-09-18,19,55.0,55.0,110.0,2025-09-18 19:00:00+10:00,1
9,2025-09-18,20,130.0,78.0,208.0,2025-09-18 20:00:00+10:00,1
9,2025-09-18,16,2185.0,131.0,2316.0,2025-09-18 16:00:00+10:00,1
9,2025-09-18,11,303.0,368.0,671.0,2025-09-18 11:00:00+10:00,1
3,2025-09-18,9,297.0,383.0,680.0,2025-09-18 09:00:00+10:00,1
5,2025-09-17,15,1309.0,950.0,2259.0,2025-09-17 15:00:00+10:00,1
53,2025-09-17,12,1040.0,731.0,1771.0,2025-09-17 12:00:00+10:00,1
53,2025-09-17,11,592.0,456.0,1048.0,2025-09-17 11:00:00+10:00,1
53,2025-09-17,4,2.0,3.0,5.0,2025-09-17 04:00:00+10:00,1
5,2025-09-17,0,36.0,54.0,90.0,2025-09-17 00:00:00+10:00,1
51,2025-09-17,12,111.0,88.0,199.0,2025-09-17 12:00:00+10:00,1
51,2025-09-17,21,41.0,43.0,84.0,2025-09-17 21:00:00+10:00,1
9,2025-09-17,12,815.0,627.0,1442.0,2025-09-17 12:00:00+10:00,1
3,2025-09-17,2,37.0,12.0,49.0,2025-09-17 02:00:00+10:00,1
9,2025-09-17,9,174.0,1804.0,1978.0,2025-09-17 09:00:00+10:00,1
9,2025-09-17,13,477.0,578.0,1055.0,2025-09-17 13:00:00+10:00,1
5,2025-09-17,8,592.0,1005.0,1597.0,2025-09-17 08:00:00+10:00,1
5,2025-09-17,21,515.0,369.0,884.0,2025-09-17 21:00:00+10:00,1
9,2025-09-17,0,5.0,2.0,7.0,2025-09-17 00:00:00+10:00,1
5,2025-09-17,3,25.0,14.0,39.0,2025-09-17 03:00:00+10:00,1
53,2025-09-17,7,148.0,101.0,249.0,2025-09-17 07:00:00+10:00,1
53,2025-09-17,0,15.0,16.0,31.0,2025-09-17 00:00:00+10:00,1
3,2025-09-17,13,1100.0,1319.0,2419.0,2025-09-17 13:00:00+10:00,1
51,2025-09-17,9,64.0,55.0,119.0,2025-09-17 09:00:00+10:00,1
3,2025-09-17,20,800.0,787.0,1587.0,2025-09-17 20:00:00+10:00,1
53,2025-09-17,15,557.0,507.0,1064.0,2025-09-17 15:00:00+10:00,1
3,2025-09-17,11,615.0,701.0,1316.0,2025-09-17 11:00:00+10:00,1
53,2025-09-17,2,0.0,5.0,5.0,2025-09-17 02:00:00+10:00,1
5,2025-09-17,11,712.0,1045.0,1757.0,2025-09-17 11:00:00+10:00,1
3,2025-09-17,1,81.0,52.0,133.0,2025-09-17 01:00:00+10:00,1
3,2025-09-17,15,910.0,1003.0,1913.0,2025-09-17 15:00:00+10:00,1
9,2025-09-17,16,2763.0,132.0,2895.0,2025-09-17 16:00:00+10:00,1
9,2025-09-17,7,74.0,1254.0,1328.0,2025-09-17 07:00:00+10:00,1
3,2025-09-17,0,94.0,89.0,183.0,2025-09-17 00:00:00+10:00,1
9,2025-09-17,15,1072.0,133.0,1205.0,2025-09-17 15:00:00+10:00,1
5,2025-09-17,20,511.0,498.0,1009.0,2025-09-17 20:00:00+10:00,1
9,2025-09-17,19,194.0,71.0,265.0,2025-09-17 19:00:00+10:00,1
53,2025-09-17,3,2.0,4.0,6.0,2025-09-17 03:00:00+10:00,1
9,2025-09-17,23,19.0,9.0,28.0,2025-09-17 23:00:00+10:00,1
9,2025-09-17,5,18.0,43.0,61.0,2025-09-17 05:00:00+10:00,1
53,2025-09-17,8,432.0,266.0,698.0,2025-09-17 08:00:00+10:00,1
9,2025-09-17,14,602.0,247.0,849.0,2025-09-17 14:00:00+10:00,1
9,2025-09-17,8,114.0,3433.0,3547.0,2025-09-17 08:00:00+10:00,1
3,2025-09-17,6,25.0,69.0,94.0,2025-09-17 06:00:00+10:00,1
53,2025-09-17,1,5.0,6.0,11.0,2025-09-17 01:00:00+10:00,1
9,2025-09-17,22,48.0,29.0,77.0,2025-09-17 22:00:00+10:00,1
3,2025-09-17,18,965.0,1228.0,2193.0,2025-09-17 18:00:00+10:00,1
51,2025-09-17,23,30.0,24.0,54.0,2025-09-17 23:00:00+10:00,1
3,2025-09-17,4,19.0,20.0,39.0,2025-09-17 04:00:00+10:00,1
53,2025-09-17,6,37.0,48.0,85.0,2025-09-17 06:00:00+10:00,1
51,2025-09-17,1,4.0,1.0,5.0,2025-09-17 01:00:00+10:00,1
51,2025-09-17,15,100.0,80.0,180.0,2025-09-17 15:00:00+10:00,1
9,2025-09-17,6,30.0,334.0,364.0,2025-09-17 06:00:00+10:00,1
5,2025-09-17,6,113.0,322.0,435.0,2025-09-17 06:00:00+10:00,1
51,2025-09-17,4,3.0,7.0,10.0,2025-09-17 04:00:00+10:00,1
9,2025-09-17,4,3.0,0.0,3.0,2025-09-17 04:00:00+10:00,1
3,2025-09-17,17,1212.0,1334.0,2546.0,2025-09-17 17:00:00+10:00,1
3,2025-09-17,9,344.0,367.0,711.0,2025-09-17 09:00:00+10:00,1
51,2025-09-17,14,121.0,126.0,247.0,2025-09-17 14:00:00+10:00,1
53,2025-09-17,13,846.0,671.0,1517.0,2025-09-17 13:00:00+10:00,1
53,2025-09-17,17,607.0,529.0,1136.0,2025-09-17 17:00:00+10:00,1
3,2025-09-17,3,16.0,19.0,35.0,2025-09-17 03:00:00+10:00,1
9,2025-09-17,20,108.0,47.0,155.0,2025-09-17 20:00:00+10:00,1
53,2025-09-17,20,141.0,203.0,344.0,2025-09-17 20:00:00+10:00,1
5,2025-09-17,7,384.0,514.0,898.0,2025-09-17 07:00:00+10:00,1
51,2025-09-17,5,8.0,5.0,13.0,2025-09-17 05:00:00+10:00,1
3,2025-09-17,8,274.0,323.0,597.0,2025-09-17 08:00:00+10:00,1
5,2025-09-17,14,1040.0,889.0,1929.0,2025-09-17 14:00:00+10:00,1
3,2025-09-17,10,464.0,574.0,1038.0,2025-09-17 10:00:00+10:00,1
53,2025-09-17,21,124.0,220.0,344.0,2025-09-17 21:00:00+10:00,1
51,2025-09-17,3,7.0,1.0,8.0,2025-09-17 03:00:00+10:00,1
51,2025-09-17,2,3.0,4.0,7.0,2025-09-17 02:00:00+10:00,1
53,2025-09-17,23,34.0,60.0,94.0,2025-09-17 23:00:00+10:00,1
5,2025-09-17,5,52.0,70.0,122.0,2025-09-17 05:00:00+10:00,1
9,2025-09-17,17,2545.0,158.0,2703.0,2025-09-17 17:00:00+10:00,1
53,2025-09-17,22,62.0,111.0,173.0,2025-09-17 22:00:00+10:00,1
3,2025-09-17,21,631.0,558.0,1189.0,2025-09-17 21:00:00+10:00,1
3,2025-09-17,12,987.0,1318.0,2305.0,2025-09-17 12:00:00+10:00,1
51,2025-09-17,20,72.0,60.0,132.0,2025-09-17 20:00:00+10:00,1
53,2025-09-17,9,420.0,287.0,707.0,2025-09-17 09:00:00+10:00,1
9,2025-09-17,3,0.0,1.0,1.0,2025-09-17 03:00:00+10:00,1
5,2025-09-17,9,435.0,978.0,1413.0,2025-09-17 09:00:00+10:00,1
51,2025-09-17,11,72.0,70.0,142.0,2025-09-17 11:00:00+10:00,1
9,2025-09-17,21,42.0,34.0,76.0,2025-09-17 21:00:00+10:00,1
9,2025-09-17,2,0.0,3.0,3.0,2025-09-17 02:00:00+10:00,1
3,2025-09-17,16,968.0,1052.0,2020.0,2025-09-17 16:00:00+10:00,1
51,2025-09-17,6,46.0,17.0,63.0,2025-09-17 06:00:00+10:00,1
3,2025-09-17,22,379.0,274.0,653.0,2025-09-17 22:00:00+10:00,1
5,2025-09-17,23,93.0,119.0,212.0,2025-09-17 23:00:00+10:00,1
51,2025-09-17,22,38.0,38.0,76.0,2025-09-17 22:00:00+10:00,1
9,2025-09-17,18,861.0,114.0,975.0,2025-09-17 18:00:00+10:00,1
53,2025-09-17,18,487.0,323.0,810.0,2025-09-17 18:00:00+10:00,1
3,2025-09-17,7,96.0,160.0,256.0,2025-09-17 07:00:00+10:00,1
53,2025-09-17,19,212.0,168.0,380.0,2025-09-17 19:00:00+10:00,1
5,2025-09-17,1,20.0,50.0,70.0,2025-09-17 01:00:00+10:00,1
51,2025-09-17,0,14.0,14.0,28.0,2025-09-17 00:00:00+10:00,1
9,2025-09-17,11,328.0,318.0,646.0,2025-09-17 11:00:00+10:00,1
5,2025-09-17,12,1131.0,1001.0,2132.0,2025-09-17 12:00:00+10:00,1
51,2025-09-17,13,104.0,105.0,209.0,2025-09-17 13:00:00+10:00,1
51,2025-09-17,7,42.0,42.0,84.0,2025-09-17 07:00:00+10:00,1
51,2025-09-17,19,83.0,93.0,176.0,2025-09-17 19:00:00+10:00,1
9,2025-09-17,10,232.0,638.0,870.0,2025-09-17 10:00:00+10:00,1
5,2025-09-17,22,199.0,306.0,505.0,2025-09-17 22:00:00+10:00,1
5,2025-09-17,17,1544.0,1186.0,2730.0,2025-09-17 17:00:00+10:00,1
53,2025-09-17,16,530.0,568.0,1098.0,2025-09-17 16:00:00+10:00,1
53,2025-09-17,10,436.0,382.0,818.0,2025-09-17 10:00:00+10:00,1
3,2025-09-17,5,16.0,29.0,45.0,2025-09-17 05:00:00+10:00,1
53,2025-09-17,14,668.0,631.0,1299.0,2025-09-17 14:00:00+10:00,1
5,2025-09-17,16,1294.0,832.0,2126.0,2025-09-17 16:00:00+10:00,1
5,2025-09-17,2,31.0,11.0,42.0,2025-09-17 02:00:00+10:00,1
5,2025-09-17,10,374.0,1047.0,1421.0,2025-09-17 10:00:00+10:00,1
51,2025-09-17,8,68.0,56.0,124.0,2025-09-17 08:00:00+10:00,1
5,2025-09-17,19,635.0,624.0,1259.0,2025-09-17 19:00:00+10:00,1
51,2025-09-17,16,91.0,116.0,207.0,2025-09-17 16:00:00+10:00,1
51,2025-09-17,10,90.0,60.0,150.0,2025-09-17 10:00:00+10:00,1
51,2025-09-17,18,115.0,106.0,221.0,2025-09-17 18:00:00+10:00,1
51,2025-09-17,17,86.0,122.0,208.0,2025-09-17 17:00:00+10:00,1
9,2025-09-17,1,3.0,1.0,4.0,2025-09-17 01:00:00+10:00,1
5,2025-09-17,18,1040.0,1073.0,2113.0,2025-09-17 18:00:00+10:00,1
5,2025-09-17,4,22.0,6.0,28.0,2025-09-17 04:00:00+10:00,1
5,2025-09-17,13,1204.0,1131.0,2335.0,2025-09-17 13:00:00+10:00,1
3,2025-09-17,14,992.0,1012.0,2004.0,2025-09-17 14:00:00+10:00,1
53,2025-09-17,5,7.0,10.0,17.0,2025-09-17 05:00:00+10:00,1
3,2025-09-17,23,249.0,187.0,436.0,2025-09-17 23:00:00+10:00,1
3,2025-09-17,19,917.0,980.0,1897.0,2025-09-17 19:00:00+10:00,1
53,2025-09-16,12,942.0,776.0,1718.0,2025-09-16 12:00:00+10:00,1
9,2025-09-16,14,620.0,263.0,883.0,2025-09-16 14:00:00+10:00,1
53,2025-09-16,21,113.0,136.0,249.0,2025-09-16 21:00:00+10:00,1
9,2025-09-16,7,69.0,1423.0,1492.0,2025-09-16 07:00:00+10:00,1
53,2025-09-16,6,40.0,46.0,86.0,2025-09-16 06:00:00+10:00,1
9,2025-09-16,6,24.0,370.0,394.0,2025-09-16 06:00:00+10:00,1
51,2025-09-16,15,89.0,60.0,149.0,2025-09-16 15:00:00+10:00,1
5,2025-09-16,17,593.0,377.0,970.0,2025-09-16 17:00:00+10:00,1
9,2025-09-16,15,1054.0,175.0,1229.0,2025-09-16 15:00:00+10:00,1
5,2025-09-16,22,222.0,240.0,462.0,2025-09-16 22:00:00+10:00,1
51,2025-09-16,10,95.0,97.0,192.0,2025-09-16 10:00:00+10:00,1
5,2025-09-16,10,303.0,817.0,1120.0,2025-09-16 10:00:00+10:00,1
3,2025-09-16,11,682.0,777.0,1459.0,2025-09-16 11:00:00+10:00,1
9,2025-09-16,13,567.0,507.0,1074.0,2025-09-16 13:00:00+10:00,1
53,2025-09-16,0,16.0,23.0,39.0,2025-09-16 00:00:00+10:00,1
53,2025-09-16,7,168.0,118.0,286.0,2025-09-16 07:00:00+10:00,1
5,2025-09-16,8,510.0,975.0,1485.0,2025-09-16 08:00:00+10:00,1
9,2025-09-16,5,18.0,49.0,67.0,2025-09-16 05:00:00+10:00,1
3,2025-09-16,8,276.0,320.0,596.0,2025-09-16 08:00:00+10:00,1
5,2025-09-16,20,376.0,379.0,755.0,2025-09-16 20:00:00+10:00,1
3,2025-09-16,3,23.0,12.0,35.0,2025-09-16 03:00:00+10:00,1
53,2025-09-16,3,2.0,3.0,5.0,2025-09-16 03:00:00+10:00,1
9,2025-09-16,23,13.0,10.0,23.0,2025-09-16 23:00:00+10:00,1
53,2025-09-16,10,357.0,354.0,711.0,2025-09-16 10:00:00+10:00,1
9,2025-09-16,10,182.0,571.0,753.0,2025-09-16 10:00:00+10:00,1
53,2025-09-16,17,345.0,254.0,599.0,2025-09-16 17:00:00+10:00,1
51,2025-09-16,12,198.0,153.0,351.0,2025-09-16 12:00:00+10:00,1
5,2025-09-16,19,388.0,436.0,824.0,2025-09-16 19:00:00+10:00,1
51,2025-09-16,23,15.0,21.0,36.0,2025-09-16 23:00:00+10:00,1
3,2025-09-16,22,336.0,297.0,633.0,2025-09-16 22:00:00+10:00,1
9,2025-09-16,8,143.0,3468.0,3611.0,2025-09-16 08:00:00+10:00,1
3,2025-09-16,5,11.0,33.0,44.0,2025-09-16 05:00:00+10:00,1
9,2025-09-16,17,1963.0,124.0,2087.0,2025-09-16 17:00:00+10:00,1
3,2025-09-16,16,812.0,818.0,1630.0,2025-09-16 16:00:00+10:00,1
3,2025-09-16,12,1161.0,1179.0,2340.0,2025-09-16 12:00:00+10:00,1
51,2025-09-16,11,110.0,104.0,214.0,2025-09-16 11:00:00+10:00,1
3,2025-09-16,15,1040.0,1041.0,2081.0,2025-09-16 15:00:00+10:00,1
3,2025-09-16,7,97.0,141.0,238.0,2025-09-16 07:00:00+10:00,1
51,2025-09-16,4,2.0,3.0,5.0,2025-09-16 04:00:00+10:00,1
51,2025-09-16,14,130.0,112.0,242.0,2025-09-16 14:00:00+10:00,1
3,2025-09-16,14,934.0,1059.0,1993.0,2025-09-16 14:00:00+10:00,1
51,2025-09-16,6,40.0,12.0,52.0,2025-09-16 06:00:00+10:00,1
5,2025-09-16,18,667.0,654.0,1321.0,2025-09-16 18:00:00+10:00,1
53,2025-09-16,1,10.0,5.0,15.0,2025-09-16 01:00:00+10:00,1
53,2025-09-16,15,582.0,496.0,1078.0,2025-09-16 15:00:00+10:00,1
53,2025-09-16,11,508.0,500.0,1008.0,2025-09-16 11:00:00+10:00,1
5,2025-09-16,15,1003.0,797.0,1800.0,2025-09-16 15:00:00+10:00,1
53,2025-09-16,18,374.0,260.0,634.0,2025-09-16 18:00:00+10:00,1
53,2025-09-16,23,20.0,30.0,50.0,2025-09-16 23:00:00+10:00,1
53,2025-09-16,5,10.0,8.0,18.0,2025-09-16 05:00:00+10:00,1
51,2025-09-16,22,29.0,36.0,65.0,2025-09-16 22:00:00+10:00,1
3,2025-09-16,4,11.0,18.0,29.0,2025-09-16 04:00:00+10:00,1
5,2025-09-16,2,13.0,32.0,45.0,2025-09-16 02:00:00+10:00,1
9,2025-09-16,19,186.0,58.0,244.0,2025-09-16 19:00:00+10:00,1
5,2025-09-16,1,18.0,15.0,33.0,2025-09-16 01:00:00+10:00,1
53,2025-09-16,14,660.0,562.0,1222.0,2025-09-16 14:00:00+10:00,1
5,2025-09-16,16,796.0,493.0,1289.0,2025-09-16 16:00:00+10:00,1
3,2025-09-16,9,334.0,382.0,716.0,2025-09-16 09:00:00+10:00,1
5,2025-09-16,3,27.0,11.0,38.0,2025-09-16 03:00:00+10:00,1
5,2025-09-16,12,1017.0,1010.0,2027.0,2025-09-16 12:00:00+10:00,1
51,2025-09-16,5,5.0,7.0,12.0,2025-09-16 05:00:00+10:00,1
3,2025-09-16,23,184.0,177.0,361.0,2025-09-16 23:00:00+10:00,1
5,2025-09-16,13,984.0,925.0,1909.0,2025-09-16 13:00:00+10:00,1
9,2025-09-16,16,2190.0,94.0,2284.0,2025-09-16 16:00:00+10:00,1
3,2025-09-16,0,70.0,60.0,130.0,2025-09-16 00:00:00+10:00,1
53,2025-09-16,8,472.0,275.0,747.0,2025-09-16 08:00:00+10:00,1
9,2025-09-16,1,2.0,8.0,10.0,2025-09-16 01:00:00+10:00,1
5,2025-09-16,7,321.0,519.0,840.0,2025-09-16 07:00:00+10:00,1
53,2025-09-16,4,3.0,6.0,9.0,2025-09-16 04:00:00+10:00,1
53,2025-09-16,13,815.0,690.0,1505.0,2025-09-16 13:00:00+10:00,1
51,2025-09-16,9,85.0,88.0,173.0,2025-09-16 09:00:00+10:00,1
5,2025-09-16,6,110.0,323.0,433.0,2025-09-16 06:00:00+10:00,1
5,2025-09-16,0,50.0,55.0,105.0,2025-09-16 00:00:00+10:00,1
51,2025-09-16,7,44.0,20.0,64.0,2025-09-16 07:00:00+10:00,1
9,2025-09-16,4,6.0,1.0,7.0,2025-09-16 04:00:00+10:00,1
9,2025-09-16,18,808.0,100.0,908.0,2025-09-16 18:00:00+10:00,1
3,2025-09-16,10,585.0,565.0,1150.0,2025-09-16 10:00:00+10:00,1
51,2025-09-16,21,34.0,52.0,86.0,2025-09-16 21:00:00+10:00,1
3,2025-09-16,19,873.0,912.0,1785.0,2025-09-16 19:00:00+10:00,1
9,2025-09-16,22,48.0,15.0,63.0,2025-09-16 22:00:00+10:00,1
51,2025-09-16,2,3.0,5.0,8.0,2025-09-16 02:00:00+10:00,1
51,2025-09-16,17,96.0,78.0,174.0,2025-09-16 17:00:00+10:00,1
53,2025-09-16,20,127.0,182.0,309.0,2025-09-16 20:00:00+10:00,1
53,2025-09-16,22,57.0,79.0,136.0,2025-09-16 22:00:00+10:00,1
9,2025-09-16,12,726.0,632.0,1358.0,2025-09-16 12:00:00+10:00,1
5,2025-09-16,5,40.0,68.0,108.0,2025-09-16 05:00:00+10:00,1
3,2025-09-16,20,697.0,744.0,1441.0,2025-09-16 20:00:00+10:00,1
51,2025-09-16,1,9.0,3.0,12.0,2025-09-16 01:00:00+10:00,1
51,2025-09-16,19,68.0,67.0,135.0,2025-09-16 19:00:00+10:00,1
3,2025-09-16,13,1111.0,1136.0,2247.0,2025-09-16 13:00:00+10:00,1
51,2025-09-16,0,14.0,9.0,23.0,2025-09-16 00:00:00+10:00,1
3,2025-09-16,18,856.0,1017.0,1873.0,2025-09-16 18:00:00+10:00,1
5,2025-09-16,9,394.0,999.0,1393.0,2025-09-16 09:00:00+10:00,1
51,2025-09-16,8,43.0,48.0,91.0,2025-09-16 08:00:00+10:00,1
53,2025-09-16,19,164.0,132.0,296.0,2025-09-16 19:00:00+10:00,1
9,2025-09-16,21,71.0,40.0,111.0,2025-09-16 21:00:00+10:00,1
9,2025-09-16,20,124.0,50.0,174.0,2025-09-16 20:00:00+10:00,1
9,2025-09-16,2,6.0,11.0,17.0,2025-09-16 02:00:00+10:00,1
9,2025-09-16,9,213.0,1931.0,2144.0,2025-09-16 09:00:00+10:00,1
5,2025-09-16,21,288.0,381.0,669.0,2025-09-16 21:00:00+10:00,1
51,2025-09-16,18,79.0,81.0,160.0,2025-09-16 18:00:00+10:00,1
9,2025-09-16,0,3.0,1.0,4.0,2025-09-16 00:00:00+10:00,1
5,2025-09-16,11,715.0,842.0,1557.0,2025-09-16 11:00:00+10:00,1
3,2025-09-16,2,27.0,26.0,53.0,2025-09-16 02:00:00+10:00,1
3,2025-09-16,1,64.0,47.0,111.0,2025-09-16 01:00:00+10:00,1
51,2025-09-16,16,81.0,82.0,163.0,2025-09-16 16:00:00+10:00,1
3,2025-09-16,6,22.0,94.0,116.0,2025-09-16 06:00:00+10:00,1
51,2025-09-16,3,3.0,4.0,7.0,2025-09-16 03:00:00+10:00,1
51,2025-09-16,20,47.0,48.0,95.0,2025-09-16 20:00:00+10:00,1
5,2025-09-16,4,30.0,8.0,38.0,2025-09-16 04:00:00+10:00,1
51,2025-09-16,13,126.0,110.0,236.0,2025-09-16 13:00:00+10:00,1
3,2025-09-16,17,662.0,569.0,1231.0,2025-09-16 17:00:00+10:00,1
9,2025-09-16,11,289.0,381.0,670.0,2025-09-16 11:00:00+10:00,1
3,2025-09-16,21,543.0,556.0,1099.0,2025-09-16 21:00:00+10:00,1
53,2025-09-16,9,401.0,300.0,701.0,2025-09-16 09:00:00+10:00,1
53,2025-09-16,2,6.0,1.0,7.0,2025-09-16 02:00:00+10:00,1
9,2025-09-16,3,5.0,1.0,6.0,2025-09-16 03:00:00+10:00,1
53,2025-09-16,16,423.0,364.0,787.0,2025-09-16 16:00:00+10:00,1
5,2025-09-16,14,999.0,837.0,1836.0,2025-09-16 14:00:00+10:00,1
5,2025-09-16,23,81.0,88.0,169.0,2025-09-16 23:00:00+10:00,1
3,2025-09-15,2,38.0,24.0,62.0,2025-09-15 02:00:00+10:00,1
5,2025-09-15,14,925.0,856.0,1781.0,2025-09-15 14:00:00+10:00,1
51,2025-09-15,7,22.0,25.0,47.0,2025-09-15 07:00:00+10:00,1
5,2025-09-15,21,761.0,355.0,1116.0,2025-09-15 21:00:00+10:00,1
3,2025-09-15,8,275.0,278.0,553.0,2025-09-15 08:00:00+10:00,1
3,2025-09-15,16,986.0,1095.0,2081.0,2025-09-15 16:00:00+10:00,1
53,2025-09-15,4,6.0,13.0,19.0,2025-09-15 04:00:00+10:00,1
53,2025-09-15,18,294.0,274.0,568.0,2025-09-15 18:00:00+10:00,1
9,2025-09-15,11,268.0,269.0,537.0,2025-09-15 11:00:00+10:00,1
9,2025-09-15,17,2405.0,133.0,2538.0,2025-09-15 17:00:00+10:00,1
5,2025-09-15,0,39.0,52.0,91.0,2025-09-15 00:00:00+10:00,1
53,2025-09-15,11,530.0,470.0,1000.0,2025-09-15 11:00:00+10:00,1
9,2025-09-15,4,3.0,2.0,5.0,2025-09-15 04:00:00+10:00,1
51,2025-09-15,13,93.0,88.0,181.0,2025-09-15 13:00:00+10:00,1
53,2025-09-15,16,465.0,443.0,908.0,2025-09-15 16:00:00+10:00,1
3,2025-09-15,15,964.0,988.0,1952.0,2025-09-15 15:00:00+10:00,1
51,2025-09-15,21,35.0,48.0,83.0,2025-09-15 21:00:00+10:00,1
51,2025-09-15,14,70.0,88.0,158.0,2025-09-15 14:00:00+10:00,1
9,2025-09-15,14,493.0,214.0,707.0,2025-09-15 14:00:00+10:00,1
5,2025-09-15,11,645.0,1009.0,1654.0,2025-09-15 11:00:00+10:00,1
9,2025-09-15,0,7.0,11.0,18.0,2025-09-15 00:00:00+10:00,1
3,2025-09-15,21,616.0,590.0,1206.0,2025-09-15 21:00:00+10:00,1
51,2025-09-15,18,91.0,95.0,186.0,2025-09-15 18:00:00+10:00,1
3,2025-09-15,13,1000.0,1049.0,2049.0,2025-09-15 13:00:00+10:00,1
51,2025-09-15,16,80.0,82.0,162.0,2025-09-15 16:00:00+10:00,1
9,2025-09-15,22,32.0,25.0,57.0,2025-09-15 22:00:00+10:00,1
53,2025-09-15,19,164.0,134.0,298.0,2025-09-15 19:00:00+10:00,1
53,2025-09-15,5,6.0,5.0,11.0,2025-09-15 05:00:00+10:00,1
9,2025-09-15,20,97.0,39.0,136.0,2025-09-15 20:00:00+10:00,1
5,2025-09-15,8,483.0,973.0,1456.0,2025-09-15 08:00:00+10:00,1
5,2025-09-15,22,261.0,221.0,482.0,2025-09-15 22:00:00+10:00,1
3,2025-09-15,22,330.0,257.0,587.0,2025-09-15 22:00:00+10:00,1
3,2025-09-15,5,14.0,26.0,40.0,2025-09-15 05:00:00+10:00,1
51,2025-09-15,15,74.0,85.0,159.0,2025-09-15 15:00:00+10:00,1
51,2025-09-15,22,38.0,21.0,59.0,2025-09-15 22:00:00+10:00,1
3,2025-09-15,20,772.0,796.0,1568.0,2025-09-15 20:00:00+10:00,1
5,2025-09-15,10,379.0,916.0,1295.0,2025-09-15 10:00:00+10:00,1
9,2025-09-15,9,133.0,1354.0,1487.0,2025-09-15 09:00:00+10:00,1
9,2025-09-15,6,29.0,260.0,289.0,2025-09-15 06:00:00+10:00,1
53,2025-09-15,10,433.0,358.0,791.0,2025-09-15 10:00:00+10:00,1
53,2025-09-15,17,525.0,458.0,983.0,2025-09-15 17:00:00+10:00,1
5,2025-09-15,16,1221.0,832.0,2053.0,2025-09-15 16:00:00+10:00,1
5,2025-09-15,15,1021.0,818.0,1839.0,2025-09-15 15:00:00+10:00,1
9,2025-09-15,5,21.0,31.0,52.0,2025-09-15 05:00:00+10:00,1
3,2025-09-15,10,452.0,509.0,961.0,2025-09-15 10:00:00+10:00,1
51,2025-09-15,4,6.0,3.0,9.0,2025-09-15 04:00:00+10:00,1
5,2025-09-15,2,28.0,26.0,54.0,2025-09-15 02:00:00+10:00,1
3,2025-09-15,23,137.0,161.0,298.0,2025-09-15 23:00:00+10:00,1
51,2025-09-15,6,0.0,8.0,8.0,2025-09-15 06:00:00+10:00,1
9,2025-09-15,12,632.0,549.0,1181.0,2025-09-15 12:00:00+10:00,1
51,2025-09-15,19,65.0,73.0,138.0,2025-09-15 19:00:00+10:00,1
5,2025-09-15,23,89.0,109.0,198.0,2025-09-15 23:00:00+10:00,1
51,2025-09-15,23,20.0,24.0,44.0,2025-09-15 23:00:00+10:00,1
5,2025-09-15,4,33.0,25.0,58.0,2025-09-15 04:00:00+10:00,1
53,2025-09-15,8,387.0,223.0,610.0,2025-09-15 08:00:00+10:00,1
5,2025-09-15,18,960.0,1178.0,2138.0,2025-09-15 18:00:00+10:00,1
3,2025-09-15,6,16.0,52.0,68.0,2025-09-15 06:00:00+10:00,1
9,2025-09-15,15,820.0,174.0,994.0,2025-09-15 15:00:00+10:00,1
9,2025-09-15,23,24.0,6.0,30.0,2025-09-15 23:00:00+10:00,1
9,2025-09-15,1,1.0,4.0,5.0,2025-09-15 01:00:00+10:00,1
53,2025-09-15,21,71.0,94.0,165.0,2025-09-15 21:00:00+10:00,1
53,2025-09-15,7,161.0,102.0,263.0,2025-09-15 07:00:00+10:00,1
53,2025-09-15,12,769.0,684.0,1453.0,2025-09-15 12:00:00+10:00,1
5,2025-09-15,20,534.0,504.0,1038.0,2025-09-15 20:00:00+10:00,1
51,2025-09-15,17,105.0,87.0,192.0,2025-09-15 17:00:00+10:00,1
9,2025-09-15,13,474.0,429.0,903.0,2025-09-15 13:00:00+10:00,1
5,2025-09-15,1,28.0,34.0,62.0,2025-09-15 01:00:00+10:00,1
3,2025-09-15,11,676.0,790.0,1466.0,2025-09-15 11:00:00+10:00,1
53,2025-09-15,2,8.0,1.0,9.0,2025-09-15 02:00:00+10:00,1
5,2025-09-15,5,39.0,42.0,81.0,2025-09-15 05:00:00+10:00,1
51,2025-09-15,3,7.0,2.0,9.0,2025-09-15 03:00:00+10:00,1
51,2025-09-15,2,9.0,5.0,14.0,2025-09-15 02:00:00+10:00,1
51,2025-09-15,9,54.0,60.0,114.0,2025-09-15 09:00:00+10:00,1
53,2025-09-15,0,8.0,15.0,23.0,2025-09-15 00:00:00+10:00,1
53,2025-09-15,23,15.0,27.0,42.0,2025-09-15 23:00:00+10:00,1
9,2025-09-15,16,2022.0,142.0,2164.0,2025-09-15 16:00:00+10:00,1
53,2025-09-15,9,342.0,298.0,640.0,2025-09-15 09:00:00+10:00,1
53,2025-09-15,14,606.0,526.0,1132.0,2025-09-15 14:00:00+10:00,1
5,2025-09-15,3,29.0,16.0,45.0,2025-09-15 03:00:00+10:00,1
51,2025-09-15,10,76.0,51.0,127.0,2025-09-15 10:00:00+10:00,1
9,2025-09-15,2,6.0,3.0,9.0,2025-09-15 02:00:00+10:00,1
51,2025-09-15,1,9.0,10.0,19.0,2025-09-15 01:00:00+10:00,1
5,2025-09-15,9,375.0,1075.0,1450.0,2025-09-15 09:00:00+10:00,1
51,2025-09-15,11,91.0,71.0,162.0,2025-09-15 11:00:00+10:00,1
3,2025-09-15,12,979.0,1295.0,2274.0,2025-09-15 12:00:00+10:00,1
3,2025-09-15,14,936.0,1009.0,1945.0,2025-09-15 14:00:00+10:00,1
9,2025-09-15,18,667.0,102.0,769.0,2025-09-15 18:00:00+10:00,1
3,2025-09-15,9,271.0,319.0,590.0,2025-09-15 09:00:00+10:00,1
53,2025-09-15,3,1.0,0.0,1.0,2025-09-15 03:00:00+10:00,1
3,2025-09-15,17,1168.0,1269.0,2437.0,2025-09-15 17:00:00+10:00,1
51,2025-09-15,20,70.0,68.0,138.0,2025-09-15 20:00:00+10:00,1
9,2025-09-15,19,160.0,58.0,218.0,2025-09-15 19:00:00+10:00,1
53,2025-09-15,20,113.0,143.0,256.0,2025-09-15 20:00:00+10:00,1
3,2025-09-15,3,23.0,17.0,40.0,2025-09-15 03:00:00+10:00,1
3,2025-09-15,1,73.0,49.0,122.0,2025-09-15 01:00:00+10:00,1
9,2025-09-15,8,114.0,2609.0,2723.0,2025-09-15 08:00:00+10:00,1
5,2025-09-15,19,536.0,508.0,1044.0,2025-09-15 19:00:00+10:00,1
3,2025-09-15,19,895.0,964.0,1859.0,2025-09-15 19:00:00+10:00,1
53,2025-09-15,22,55.0,53.0,108.0,2025-09-15 22:00:00+10:00,1
53,2025-09-15,13,868.0,665.0,1533.0,2025-09-15 13:00:00+10:00,1
9,2025-09-15,3,2.0,0.0,2.0,2025-09-15 03:00:00+10:00,1
53,2025-09-15,6,34.0,31.0,65.0,2025-09-15 06:00:00+10:00,1
9,2025-09-15,7,60.0,1201.0,1261.0,2025-09-15 07:00:00+10:00,1
5,2025-09-15,12,1115.0,1138.0,2253.0,2025-09-15 12:00:00+10:00,1
51,2025-09-15,5,4.0,4.0,8.0,2025-09-15 05:00:00+10:00,1
9,2025-09-15,21,55.0,35.0,90.0,2025-09-15 21:00:00+10:00,1
5,2025-09-15,13,1125.0,1089.0,2214.0,2025-09-15 13:00:00+10:00,1
3,2025-09-15,0,120.0,57.0,177.0,2025-09-15 00:00:00+10:00,1
51,2025-09-15,0,12.0,8.0,20.0,2025-09-15 00:00:00+10:00,1
5,2025-09-15,7,312.0,540.0,852.0,2025-09-15 07:00:00+10:00,1
9,2025-09-15,10,145.0,378.0,523.0,2025-09-15 10:00:00+10:00,1
3,2025-09-15,7,84.0,160.0,244.0,2025-09-15 07:00:00+10:00,1
5,2025-09-15,6,71.0,200.0,271.0,2025-09-15 06:00:00+10:00,1
53,2025-09-15,15,548.0,441.0,989.0,2025-09-15 15:00:00+10:00,1
53,2025-09-15,1,10.0,11.0,21.0,2025-09-15 01:00:00+10:00,1
51,2025-09-15,12,86.0,116.0,202.0,2025-09-15 12:00:00+10:00,1
51,2025-09-15,8,47.0,31.0,78.0,2025-09-15 08:00:00+10:00,1
5,2025-09-15,17,1449.0,1248.0,2697.0,2025-09-15 17:00:00+10:00,1
3,2025-09-15,18,935.0,1252.0,2187.0,2025-09-15 18:00:00+10:00,1
3,2025-09-15,4,18.0,12.0,30.0,2025-09-15 04:00:00+10:00,1
9001,2025-09-15,0,8.5,17.5,26.0,2025-09-15 00:00:00+10:00,2
9001,2025-09-15,1,7.5,17.0,24.5,2025-09-15 01:00:00+10:00,2
9001,2025-09-15,2,4.5,8.5,13.0,2025-09-15 02:00:00+10:00,2
9001,2025-09-15,3,4.5,7.5,12.0,2025-09-15 03:00:00+10:00,2
9001,2025-09-15,4,3.5,10.5,14.0,2025-09-15 04:00:00+10:00,2
9001,2025-09-15,5,3.5,10.5,14.0,2025-09-15 05:00:00+10:00,2
9001,2025-09-15,6,20.5,33.0,53.5,2025-09-15 06:00:00+10:00,2
9001,2025-09-15,7,64.5,83.0,147.5,2025-09-15 07:00:00+10:00,2
9001,2025-09-15,8,159.0,214.5,373.5,2025-09-15 08:00:00+10:00,2
9001,2025-09-15,9,238.0,299.0,537.0,2025-09-15 09:00:00+10:00,2
9001,2025-09-15,10,369.0,424.0,793.0,2025-09-15 10:00:00+10:00,2
9001,2025-09-15,11,626.0,607.5,1233.5,2025-09-15 11:00:00+10:00,2
9001,2025-09-15,12,957.0,875.5,1832.5,2025-09-15 12:00:00+10:00,2
9001,2025-09-15,13,999.5,1025.5,2025.0,2025-09-15 13:00:00+10:00,2
9001,2025-09-15,14,878.5,870.0,1748.5,2025-09-15 14:00:00+10:00,2
9001,2025-09-15,15,859.5,772.0,1631.5,2025-09-15 15:00:00+10:00,2
9001,2025-09-15,16,832.5,726.0,1558.5,2025-09-15 16:00:00+10:00,2
9001,2025-09-15,17,923.5,705.0,1628.5,2025-09-15 17:00:00+10:00,2
9001,2025-09-15,18,692.5,470.0,1162.5,2025-09-15 18:00:00+10:00,2
9001,2025-09-15,19,397.0,327.0,724.0,2025-09-15 19:00:00+10:00,2
9001,2025-09-15,20,190.5,241.5,432.0,2025-09-15 20:00:00+10:00,2
9001,2025-09-15,21,104.5,154.5,259.0,2025-09-15 21:00:00+10:00,2
9001,2025-09-15,22,64.5,81.0,145.5,2025-09-15 22:00:00+10:00,2
9001,2025-09-15,23,30.0,38.0,68.0,2025-09-15 23:00:00+10:00,2
9001,2025-09-16,0,12.5,15.5,28.0,2025-09-16 00:00:00+10:00,2
9001,2025-09-16,1,10.0,15.0,25.0,2025-09-16 01:00:00+10:00,2
9001,2025-09-16,2,4.0,8.0,12.0,2025-09-16 02:00:00+10:00,2
9001,2025-09-16,3,6.5,9.5,16.0,2025-09-16 03:00:00+10:00,2
9001,2025-09-16,4,3.5,5.0,8.5,2025-09-16 04:00:00+10:00,2
9001,2025-09-16,5,6.5,6.5,13.0,2025-09-16 05:00:00+10:00,2
9001,2025-09-16,6,23.0,45.5,68.5,2025-09-16 06:00:00+10:00,2
9001,2025-09-16,7,83.5,103.5,187.0,2025-09-16 07:00:00+10:00,2
9001,2025-09-16,8,168.0,259.5,427.5,2025-09-16 08:00:00+10:00,2
9001,2025-09-16,9,241.0,310.0,551.0,2025-09-16 09:00:00+10:00,2
9001,2025-09-16,10,308.5,404.0,712.5,2025-09-16 10:00:00+10:00,2
9001,2025-09-16,11,534.0,561.5,1095.5,2025-09-16 11:00:00+10:00,2
9001,2025-09-16,12,1127.0,1110.0,2237.0,2025-09-16 12:00:00+10:00,2
9001,2025-09-16,13,1077.0,1080.0,2157.0,2025-09-16 13:00:00+10:00,2
9001,2025-09-16,14,792.0,762.5,1554.5,2025-09-16 14:00:00+10:00,2
9001,2025-09-16,15,772.5,745.0,1517.5,2025-09-16 15:00:00+10:00,2
9001,2025-09-16,16,713.0,662.5,1375.5,2025-09-16 16:00:00+10:00,2
9001,2025-09-16,17,674.5,471.5,1146.0,2025-09-16 17:00:00+10:00,2
9001,2025-09-16,18,669.0,382.5,1051.5,2025-09-16 18:00:00+10:00,2
9001,2025-09-16,19,357.0,270.5,627.5,2025-09-16 19:00:00+10:00,2
9001,2025-09-16,20,201.5,235.5,437.0,2025-09-16 20:00:00+10:00,2
9001,2025-09-16,21,115.5,168.5,284.0,2025-09-16 21:00:00+10:00,2
9001,2025-09-16,22,45.5,63.0,108.5,2025-09-16 22:00:00+10:00,2
9001,2025-09-16,23,29.0,35.5,64.5,2025-09-16 23:00:00+10:00,2
9001,2025-09-17,0,15.0,21.5,36.5,2025-09-17 00:00:00+10:00,2
9001,2025-09-17,1,5.5,16.0,21.5,2025-09-17 01:00:00+10:00,2
9001,2025-09-17,2,8.0,16.0,24.0,2025-09-17 02:00:00+10:00,2
9001,2025-09-17,3,2.0,7.5,9.5,2025-09-17 03:00:00+10:00,2
9001,2025-09-17,4,2.5,3.5,6.0,2025-09-17 04:00:00+10:00,2
9001,2025-09-17,5,5.5,5.5,11.0,2025-09-17 05:00:00+10:00,2
9001,2025-09-17,6,33.0,41.0,74.0,2025-09-17 06:00:00+10:00,2
9001,2025-09-17,7,73.0,107.0,180.0,2025-09-17 07:00:00+10:00,2
9001,2025-09-17,8,162.5,237.0,399.5,2025-09-17 08:00:00+10:00,2
9001,2025-09-17,9,268.5,365.0,633.5,2025-09-17 09:00:00+10:00,2
9001,2025-09-17,10,387.5,462.5,850.0,2025-09-17 10:00:00+10:00,2
9001,2025-09-17,11,624.5,597.5,1222.0,2025-09-17 11:00:00+10:00,2
9001,2025-09-17,12,1087.0,1080.0,2167.0,2025-09-17 12:00:00+10:00,2
9001,2025-09-17,13,1099.0,1175.5,2274.5,2025-09-17 13:00:00+10:00,2
9001,2025-09-17,14,849.0,812.5,1661.5,2025-09-17 14:00:00+10:00,2
9001,2025-09-17,15,796.5,771.5,1568.0,2025-09-17 15:00:00+10:00,2
9001,2025-09-17,16,815.5,779.5,1595.0,2025-09-17 16:00:00+10:00,2
9001,2025-09-17,17,1048.0,899.5,1947.5,2025-09-17 17:00:00+10:00,2
9001,2025-09-17,18,823.0,535.5,1358.5,2025-09-17 18:00:00+10:00,2
9001,2025-09-17,19,472.0,309.0,781.0,2025-09-17 19:00:00+10:00,2
9001,2025-09-17,20,236.5,260.0,496.5,2025-09-17 20:00:00+10:00,2
9001,2025-09-17,21,149.0,186.0,335.0,2025-09-17 21:00:00+10:00,2
9001,2025-09-17,22,62.5,98.5,161.0,2025-09-17 22:00:00+10:00,2
9001,2025-09-17,23,36.0,50.0,86.0,2025-09-17 23:00:00+10:00,2
9001,2025-09-18,0,22.5,32.0,54.5,2025-09-18 00:00:00+10:00,2
9001,2025-09-18,1,6.5,16.5,23.0,2025-09-18 01:00:00+10:00,2
9001,2025-09-18,2,6.5,12.5,19.0,2025-09-18 02:00:00+10:00,2
9001,2025-09-18,3,2.5,9.0,11.5,2025-09-18 03:00:00+10:00,2
9001,2025-09-18,4,4.0,3.5,7.5,2025-09-18 04:00:00+10:00,2
9001,2025-09-18,5,5.0,5.5,10.5,2025-09-18 05:00:00+10:00,2
9001,2025-09-18,6,32.0,40.0,72.0,2025-09-18 06:00:00+10:00,2
9001,2025-09-18,7,82.5,95.0,177.5,2025-09-18 07:00:00+10:00,2
9001,2025-09-18,8,170.5,260.5,431.0,2025-09-18 08:00:00+10:00,2
9001,2025-09-18,9,257.5,395.5,653.0,2025-09-18 09:00:00+10:00,2
9001,2025-09-18,10,407.0,460.0,867.0,2025-09-18 10:00:00+10:00,2
9001,2025-09-18,11,692.5,633.0,1325.5,2025-09-18 11:00:00+10:00,2
9001,2025-09-18,12,1112.0,1086.0,2198.0,2025-09-18 12:00:00+10:00,2
9001,2025-09-18,13,1131.0,1189.5,2320.5,2025-09-18 13:00:00+10:00,2
9001,2025-09-18,14,903.0,899.5,1802.5,2025-09-18 14:00:00+10:00,2
9001,2025-09-18,15,910.5,815.5,1726.0,2025-09-18 15:00:00+10:00,2
9001,2025-09-18,16,955.0,876.5,1831.5,2025-09-18 16:00:00+10:00,2
9001,2025-09-18,17,1192.0,968.5,2160.5,2025-09-18 17:00:00+10:00,2
9001,2025-09-18,18,939.0,694.0,1633.0,2025-09-18 18:00:00+10:00,2
9001,2025-09-18,19,626.0,576.0,1202.0,2025-09-18 19:00:00+10:00,2
9001,2025-09-18,20,490.0,430.5,920.5,2025-09-18 20:00:00+10:00,2
9001,2025-09-18,21,280.0,221.5,501.5,2025-09-18 21:00:00+10:00,2
9001,2025-09-18,22,104.5,127.0,231.5,2025-09-18 22:00:00+10:00,2
9001,2025-09-18,23,35.5,61.5,97.0,2025-09-18 23:00:00+10:00,2
9001,2025-09-19,0,23.0,36.5,59.5,2025-09-19 00:00:00+10:00,2
9001,2025-09-19,1,6.5,31.0,37.5,2025-09-19 01:00:00+10:00,2
9001,2025-09-19,2,10.0,24.0,34.0,2025-09-19 02:00:00+10:00,2
9001,2025-09-19,3,8.0,19.0,27.0,2025-09-19 03:00:00+10:00,2
9001,2025-09-19,4,7.5,20.0,27.5,2025-09-19 04:00:00+10:00,2
9001,2025-09-19,5,7.0,35.5,42.5,2025-09-19 05:00:00+10:00,2
9001,2025-09-19,6,28.0,72.0,100.0,2025-09-19 06:00:00+10:00,2
9001,2025-09-19,7,83.5,126.5,210.0,2025-09-19 07:00:00+10:00,2
9001,2025-09-19,8,183.0,252.5,435.5,2025-09-19 08:00:00+10:00,2
9001,2025-09-19,9,332.5,402.5,735.0,2025-09-19 09:00:00+10:00,2
9001,2025-09-19,10,468.0,528.5,996.5,2025-09-19 10:00:00+10:00,2
9001,2025-09-19,11,702.5,744.5,1447.0,2025-09-19 11:00:00+10:00,2
9001,2025-09-19,12,1031.0,970.5,2001.5,2025-09-19 12:00:00+10:00,2
9001,2025-09-19,13,1104.5,1157.0,2261.5,2025-09-19 13:00:00+10:00,2
9001,2025-09-19,14,1081.5,1024.5,2106.0,2025-09-19 14:00:00+10:00,2
9001,2025-09-19,15,1068.0,982.0,2050.0,2025-09-19 15:00:00+10:00,2
9001,2025-09-19,16,1123.0,950.0,2073.0,2025-09-19 16:00:00+10:00,2
9001,2025-09-19,17,1292.0,952.0,2244.0,2025-09-19 17:00:00+10:00,2
9001,2025-09-19,18,1125.0,802.5,1927.5,2025-09-19 18:00:00+10:00,2
9001,2025-09-19,19,800.0,729.5,1529.5,2025-09-19 19:00:00+10:00,2
9001,2025-09-19,20,680.5,596.5,1277.0,2025-09-19 20:00:00+10:00,2
9001,2025-09-19,21,363.5,312.5,676.0,2025-09-19 21:00:00+10:00,2
9001,2025-09-19,22,111.0,183.5,294.5,2025-09-19 22:00:00+10:00,2
9001,2025-09-19,23,77.0,173.5,250.5,2025-09-19 23:00:00+10:00,2
9001,2025-09-20,0,53.0,93.5,146.5,2025-09-20 00:00:00+10:00,2
9001,2025-09-20,1,24.5,59.5,84.0,2025-09-20 01:00:00+10:00,2
9001,2025-09-20,2,13.0,35.0,48.0,2025-09-20 02:00:00+10:00,2
9001,2025-09-20,3,18.5,19.0,37.5,2025-09-20 03:00:00+10:00,2
9001,2025-09-20,4,5.0,13.5,18.5,2025-09-20 04:00:00+10:00,2
9001,2025-09-20,5,6.0,5.0,11.0,2025-09-20 05:00:00+10:00,2
9001,2025-09-20,6,12.5,13.5,26.0,2025-09-20 06:00:00+10:00,2
9001,2025-09-20,7,28.0,33.0,61.0,2025-09-20 07:00:00+10:00,2
9001,2025-09-20,8,80.0,130.5,210.5,2025-09-20 08:00:00+10:00,2
9001,2025-09-20,9,217.0,330.0,547.0,2025-09-20 09:00:00+10:00,2
9001,2025-09-20,10,522.0,653.0,1175.0,2025-09-20 10:00:00+10:00,2
9001,2025-09-20,11,844.0,966.0,1810.0,2025-09-20 11:00:00+10:00,2
9001,2025-09-20,12,1233.5,1090.0,2323.5,2025-09-20 12:00:00+10:00,2
9001,2025-09-20,13,1352.0,1278.5,2630.5,2025-09-20 13:00:00+10:00,2
9001,2025-09-20,14,1398.0,1432.5,2830.5,2025-09-20 14:00:00+10:00,2
9001,2025-09-20,15,1524.0,1419.0,2943.0,2025-09-20 15:00:00+10:00,2
9001,2025-09-20,16,1369.5,1242.5,2612.0,2025-09-20 16:00:00+10:00,2
9001,2025-09-20,17,1163.0,955.0,2118.0,2025-09-20 17:00:00+10:00,2
9001,2025-09-20,18,902.0,647.5,1549.5,2025-09-20 18:00:00+10:00,2
9001,2025-09-20,19,681.5,446.5,1128.0,2025-09-20 19:00:00+10:00,2
9001,2025-09-20,20,311.0,439.5,750.5,2025-09-20 20:00:00+10:00,2
9001,2025-09-20,21,209.5,308.0,517.5,2025-09-20 21:00:00+10:00,2
9001,2025-09-20,22,160.0,197.0,357.0,2025-09-20 22:00:00+10:00,2
9001,2025-09-20,23,125.0,136.0,261.0,2025-09-20 23:00:00+10:00,2
9001,2025-09-21,0,73.0,96.0,169.0,2025-09-21 00:00:00+10:00,2
9001,2025-09-21,1,32.0,63.0,95.0,2025-09-21 01:00:00+10:00,2
9001,2025-09-21,2,23.0,53.0,76.0,2025-09-21 02:00:00+10:00,2
9001,2025-09-21,3,22.5,37.5,60.0,2025-09-21 03:00:00+10:00,2
9001,2025-09-21,4,23.0,22.0,45.0,2025-09-21 04:00:00+10:00,2
9001,2025-09-21,5,7.5,10.0,17.5,2025-09-21 05:00:00+10:00,2
9001,2025-09-21,6,16.5,16.5,33.0,2025-09-21 06:00:00+10:00,2
9001,2025-09-21,7,21.5,26.0,47.5,2025-09-21 07:00:00+10:00,2
9001,2025-09-21,8,53.0,71.0,124.0,2025-09-21 08:00:00+10:00,2
9001,2025-09-21,9,177.5,237.5,415.0,2025-09-21 09:00:00+10:00,2
9001,2025-09-21,10,374.0,503.5,877.5,2025-09-21 10:00:00+10:00,2
9001,2025-09-21,11,777.0,714.0,1491.0,2025-09-21 11:00:00+10:00,2
9001,2025-09-21,12,1000.5,866.0,1866.5,2025-09-21 12:00:00+10:00,2
9001,2025-09-21,13,1048.0,990.5,2038.5,2025-09-21 13:00:00+10:00,2
9001,2025-09-21,14,1053.5,1228.0,2281.5,2025-09-21 14:00:00+10:00,2
9001,2025-09-21,15,1235.5,1101.5,2337.0,2025-09-21 15:00:00+10:00,2
9001,2025-09-21,16,988.5,858.5,1847.0,2025-09-21 16:00:00+10:00,2
9001,2025-09-21,17,888.0,696.0,1584.0,2025-09-21 17:00:00+10:00,2
9001,2025-09-21,18,678.5,407.5,1086.0,2025-09-21 18:00:00+10:00,2
9001,2025-09-21,19,392.5,289.0,681.5,2025-09-21 19:00:00+10:00,2
9001,2025-09-21,20,190.5,234.5,425.0,2025-09-21 20:00:00+10:00,2
9001,2025-09-21,21,108.5,169.0,277.5,2025-09-21 21:00:00+10:00,2
9001,2025-09-21,22,60.5,84.0,144.5,2025-09-21 22:00:00+10:00,2
9001,2025-09-21,23,23.5,41.0,64.5,2025-09-21 23:00:00+10:00,2
9001,2025-09-22,0,11.5,22.5,34.0,2025-09-22 00:00:00+10:00,2
9001,2025-09-22,1,7.5,10.5,18.0,2025-09-22 01:00:00+10:00,2
9001,2025-09-22,2,7.5,6.0,13.5,2025-09-22 02:00:00+10:00,2
9001,2025-09-22,3,6.0,9.0,15.0,2025-09-22 03:00:00+10:00,2
9001,2025-09-22,4,2.0,3.0,5.0,2025-09-22 04:00:00+10:00,2
9001,2025-09-22,5,7.0,7.0,14.0,2025-09-22 05:00:00+10:00,2
9001,2025-09-22,6,32.0,37.0,69.0,2025-09-22 06:00:00+10:00,2
9001,2025-09-22,7,77.0,76.0,153.0,2025-09-22 07:00:00+10:00,2
9001,2025-09-22,8,138.5,202.0,340.5,2025-09-22 08:00:00+10:00,2
9001,2025-09-22,9,247.5,293.5,541.0,2025-09-22 09:00:00+10:00,2
9001,2025-09-22,10,338.5,402.5,741.0,2025-09-22 10:00:00+10:00,2
9001,2025-09-22,11,662.0,650.0,1312.0,2025-09-22 11:00:00+10:00,2
9001,2025-09-22,12,1029.5,965.5,1995.0,2025-09-22 12:00:00+10:00,2
9001,2025-09-22,13,1166.0,1178.0,2344.0,2025-09-22 13:00:00+10:00,2
9001,2025-09-22,14,984.5,1034.0,2018.5,2025-09-22 14:00:00+10:00,2
9001,2025-09-22,15,921.5,861.0,1782.5,2025-09-22 15:00:00+10:00,2
9001,2025-09-22,16,932.5,865.5,1798.0,2025-09-22 16:00:00+10:00,2
9001,2025-09-22,17,938.0,728.5,1666.5,2025-09-22 17:00:00+10:00,2
9001,2025-09-22,18,733.5,525.5,1259.0,2025-09-22 18:00:00+10:00,2
9001,2025-09-22,19,377.0,302.0,679.0,2025-09-22 19:00:00+10:00,2
9001,2025-09-22,20,193.0,232.5,425.5,2025-09-22 20:00:00+10:00,2
9001,2025-09-22,21,111.0,151.0,262.0,2025-09-22 21:00:00+10:00,2
9001,2025-09-22,22,54.5,89.0,143.5,2025-09-22 22:00:00+10:00,2
9001,2025-09-22,23,22.0,38.5,60.5,2025-09-22 23:00:00+10:00,2
9001,2025-09-23,0,9.5,20.0,29.5,2025-09-23 00:00:00+10:00,2
9001,2025-09-23,1,9.5,21.0,30.5,2025-09-23 01:00:00+10:00,2
9001,2025-09-23,2,7.0,13.0,20.0,2025-09-23 02:00:00+10:00,2
9001,2025-09-23,3,6.0,8.5,14.5,2025-09-23 03:00:00+10:00,2
9001,2025-09-23,4,1.5,8.0,9.5,2025-09-23 04:00:00+10:00,2
9001,2025-09-23,5,5.5,8.5,14.0,2025-09-23 05:00:00+10:00,2
9001,2025-09-23,6,32.0,44.5,76.5,2025-09-23 06:00:00+10:00,2
9001,2025-09-23,7,86.0,114.5,200.5,2025-09-23 07:00:00+10:00,2
9001,2025-09-23,8,178.5,251.5,430.0,2025-09-23 08:00:00+10:00,2
9001,2025-09-23,9,275.0,347.0,622.0,2025-09-23 09:00:00+10:00,2
9001,2025-09-23,10,375.0,485.5,860.5,2025-09-23 10:00:00+10:00,2
9001,2025-09-23,11,706.0,733.0,1439.0,2025-09-23 11:00:00+10:00,2
9001,2025-09-23,12,1182.5,1180.5,2363.0,2025-09-23 12:00:00+10:00,2
9001,2025-09-23,13,1273.5,1304.5,2578.0,2025-09-23 13:00:00+10:00,2
9001,2025-09-23,14,1045.0,1071.0,2116.0,2025-09-23 14:00:00+10:00,2
9001,2025-09-23,15,1042.5,969.0,2011.5,2025-09-23 15:00:00+10:00,2
9001,2025-09-23,16,1047.5,908.5,1956.0,2025-09-23 16:00:00+10:00,2
9001,2025-09-23,17,1178.0,823.0,2001.0,2025-09-23 17:00:00+10:00,2
9001,2025-09-23,18,886.5,573.5,1460.0,2025-09-23 18:00:00+10:00,2
9001,2025-09-23,19,411.0,331.0,742.0,2025-09-23 19:00:00+10:00,2
9001,2025-09-23,20,235.5,278.0,513.5,2025-09-23 20:00:00+10:00,2
9001,2025-09-23,21,130.5,182.0,312.5,2025-09-23 21:00:00+10:00,2
9001,2025-09-23,22,64.5,96.5,161.0,2025-09-23 22:00:00+10:00,2
9001,2025-09-23,23,37.5,39.5,77.0,2025-09-23 23:00:00+10:00,2
9001,2025-09-24,0,18.5,30.5,49.0,2025-09-24 00:00:00+10:00,2
9001,2025-09-24,1,5.0,14.5,19.5,2025-09-24 01:00:00+10:00,2
9001,2025-09-24,2,4.0,5.0,9.0,2025-09-24 02:00:00+10:00,2
9001,2025-09-24,3,4.0,8.0,12.0,2025-09-24 03:00:00+10:00,2
9001,2025-09-24,4,4.0,7.0,11.0,2025-09-24 04:00:00+10:00,2
9001,2025-09-24,5,7.0,10.5,17.5,2025-09-24 05:00:00+10:00,2
9001,2025-09-24,6,29.5,40.5,70.0,2025-09-24 06:00:00+10:00,2
9001,2025-09-24,7,81.5,86.5,168.0,2025-09-24 07:00:00+10:00,2
9001,2025-09-24,8,183.0,238.0,421.0,2025-09-24 08:00:00+10:00,2
9001,2025-09-24,9,283.5,324.0,607.5,2025-09-24 09:00:00+10:00,2
9001,2025-09-24,10,406.5,513.5,920.0,2025-09-24 10:00:00+10:00,2
9001,2025-09-24,11,822.5,764.5,1587.0,2025-09-24 11:00:00+10:00,2
9001,2025-09-24,12,1205.0,1155.5,2360.5,2025-09-24 12:00:00+10:00,2
9001,2025-09-24,13,1093.0,1135.0,2228.0,2025-09-24 13:00:00+10:00,2
9001,2025-09-24,14,1043.0,1037.0,2080.0,2025-09-24 14:00:00+10:00,2
9001,2025-09-24,15,1002.5,940.0,1942.5,2025-09-24 15:00:00+10:00,2
9001,2025-09-24,16,960.5,911.5,1872.0,2025-09-24 16:00:00+10:00,2
9001,2025-09-24,17,1102.5,821.0,1923.5,2025-09-24 17:00:00+10:00,2
9001,2025-09-24,18,792.5,516.5,1309.0,2025-09-24 18:00:00+10:00,2
9001,2025-09-24,19,454.5,312.5,767.0,2025-09-24 19:00:00+10:00,2
9001,2025-09-24,20,218.0,296.0,514.0,2025-09-24 20:00:00+10:00,2
9001,2025-09-24,21,152.5,194.0,346.5,2025-09-24 21:00:00+10:00,2
9001,2025-09-24,22,70.5,98.0,168.5,2025-09-24 22:00:00+10:00,2
9001,2025-09-24,23,33.5,57.0,90.5,2025-09-24 23:00:00+10:00,2
9001,2025-09-25,0,20.0,17.5,37.5,2025-09-25 00:00:00+10:00,2
9001,2025-09-25,1,5.5,12.5,18.0,2025-09-25 01:00:00+10:00,2
9001,2025-09-25,2,2.0,10.0,12.0,2025-09-25 02:00:00+10:00,2
9001,2025-09-25,3,3.5,8.0,11.5,2025-09-25 03:00:00+10:00,2
9001,2025-09-25,4,3.5,5.5,9.0,2025-09-25 04:00:00+10:00,2
9001,2025-09-25,5,7.5,10.5,18.0,2025-09-25 05:00:00+10:00,2
9001,2025-09-25,6,21.5,41.0,62.5,2025-09-25 06:00:00+10:00,2
9001,2025-09-25,7,62.0,94.0,156.0,2025-09-25 07:00:00+10:00,2
9001,2025-09-25,8,171.0,247.5,418.5,2025-09-25 08:00:00+10:00,2
9001,2025-09-25,9,290.5,359.5,650.0,2025-09-25 09:00:00+10:00,2
9001,2025-09-25,10,419.5,573.5,993.0,2025-09-25 10:00:00+10:00,2
9001,2025-09-25,11,856.0,882.5,1738.5,2025-09-25 11:00:00+10:00,2
9001,2025-09-25,12,1240.0,1167.0,2407.0,2025-09-25 12:00:00+10:00,2
9001,2025-09-25,13,1284.0,1255.5,2539.5,2025-09-25 13:00:00+10:00,2
9001,2025-09-25,14,1141.5,1117.0,2258.5,2025-09-25 14:00:00+10:00,2
9001,2025-09-25,15,1167.0,1106.0,2273.0,2025-09-25 15:00:00+10:00,2
9001,2025-09-25,16,1150.5,1104.5,2255.0,2025-09-25 16:00:00+10:00,2
9001,2025-09-25,17,1354.5,1054.0,2408.5,2025-09-25 17:00:00+10:00,2
9001,2025-09-25,18,1081.5,795.5,1877.0,2025-09-25 18:00:00+10:00,2
9001,2025-09-25,19,799.0,680.5,1479.5,2025-09-25 19:00:00+10:00,2
9001,2025-09-25,20,718.0,553.5,1271.5,2025-09-25 20:00:00+10:00,2
9001,2025-09-25,21,371.5,320.5,692.0,2025-09-25 21:00:00+10:00,2
9001,2025-09-25,22,158.5,197.0,355.5,2025-09-25 22:00:00+10:00,2
9001,2025-09-25,23,135.0,118.5,253.5,2025-09-25 23:00:00+10:00,2
9001,2025-09-26,0,62.0,95.0,157.0,2025-09-26 00:00:00+10:00,2
9001,2025-09-26,1,30.5,59.5,90.0,2025-09-26 01:00:00+10:00,2
9001,2025-09-26,2,30.0,45.5,75.5,2025-09-26 02:00:00+10:00,2
9001,2025-09-26,3,16.0,29.5,45.5,2025-09-26 03:00:00+10:00,2
9001,2025-09-26,4,9.0,23.5,32.5,2025-09-26 04:00:00+10:00,2
9001,2025-09-26,5,4.5,16.5,21.0,2025-09-26 05:00:00+10:00,2
9001,2025-09-26,6,17.0,15.0,32.0,2025-09-26 06:00:00+10:00,2
9001,2025-09-26,7,26.0,35.0,61.0,2025-09-26 07:00:00+10:00,2
9001,2025-09-26,8,77.5,89.5,167.0,2025-09-26 08:00:00+10:00,2
9001,2025-09-26,9,260.5,300.5,561.0,2025-09-26 09:00:00+10:00,2
9001,2025-09-26,10,432.5,497.0,929.5,2025-09-26 10:00:00+10:00,2
9001,2025-09-26,11,756.0,906.5,1662.5,2025-09-26 11:00:00+10:00,2
9001,2025-09-26,12,1075.5,1106.0,2181.5,2025-09-26 12:00:00+10:00,2
9001,2025-09-26,13,1209.5,1281.5,2491.0,2025-09-26 13:00:00+10:00,2
9001,2025-09-26,14,1335.0,1392.5,2727.5,2025-09-26 14:00:00+10:00,2
9001,2025-09-26,15,1475.0,1422.0,2897.0,2025-09-26 15:00:00+10:00,2
9001,2025-09-26,16,1294.5,1156.0,2450.5,2025-09-26 16:00:00+10:00,2
9001,2025-09-26,17,1130.0,918.0,2048.0,2025-09-26 17:00:00+10:00,2
9001,2025-09-26,18,839.5,613.0,1452.5,2025-09-26 18:00:00+10:00,2
9001,2025-09-26,19,710.5,557.0,1267.5,2025-09-26 19:00:00+10:00,2
9001,2025-09-26,20,586.5,438.0,1024.5,2025-09-26 20:00:00+10:00,2
9001,2025-09-26,21,255.5,279.0,534.5,2025-09-26 21:00:00+10:00,2
9001,2025-09-26,22,122.5,180.5,303.0,2025-09-26 22:00:00+10:00,2
9001,2025-09-26,23,79.5,114.0,193.5,2025-09-26 23:00:00+10:00,2
9001,2025-09-27,0,54.0,83.0,137.0,2025-09-27 00:00:00+10:00,2
9001,2025-09-27,1,26.0,40.5,66.5,2025-09-27 01:00:00+10:00,2
9001,2025-09-27,2,21.0,30.5,51.5,2025-09-27 02:00:00+10:00,2
9001,2025-09-27,3,15.5,20.0,35.5,2025-09-27 03:00:00+10:00,2
9001,2025-09-27,4,14.0,9.5,23.5,2025-09-27 04:00:00+10:00,2
9001,2025-09-27,5,8.0,5.5,13.5,2025-09-27 05:00:00+10:00,2
9001,2025-09-27,6,16.0,16.5,32.5,2025-09-27 06:00:00+10:00,2
9001,2025-09-27,7,30.5,30.0,60.5,2025-09-27 07:00:00+10:00,2
9001,2025-09-27,8,94.5,155.0,249.5,2025-09-27 08:00:00+10:00,2
9001,2025-09-27,9,313.0,401.0,714.0,2025-09-27 09:00:00+10:00,2
9001,2025-09-27,10,622.5,590.0,1212.5,2025-09-27 10:00:00+10:00,2
9001,2025-09-27,11,899.5,745.0,1644.5,2025-09-27 11:00:00+10:00,2
9001,2025-09-27,12,956.5,874.5,1831.0,2025-09-27 12:00:00+10:00,2
9001,2025-09-27,13,1114.5,989.0,2103.5,2025-09-27 13:00:00+10:00,2
9001,2025-09-27,14,1094.0,1054.5,2148.5,2025-09-27 14:00:00+10:00,2
9001,2025-09-27,15,1064.5,1022.5,2087.0,2025-09-27 15:00:00+10:00,2
9001,2025-09-27,16,1091.5,1001.0,2092.5,2025-09-27 16:00:00+10:00,2
9001,2025-09-27,17,1041.5,932.0,1973.5,2025-09-27 17:00:00+10:00,2
9001,2025-09-27,18,990.0,714.0,1704.0,2025-09-27 18:00:00+10:00,2
9001,2025-09-27,19,665.0,444.5,1109.5,2025-09-27 19:00:00+10:00,2
9001,2025-09-27,20,317.5,361.0,678.5,2025-09-27 20:00:00+10:00,2
9001,2025-09-27,21,204.5,231.0,435.5,2025-09-27 21:00:00+10:00,2
9001,2025-09-27,22,139.0,195.5,334.5,2025-09-27 22:00:00+10:00,2
9001,2025-09-27,23,84.5,92.0,176.5,2025-09-27 23:00:00+10:00,2
9001,2025-09-28,0,68.0,89.5,157.5,2025-09-28 00:00:00+10:00,2
9001,2025-09-28,1,37.0,62.0,99.0,2025-09-28 01:00:00+10:00,2
9001,2025-09-28,2,26.0,54.0,80.0,2025-09-28 02:00:00+10:00,2
9001,2025-09-28,3,13.0,40.0,53.0,2025-09-28 03:00:00+10:00,2
9001,2025-09-28,4,16.5,18.5,35.0,2025-09-28 04:00:00+10:00,2
9001,2025-09-28,5,5.0,5.5,10.5,2025-09-28 05:00:00+10:00,2
9001,2025-09-28,6,18.0,18.0,36.0,2025-09-28 06:00:00+10:00,2
9001,2025-09-28,7,23.0,34.5,57.5,2025-09-28 07:00:00+10:00,2
9001,2025-09-28,8,51.5,65.0,116.5,2025-09-28 08:00:00+10:00,2
9001,2025-09-28,9,190.5,259.5,450.0,2025-09-28 09:00:00+10:00,2
9001,2025-09-28,10,376.5,526.5,903.0,2025-09-28 10:00:00+10:00,2
9001,2025-09-28,11,753.5,794.0,1547.5,2025-09-28 11:00:00+10:00,2
9001,2025-09-28,12,1034.0,897.5,1931.5,2025-09-28 12:00:00+10:00,2
9001,2025-09-28,13,1111.5,1106.5,2218.0,2025-09-28 13:00:00+10:00,2
9001,2025-09-28,14,1168.0,1266.0,2434.0,2025-09-28 14:00:00+10:00,2
9001,2025-09-28,15,1235.5,1156.5,2392.0,2025-09-28 15:00:00+10:00,2
9001,2025-09-28,16,1137.0,922.5,2059.5,2025-09-28 16:00:00+10:00,2
9001,2025-09-28,17,932.0,730.5,1662.5,2025-09-28 17:00:00+10:00,2
9001,2025-09-28,18,738.5,483.0,1221.5,2025-09-28 18:00:00+10:00,2
9001,2025-09-28,19,485.0,314.0,799.0,2025-09-28 19:00:00+10:00,2
9001,2025-09-28,20,189.0,244.0,433.0,2025-09-28 20:00:00+10:00,2
9001,2025-09-28,21,99.5,163.0,262.5,2025-09-28 21:00:00+10:00,2
9001,2025-09-28,22,42.5,87.5,130.0,2025-09-28 22:00:00+10:00,2
9001,2025-09-28,23,26.5,29.5,56.0,2025-09-28 23:00:00+10:00,2
9001,2025-09-29,0,14.5,20.5,35.0,2025-09-29 00:00:00+10:00,2
9001,2025-09-29,1,5.5,11.5,17.0,2025-09-29 01:00:00+10:00,2
9001,2025-09-29,2,3.5,14.0,17.5,2025-09-29 02:00:00+10:00,2
9001,2025-09-29,3,3.0,5.5,8.5,2025-09-29 03:00:00+10:00,2
9001,2025-09-29,4,2.5,5.5,8.0,2025-09-29 04:00:00+10:00,2
9001,2025-09-29,5,4.0,9.5,13.5,2025-09-29 05:00:00+10:00,2
9001,2025-09-29,6,23.0,32.0,55.0,2025-09-29 06:00:00+10:00,2
9001,2025-09-29,7,72.0,90.0,162.0,2025-09-29 07:00:00+10:00,2
9001,2025-09-29,8,138.0,225.5,363.5,2025-09-29 08:00:00+10:00,2
9001,2025-09-29,9,245.5,327.0,572.5,2025-09-29 09:00:00+10:00,2
9001,2025-09-29,10,459.5,553.5,1013.0,2025-09-29 10:00:00+10:00,2
9001,2025-09-29,11,830.0,841.0,1671.0,2025-09-29 11:00:00+10:00,2
9001,2025-09-29,12,1266.0,1243.5,2509.5,2025-09-29 12:00:00+10:00,2
9001,2025-09-29,13,1612.5,1631.5,3244.0,2025-09-29 13:00:00+10:00,2
9001,2025-09-29,14,1295.0,1395.5,2690.5,2025-09-29 14:00:00+10:00,2
9001,2025-09-29,15,1148.0,1078.0,2226.0,2025-09-29 15:00:00+10:00,2
9001,2025-09-29,16,1088.0,933.5,2021.5,2025-09-29 16:00:00+10:00,2
9001,2025-09-29,17,1019.5,781.0,1800.5,2025-09-29 17:00:00+10:00,2
9001,2025-09-29,18,788.0,511.5,1299.5,2025-09-29 18:00:00+10:00,2
9001,2025-09-29,19,451.0,335.5,786.5,2025-09-29 19:00:00+10:00,2
9001,2025-09-29,20,222.0,276.5,498.5,2025-09-29 20:00:00+10:00,2
9001,2025-09-29,21,136.5,180.0,316.5,2025-09-29 21:00:00+10:00,2
9001,2025-09-29,22,63.5,79.0,142.5,2025-09-29 22:00:00+10:00,2
9001,2025-09-29,23,42.0,39.0,81.0,2025-09-29 23:00:00+10:00,2
9001,2025-09-30,0,10.5,33.0,43.5,2025-09-30 00:00:00+10:00,2
9001,2025-09-30,1,6.5,19.5,26.0,2025-09-30 01:00:00+10:00,2
9001,2025-09-30,2,6.0,15.0,21.0,2025-09-30 02:00:00+10:00,2
9001,2025-09-30,3,5.0,5.0,10.0,2025-09-30 03:00:00+10:00,2
9001,2025-09-30,4,4.0,12.5,16.5,2025-09-30 04:00:00+10:00,2
9001,2025-09-30,5,9.5,10.0,19.5,2025-09-30 05:00:00+10:00,2
9001,2025-09-30,6,34.0,55.0,89.0,2025-09-30 06:00:00+10:00,2
9001,2025-09-30,7,64.5,87.5,152.0,2025-09-30 07:00:00+10:00,2
9001,2025-09-30,8,143.5,256.5,400.0,2025-09-30 08:00:00+10:00,2
9001,2025-09-30,9,227.0,319.0,546.0,2025-09-30 09:00:00+10:00,2
9001,2025-09-30,10,361.0,503.0,864.0,2025-09-30 10:00:00+10:00,2
9001,2025-09-30,11,831.0,744.0,1575.0,2025-09-30 11:00:00+10:00,2
9001,2025-09-30,12,1245.5,1204.0,2449.5,2025-09-30 12:00:00+10:00,2
9001,2025-09-30,13,1224.0,1280.5,2504.5,2025-09-30 13:00:00+10:00,2
9001,2025-09-30,14,1096.0,1046.5,2142.5,2025-09-30 14:00:00+10:00,2
9001,2025-09-30,15,1078.5,985.5,2064.0,2025-09-30 15:00:00+10:00,2
9001,2025-09-30,16,1078.0,946.0,2024.0,2025-09-30 16:00:00+10:00,2
9001,2025-09-30,17,1051.5,772.0,1823.5,2025-09-30 17:00:00+10:00,2
9001,2025-09-30,18,815.0,527.5,1342.5,2025-09-30 18:00:00+10:00,2
9001,2025-09-30,19,436.0,290.5,726.5,2025-09-30 19:00:00+10:00,2
9001,2025-09-30,20,202.5,260.0,462.5,2025-09-30 20:00:00+10:00,2
9001,2025-09-30,21,148.0,202.5,350.5,2025-09-30 21:00:00+10:00,2
9001,2025-09-30,22,73.0,89.5,162.5,2025-09-30 22:00:00+10:00,2
9001,2025-09-30,23,26.5,47.5,74.0,2025-09-30 23:00:00+10:00,2
9001,2025-10-01,0,16.0,19.0,35.0,2025-10-01 00:00:00+10:00,2
9001,2025-10-01,1,8.5,8.0,16.5,2025-10-01 01:00:00+10:00,2
9001,2025-10-01,2,6.0,10.5,16.5,2025-10-01 02:00:00+10:00,2
9001,2025-10-01,3,4.5,7.0,11.5,2025-10-01 03:00:00+10:00,2
9001,2025-10-01,4,2.5,2.5,5.0,2025-10-01 04:00:00+10:00,2
9001,2025-10-01,5,7.5,7.5,15.0,2025-10-01 05:00:00+10:00,2
9001,2025-10-01,6,32.5,49.0,81.5,2025-10-01 06:00:00+10:00,2
9001,2025-10-01,7,75.5,104.0,179.5,2025-10-01 07:00:00+10:00,2
9001,2025-10-01,8,172.5,270.0,442.5,2025-10-01 08:00:00+10:00,2
9001,2025-10-01,9,288.0,384.0,672.0,2025-10-01 09:00:00+10:00,2
9001,2025-10-01,10,444.0,542.0,986.0,2025-10-01 10:00:00+10:00,2
9001,2025-10-01,11,851.5,746.0,1597.5,2025-10-01 11:00:00+10:00,2
9001,2025-10-01,12,1334.5,1229.0,2563.5,2025-10-01 12:00:00+10:00,2
9001,2025-10-01,13,1297.0,1432.0,2729.0,2025-10-01 13:00:00+10:00,2
9001,2025-10-01,14,1178.0,1225.0,2403.0,2025-10-01 14:00:00+10:00,2
9001,2025-10-01,15,1098.0,1083.0,2181.0,2025-10-01 15:00:00+10:00,2
9001,2025-10-01,16,1100.5,1074.0,2174.5,2025-10-01 16:00:00+10:00,2
9001,2025-10-01,17,1317.5,968.5,2286.0,2025-10-01 17:00:00+10:00,2
9001,2025-10-01,18,971.0,644.0,1615.0,2025-10-01 18:00:00+10:00,2
9001,2025-10-01,19,520.0,389.0,909.0,2025-10-01 19:00:00+10:00,2
9001,2025-10-01,20,221.5,262.5,484.0,2025-10-01 20:00:00+10:00,2
9001,2025-10-01,21,158.0,259.5,417.5,2025-10-01 21:00:00+10:00,2
9001,2025-10-01,22,77.5,129.0,206.5,2025-10-01 22:00:00+10:00,2
9001,2025-10-01,23,30.0,62.5,92.5,2025-10-01 23:00:00+10:00,2
9001,2025-10-02,0,17.5,23.0,40.5,2025-10-02 00:00:00+10:00,2
9001,2025-10-02,1,6.0,13.0,19.0,2025-10-02 01:00:00+10:00,2
9001,2025-10-02,2,7.0,7.0,14.0,2025-10-02 02:00:00+10:00,2
9001,2025-10-02,3,4.0,7.0,11.0,2025-10-02 03:00:00+10:00,2
9001,2025-10-02,4,4.0,6.0,10.0,2025-10-02 04:00:00+10:00,2
9001,2025-10-02,5,7.0,7.5,14.5,2025-10-02 05:00:00+10:00,2
9001,2025-10-02,6,26.0,48.5,74.5,2025-10-02 06:00:00+10:00,2
9001,2025-10-02,7,84.0,100.0,184.0,2025-10-02 07:00:00+10:00,2
9001,2025-10-02,8,180.5,254.0,434.5,2025-10-02 08:00:00+10:00,2
9001,2025-10-02,9,253.5,390.0,643.5,2025-10-02 09:00:00+10:00,2
9001,2025-10-02,10,426.0,559.0,985.0,2025-10-02 10:00:00+10:00,2
9001,2025-10-02,11,821.0,744.5,1565.5,2025-10-02 11:00:00+10:00,2
9001,2025-10-02,12,1279.5,1271.5,2551.0,2025-10-02 12:00:00+10:00,2
9001,2025-10-02,13,1256.5,1289.0,2545.5,2025-10-02 13:00:00+10:00,2
9001,2025-10-02,14,1103.5,1085.0,2188.5,2025-10-02 14:00:00+10:00,2
9001,2025-10-02,15,1044.0,1054.5,2098.5,2025-10-02 15:00:00+10:00,2
9001,2025-10-02,16,1014.0,970.5,1984.5,2025-10-02 16:00:00+10:00,2
9001,2025-10-02,17,1279.5,997.0,2276.5,2025-10-02 17:00:00+10:00,2
9001,2025-10-02,18,965.0,709.5,1674.5,2025-10-02 18:00:00+10:00,2
9001,2025-10-02,19,634.0,562.0,1196.0,2025-10-02 19:00:00+10:00,2
9001,2025-10-02,20,528.5,425.0,953.5,2025-10-02 20:00:00+10:00,2
9001,2025-10-02,21,209.0,243.5,452.5,2025-10-02 21:00:00+10:00,2
9001,2025-10-02,22,85.0,107.5,192.5,2025-10-02 22:00:00+10:00,2
9001,2025-10-02,23,48.0,54.5,102.5,2025-10-02 23:00:00+10:00,2
9001,2025-10-03,0,25.5,29.5,55.0,2025-10-03 00:00:00+10:00,2
9001,2025-10-03,1,10.0,23.5,33.5,2025-10-03 01:00:00+10:00,2
9001,2025-10-03,2,4.5,10.5,15.0,2025-10-03 02:00:00+10:00,2
9001,2025-10-03,3,6.0,11.5,17.5,2025-10-03 03:00:00+10:00,2
9001,2025-10-03,4,6.0,8.0,14.0,2025-10-03 04:00:00+10:00,2
9001,2025-10-03,5,6.5,15.0,21.5,2025-10-03 05:00:00+10:00,2
9001,2025-10-03,6,22.0,35.5,57.5,2025-10-03 06:00:00+10:00,2
9001,2025-10-03,7,64.5,80.5,145.0,2025-10-03 07:00:00+10:00,2
9001,2025-10-03,8,137.0,225.0,362.0,2025-10-03 08:00:00+10:00,2
9001,2025-10-03,9,280.0,392.0,672.0,2025-10-03 09:00:00+10:00,2
9001,2025-10-03,10,508.5,632.0,1140.5,2025-10-03 10:00:00+10:00,2
9001,2025-10-03,11,842.5,874.5,1717.0,2025-10-03 11:00:00+10:00,2
9001,2025-10-03,12,1308.0,1227.5,2535.5,2025-10-03 12:00:00+10:00,2
9001,2025-10-03,13,1321.0,1394.0,2715.0,2025-10-03 13:00:00+10:00,2
9001,2025-10-03,14,1321.0,1249.5,2570.5,2025-10-03 14:00:00+10:00,2
9001,2025-10-03,15,1245.5,1176.0,2421.5,2025-10-03 15:00:00+10:00,2
9001,2025-10-03,16,1269.0,1075.5,2344.5,2025-10-03 16:00:00+10:00,2
9001,2025-10-03,17,1393.5,1140.5,2534.0,2025-10-03 17:00:00+10:00,2
9001,2025-10-03,18,1156.5,846.5,2003.0,2025-10-03 18:00:00+10:00,2
9001,2025-10-03,19,862.5,664.5,1527.0,2025-10-03 19:00:00+10:00,2
9001,2025-10-03,20,684.0,594.0,1278.0,2025-10-03 20:00:00+10:00,2
9001,2025-10-03,21,429.5,360.5,790.0,2025-10-03 21:00:00+10:00,2
9001,2025-10-03,22,174.0,271.5,445.5,2025-10-03 22:00:00+10:00,2
9001,2025-10-03,23,84.0,141.5,225.5,2025-10-03 23:00:00+10:00,2
9001,2025-10-04,0,46.0,62.5,108.5,2025-10-04 00:00:00+10:00,2
9001,2025-10-04,1,35.5,64.0,99.5,2025-10-04 01:00:00+10:00,2
9001,2025-10-04,2,19.0,39.0,58.0,2025-10-04 02:00:00+10:00,2
9001,2025-10-04,3,12.5,19.5,32.0,2025-10-04 03:00:00+10:00,2
9001,2025-10-04,4,10.5,15.0,25.5,2025-10-04 04:00:00+10:00,2
9001,2025-10-04,5,6.5,3.0,9.5,2025-10-04 05:00:00+10:00,2
9001,2025-10-04,6,19.5,21.5,41.0,2025-10-04 06:00:00+10:00,2
9001,2025-10-04,7,34.0,45.5,79.5,2025-10-04 07:00:00+10:00,2
9001,2025-10-04,8,93.0,141.5,234.5,2025-10-04 08:00:00+10:00,2
9001,2025-10-04,9,283.5,396.0,679.5,2025-10-04 09:00:00+10:00,2
9001,2025-10-04,10,612.5,713.5,1326.0,2025-10-04 10:00:00+10:00,2
9001,2025-10-04,11,1035.5,1059.0,2094.5,2025-10-04 11:00:00+10:00,2
9001,2025-10-04,12,1398.5,1264.5,2663.0,2025-10-04 12:00:00+10:00,2
9001,2025-10-04,13,1425.0,1475.5,2900.5,2025-10-04 13:00:00+10:00,2
9001,2025-10-04,14,1535.0,1538.0,3073.0,2025-10-04 14:00:00+10:00,2
9001,2025-10-04,15,1506.5,1476.5,2983.0,2025-10-04 15:00:00+10:00,2
9001,2025-10-04,16,1619.5,1474.0,3093.5,2025-10-04 16:00:00+10:00,2
9001,2025-10-04,17,1376.0,1136.0,2512.0,2025-10-04 17:00:00+10:00,2
9001,2025-10-04,18,1189.5,798.5,1988.0,2025-10-04 18:00:00+10:00,2
9001,2025-10-04,19,853.5,563.5,1417.0,2025-10-04 19:00:00+10:00,2
9001,2025-10-04,20,410.5,476.5,887.0,2025-10-04 20:00:00+10:00,2
9001,2025-10-04,21,265.0,360.5,625.5,2025-10-04 21:00:00+10:00,2
9001,2025-10-04,22,195.0,313.5,508.5,2025-10-04 22:00:00+10:00,2
9001,2025-10-04,23,125.0,197.5,322.5,2025-10-04 23:00:00+10:00,2
9001,2025-10-05,0,61.0,91.5,152.5,2025-10-05 00:00:00+10:00,2
9001,2025-10-05,1,44.0,56.0,100.0,2025-10-05 01:00:00+10:00,2
9001,2025-10-05,3,23.5,67.0,90.5,2025-10-05 03:00:00+11:00,2
9001,2025-10-05,4,19.5,29.5,49.0,2025-10-05 04:00:00+11:00,2
9001,2025-10-05,5,12.5,9.0,21.5,2025-10-05 05:00:00+11:00,2
9001,2025-10-05,6,8.0,17.5,25.5,2025-10-05 06:00:00+11:00,2
9001,2025-10-05,7,20.5,26.5,47.0,2025-10-05 07:00:00+11:00,2
9001,2025-10-05,8,42.5,53.5,96.0,2025-10-05 08:00:00+11:00,2
9001,2025-10-05,9,140.0,176.5,316.5,2025-10-05 09:00:00+11:00,2
9001,2025-10-05,10,329.5,451.0,780.5,2025-10-05 10:00:00+11:00,2
9001,2025-10-05,11,755.0,706.5,1461.5,2025-10-05 11:00:00+11:00,2
9001,2025-10-05,12,969.0,823.5,1792.5,2025-10-05 12:00:00+11:00,2
9001,2025-10-05,13,1019.5,1113.5,2133.0,2025-10-05 13:00:00+11:00,2
9001,2025-10-05,14,1157.5,1222.5,2380.0,2025-10-05 14:00:00+11:00,2
9001,2025-10-05,15,1138.5,1170.5,2309.0,2025-10-05 15:00:00+11:00,2
9001,2025-10-05,16,1175.5,1101.5,2277.0,2025-10-05 16:00:00+11:00,2
9001,2025-10-05,17,906.5,784.0,1690.5,2025-10-05 17:00:00+11:00,2
9001,2025-10-05,18,798.5,512.5,1311.0,2025-10-05 18:00:00+11:00,2
9001,2025-10-05,19,432.5,322.5,755.0,2025-10-05 19:00:00+11:00,2
9001,2025-10-05,20,205.0,242.0,447.0,2025-10-05 20:00:00+11:00,2
9001,2025-10-05,21,112.5,170.5,283.0,2025-10-05 21:00:00+11:00,2
9001,2025-10-05,22,78.5,103.0,181.5,2025-10-05 22:00:00+11:00,2
9001,2025-10-05,23,36.5,55.5,92.0,2025-10-05 23:00:00+11:00,2
9001,2025-10-06,0,17.5,28.5,46.0,2025-10-06 00:00:00+11:00,2
9001,2025-10-06,1,8.0,10.5,18.5,2025-10-06 01:00:00+11:00,2
9001,2025-10-06,2,4.0,12.5,16.5,2025-10-06 02:00:00+11:00,2
9001,2025-10-06,3,5.0,5.0,10.0,2025-10-06 03:00:00+11:00,2
9001,2025-10-06,4,2.5,7.5,10.0,2025-10-06 04:00:00+11:00,2
9001,2025-10-06,5,4.0,4.0,8.0,2025-10-06 05:00:00+11:00,2
9001,2025-10-06,6,20.5,33.5,54.0,2025-10-06 06:00:00+11:00,2
9001,2025-10-06,7,59.0,70.5,129.5,2025-10-06 07:00:00+11:00,2
9001,2025-10-06,8,138.5,189.0,327.5,2025-10-06 08:00:00+11:00,2
9001,2025-10-06,9,193.5,274.0,467.5,2025-10-06 09:00:00+11:00,2
9001,2025-10-06,10,380.5,396.0,776.5,2025-10-06 10:00:00+11:00,2
9001,2025-10-06,11,621.5,667.0,1288.5,2025-10-06 11:00:00+11:00,2
9001,2025-10-06,12,1016.0,990.5,2006.5,2025-10-06 12:00:00+11:00,2
9001,2025-10-06,13,1091.0,1017.5,2108.5,2025-10-06 13:00:00+11:00,2
9001,2025-10-06,14,850.0,866.0,1716.0,2025-10-06 14:00:00+11:00,2
9001,2025-10-06,15,913.5,828.5,1742.0,2025-10-06 15:00:00+11:00,2
9001,2025-10-06,16,867.0,751.5,1618.5,2025-10-06 16:00:00+11:00,2
9001,2025-10-06,17,962.0,729.5,1691.5,2025-10-06 17:00:00+11:00,2
9001,2025-10-06,18,822.0,542.5,1364.5,2025-10-06 18:00:00+11:00,2
9001,2025-10-06,19,472.0,316.5,788.5,2025-10-06 19:00:00+11:00,2
9001,2025-10-06,20,220.0,256.5,476.5,2025-10-06 20:00:00+11:00,2
9001,2025-10-06,21,105.0,172.0,277.0,2025-10-06 21:00:00+11:00,2
9001,2025-10-06,22,60.5,87.5,148.0,2025-10-06 22:00:00+11:00,2
9001,2025-10-06,23,37.5,48.5,86.0,2025-10-06 23:00:00+11:00,2
9001,2025-10-07,0,10.5,22.0,32.5,2025-10-07 00:00:00+11:00,2
9001,2025-10-07,1,11.0,14.5,25.5,2025-10-07 01:00:00+11:00,2
9001,2025-10-07,2,2.0,6.0,8.0,2025-10-07 02:00:00+11:00,2
9001,2025-10-07,3,4.0,6.5,10.5,2025-10-07 03:00:00+11:00,2
9001,2025-10-07,4,1.0,5.5,6.5,2025-10-07 04:00:00+11:00,2
9001,2025-10-07,5,7.5,9.0,16.5,2025-10-07 05:00:00+11:00,2
9001,2025-10-07,6,19.0,43.0,62.0,2025-10-07 06:00:00+11:00,2
9001,2025-10-07,7,62.5,85.5,148.0,2025-10-07 07:00:00+11:00,2
9001,2025-10-07,8,140.5,272.5,413.0,2025-10-07 08:00:00+11:00,2
9001,2025-10-07,9,185.0,319.5,504.5,2025-10-07 09:00:00+11:00,2
9001,2025-10-07,10,356.0,410.5,766.5,2025-10-07 10:00:00+11:00,2
9001,2025-10-07,11,595.5,610.5,1206.0,2025-10-07 11:00:00+11:00,2
9001,2025-10-07,12,1110.5,1040.0,2150.5,2025-10-07 12:00:00+11:00,2
9001,2025-10-07,13,1134.0,1095.0,2229.0,2025-10-07 13:00:00+11:00,2
9001,2025-10-07,14,880.5,893.0,1773.5,2025-10-07 14:00:00+11:00,2
9001,2025-10-07,15,848.5,818.0,1666.5,2025-10-07 15:00:00+11:00,2
9001,2025-10-07,16,930.5,786.5,1717.0,2025-10-07 16:00:00+11:00,2
9001,2025-10-07,17,1101.0,847.0,1948.0,2025-10-07 17:00:00+11:00,2
9001,2025-10-07,18,993.5,670.5,1664.0,2025-10-07 18:00:00+11:00,2
9001,2025-10-07,19,659.5,461.0,1120.5,2025-10-07 19:00:00+11:00,2
9001,2025-10-07,20,345.0,394.5,739.5,2025-10-07 20:00:00+11:00,2
9001,2025-10-07,21,153.5,210.5,364.0,2025-10-07 21:00:00+11:00,2
9001,2025-10-07,22,75.0,95.5,170.5,2025-10-07 22:00:00+11:00,2
9001,2025-10-07,23,34.0,45.5,79.5,2025-10-07 23:00:00+11:00,2
9001,2025-10-08,0,15.5,29.0,44.5,2025-10-08 00:00:00+11:00,2
9001,2025-10-08,1,5.0,11.5,16.5,2025-10-08 01:00:00+11:00,2
9001,2025-10-08,2,10.5,8.5,19.0,2025-10-08 02:00:00+11:00,2
9001,2025-10-08,3,6.0,8.5,14.5,2025-10-08 03:00:00+11:00,2
9001,2025-10-08,4,3.5,5.5,9.0,2025-10-08 04:00:00+11:00,2
9001,2025-10-08,5,6.0,6.5,12.5,2025-10-08 05:00:00+11:00,2
9001,2025-10-08,6,27.5,44.5,72.0,2025-10-08 06:00:00+11:00,2
9001,2025-10-08,7,67.5,95.5,163.0,2025-10-08 07:00:00+11:00,2
9001,2025-10-08,8,161.0,258.0,419.0,2025-10-08 08:00:00+11:00,2
9001,2025-10-08,9,202.0,338.0,540.0,2025-10-08 09:00:00+11:00,2
9001,2025-10-08,10,361.5,429.0,790.5,2025-10-08 10:00:00+11:00,2
9001,2025-10-08,11,619.5,601.0,1220.5,2025-10-08 11:00:00+11:00,2
9001,2025-10-08,12,1108.5,1032.0,2140.5,2025-10-08 12:00:00+11:00,2
9001,2025-10-08,13,1105.0,1094.0,2199.0,2025-10-08 13:00:00+11:00,2
9001,2025-10-08,14,911.5,919.5,1831.0,2025-10-08 14:00:00+11:00,2
9001,2025-10-08,15,892.0,831.5,1723.5,2025-10-08 15:00:00+11:00,2
9001,2025-10-08,16,951.0,908.5,1859.5,2025-10-08 16:00:00+11:00,2
9001,2025-10-08,17,1066.5,856.5,1923.0,2025-10-08 17:00:00+11:00,2
9001,2025-10-08,18,1017.5,655.5,1673.0,2025-10-08 18:00:00+11:00,2
9001,2025-10-08,19,517.5,372.5,890.0,2025-10-08 19:00:00+11:00,2
9001,2025-10-08,20,293.5,283.0,576.5,2025-10-08 20:00:00+11:00,2
9001,2025-10-08,21,165.5,231.5,397.0,2025-10-08 21:00:00+11:00,2
9001,2025-10-08,22,76.0,134.0,210.0,2025-10-08 22:00:00+11:00,2
9001,2025-10-08,23,43.0,39.5,82.5,2025-10-08 23:00:00+11:00,2
9001,2025-10-09,0,17.0,27.5,44.5,2025-10-09 00:00:00+11:00,2
9001,2025-10-09,1,12.5,17.0,29.5,2025-10-09 01:00:00+11:00,2
9001,2025-10-09,2,5.5,13.0,18.5,2025-10-09 02:00:00+11:00,2
9001,2025-10-09,3,4.5,11.5,16.0,2025-10-09 03:00:00+11:00,2
9001,2025-10-09,4,3.0,2.5,5.5,2025-10-09 04:00:00+11:00,2
9001,2025-10-09,5,6.0,7.5,13.5,2025-10-09 05:00:00+11:00,2
9001,2025-10-09,6,23.5,43.0,66.5,2025-10-09 06:00:00+11:00,2
9001,2025-10-09,7,65.5,99.0,164.5,2025-10-09 07:00:00+11:00,2
9001,2025-10-09,8,139.0,256.5,395.5,2025-10-09 08:00:00+11:00,2
9001,2025-10-09,9,209.0,328.5,537.5,2025-10-09 09:00:00+11:00,2
9001,2025-10-09,10,405.5,463.5,869.0,2025-10-09 10:00:00+11:00,2
9001,2025-10-09,11,664.0,713.5,1377.5,2025-10-09 11:00:00+11:00,2
9001,2025-10-09,12,1151.5,1142.5,2294.0,2025-10-09 12:00:00+11:00,2
9001,2025-10-09,13,1230.5,1218.5,2449.0,2025-10-09 13:00:00+11:00,2
9001,2025-10-09,14,981.0,1009.0,1990.0,2025-10-09 14:00:00+11:00,2
9001,2025-10-09,15,958.5,916.5,1875.0,2025-10-09 15:00:00+11:00,2
9001,2025-10-09,16,989.5,941.5,1931.0,2025-10-09 16:00:00+11:00,2
9001,2025-10-09,17,1217.5,994.5,2212.0,2025-10-09 17:00:00+11:00,2
9001,2025-10-09,18,1035.5,745.5,1781.0,2025-10-09 18:00:00+11:00,2
9001,2025-10-09,19,759.5,651.5,1411.0,2025-10-09 19:00:00+11:00,2
9001,2025-10-09,20,564.5,463.5,1028.0,2025-10-09 20:00:00+11:00,2
9001,2025-10-09,21,307.0,296.0,603.0,2025-10-09 21:00:00+11:00,2
9001,2025-10-09,22,126.5,159.5,286.0,2025-10-09 22:00:00+11:00,2
9001,2025-10-09,23,64.0,76.5,140.5,2025-10-09 23:00:00+11:00,2
9001,2025-10-10,0,32.5,41.0,73.5,2025-10-10 00:00:00+11:00,2
9001,2025-10-10,1,17.5,23.5,41.0,2025-10-10 01:00:00+11:00,2
9001,2025-10-10,2,9.5,11.5,21.0,2025-10-10 02:00:00+11:00,2
9001,2025-10-10,3,7.5,8.5,16.0,2025-10-10 03:00:00+11:00,2
9001,2025-10-10,4,0.5,5.0,5.5,2025-10-10 04:00:00+11:00,2
9001,2025-10-10,5,4.5,7.5,12.0,2025-10-10 05:00:00+11:00,2
9001,2025-10-10,6,20.5,36.0,56.5,2025-10-10 06:00:00+11:00,2
9001,2025-10-10,7,47.0,84.5,131.5,2025-10-10 07:00:00+11:00,2
9001,2025-10-10,8,127.0,211.5,338.5,2025-10-10 08:00:00+11:00,2
9001,2025-10-10,9,235.5,383.0,618.5,2025-10-10 09:00:00+11:00,2
9001,2025-10-10,10,411.5,502.0,913.5,2025-10-10 10:00:00+11:00,2
9001,2025-10-10,11,666.5,612.5,1279.0,2025-10-10 11:00:00+11:00,2
9001,2025-10-10,12,987.5,961.5,1949.0,2025-10-10 12:00:00+11:00,2
9001,2025-10-10,13,1102.5,1089.0,2191.5,2025-10-10 13:00:00+11:00,2
9001,2025-10-10,14,954.5,909.0,1863.5,2025-10-10 14:00:00+11:00,2
9001,2025-10-10,15,1011.0,926.5,1937.5,2025-10-10 15:00:00+11:00,2
9001,2025-10-10,16,1000.0,901.0,1901.0,2025-10-10 16:00:00+11:00,2
9001,2025-10-10,17,1223.0,980.5,2203.5,2025-10-10 17:00:00+11:00,2
9001,2025-10-10,18,1119.0,798.5,1917.5,2025-10-10 18:00:00+11:00,2
9001,2025-10-10,19,827.5,755.5,1583.0,2025-10-10 19:00:00+11:00,2
9001,2025-10-10,20,772.0,636.5,1408.5,2025-10-10 20:00:00+11:00,2
9001,2025-10-10,21,404.5,402.0,806.5,2025-10-10 21:00:00+11:00,2
9001,2025-10-10,22,200.0,263.0,463.0,2025-10-10 22:00:00+11:00,2
9001,2025-10-10,23,115.5,167.0,282.5,2025-10-10 23:00:00+11:00,2
9001,2025-10-11,0,78.0,94.0,172.0,2025-10-11 00:00:00+11:00,2
9001,2025-10-11,1,37.5,51.0,88.5,2025-10-11 01:00:00+11:00,2
9001,2025-10-11,2,15.0,31.5,46.5,2025-10-11 02:00:00+11:00,2
9001,2025-10-11,3,15.0,22.0,37.0,2025-10-11 03:00:00+11:00,2
9001,2025-10-11,4,9.0,12.5,21.5,2025-10-11 04:00:00+11:00,2
9001,2025-10-11,5,8.5,15.0,23.5,2025-10-11 05:00:00+11:00,2
9001,2025-10-11,6,11.5,23.5,35.0,2025-10-11 06:00:00+11:00,2
9001,2025-10-11,7,29.0,32.0,61.0,2025-10-11 07:00:00+11:00,2
9001,2025-10-11,8,71.0,120.5,191.5,2025-10-11 08:00:00+11:00,2
9001,2025-10-11,9,188.0,315.5,503.5,2025-10-11 09:00:00+11:00,2
9001,2025-10-11,10,458.0,615.0,1073.0,2025-10-11 10:00:00+11:00,2
9001,2025-10-11,11,845.5,888.5,1734.0,2025-10-11 11:00:00+11:00,2
9001,2025-10-11,12,1163.5,1166.5,2330.0,2025-10-11 12:00:00+11:00,2
9001,2025-10-11,13,1376.0,1344.5,2720.5,2025-10-11 13:00:00+11:00,2
9001,2025-10-11,14,1402.0,1487.0,2889.0,2025-10-11 14:00:00+11:00,2
9001,2025-10-11,15,1487.5,1491.0,2978.5,2025-10-11 15:00:00+11:00,2
9001,2025-10-11,16,1474.5,1375.5,2850.0,2025-10-11 16:00:00+11:00,2
9001,2025-10-11,17,1401.5,1079.5,2481.0,2025-10-11 17:00:00+11:00,2
9001,2025-10-11,18,1227.0,816.0,2043.0,2025-10-11 18:00:00+11:00,2
9001,2025-10-11,19,901.5,578.5,1480.0,2025-10-11 19:00:00+11:00,2
9001,2025-10-11,20,376.0,371.0,747.0,2025-10-11 20:00:00+11:00,2
9001,2025-10-11,21,212.5,285.5,498.0,2025-10-11 21:00:00+11:00,2
9001,2025-10-11,22,141.5,169.5,311.0,2025-10-11 22:00:00+11:00,2
9001,2025-10-11,23,97.5,126.5,224.0,2025-10-11 23:00:00+11:00,2
9001,2025-10-12,0,57.5,81.0,138.5,2025-10-12 00:00:00+11:00,2
9001,2025-10-12,1,32.0,67.5,99.5,2025-10-12 01:00:00+11:00,2
9001,2025-10-12,2,27.0,63.0,90.0,2025-10-12 02:00:00+11:00,2
9001,2025-10-12,3,19.5,32.5,52.0,2025-10-12 03:00:00+11:00,2
9001,2025-10-12,4,9.5,14.5,24.0,2025-10-12 04:00:00+11:00,2
9001,2025-10-12,5,12.5,12.0,24.5,2025-10-12 05:00:00+11:00,2
9001,2025-10-12,6,23.5,19.5,43.0,2025-10-12 06:00:00+11:00,2
9001,2025-10-12,7,28.5,34.5,63.0,2025-10-12 07:00:00+11:00,2
9001,2025-10-12,8,69.0,71.5,140.5,2025-10-12 08:00:00+11:00,2
9001,2025-10-12,9,140.0,230.0,370.0,2025-10-12 09:00:00+11:00,2
9001,2025-10-12,10,365.0,484.0,849.0,2025-10-12 10:00:00+11:00,2
9001,2025-10-12,11,680.0,667.5,1347.5,2025-10-12 11:00:00+11:00,2
9001,2025-10-12,12,878.0,885.0,1763.0,2025-10-12 12:00:00+11:00,2
9001,2025-10-12,13,999.0,1137.0,2136.0,2025-10-12 13:00:00+11:00,2
9001,2025-10-12,14,1120.0,1109.5,2229.5,2025-10-12 14:00:00+11:00,2
9001,2025-10-12,15,1089.5,1136.5,2226.0,2025-10-12 15:00:00+11:00,2
9001,2025-10-12,16,1079.5,960.5,2040.0,2025-10-12 16:00:00+11:00,2
9001,2025-10-12,17,901.0,736.0,1637.0,2025-10-12 17:00:00+11:00,2
9001,2025-10-12,18,785.0,535.0,1320.0,2025-10-12 18:00:00+11:00,2
9001,2025-10-12,19,346.0,192.5,538.5,2025-10-12 19:00:00+11:00,2
9001,2025-10-12,20,182.0,250.0,432.0,2025-10-12 20:00:00+11:00,2
9001,2025-10-12,21,105.5,157.0,262.5,2025-10-12 21:00:00+11:00,2
9001,2025-10-12,22,56.5,93.0,149.5,2025-10-12 22:00:00+11:00,2
9001,2025-10-12,23,31.5,47.5,79.0,2025-10-12 23:00:00+11:00,2
9001,2025-10-13,0,15.0,26.0,41.0,2025-10-13 00:00:00+11:00,2
9001,2025-10-13,1,4.5,13.0,17.5,2025-10-13 01:00:00+11:00,2
9001,2025-10-13,2,6.0,15.0,21.0,2025-10-13 02:00:00+11:00,2
9001,2025-10-13,3,5.0,10.0,15.0,2025-10-13 03:00:00+11:00,2
9001,2025-10-13,4,3.5,6.5,10.0,2025-10-13 04:00:00+11:00,2
9001,2025-10-13,5,3.0,8.5,11.5,2025-10-13 05:00:00+11:00,2
9001,2025-10-13,6,24.5,34.5,59.0,2025-10-13 06:00:00+11:00,2
9001,2025-10-13,7,61.0,86.0,147.0,2025-10-13 07:00:00+11:00,2
9001,2025-10-13,8,154.5,248.0,402.5,2025-10-13 08:00:00+11:00,2
9001,2025-10-13,9,229.0,330.5,559.5,2025-10-13 09:00:00+11:00,2
9001,2025-10-13,10,381.0,463.5,844.5,2025-10-13 10:00:00+11:00,2
9001,2025-10-13,11,585.0,596.5,1181.5,2025-10-13 11:00:00+11:00,2
9001,2025-10-13,12,957.5,969.5,1927.0,2025-10-13 12:00:00+11:00,2
9001,2025-10-13,13,1031.5,1022.0,2053.5,2025-10-13 13:00:00+11:00,2
9001,2025-10-13,14,903.5,854.0,1757.5,2025-10-13 14:00:00+11:00,2
9001,2025-10-13,15,857.5,797.0,1654.5,2025-10-13 15:00:00+11:00,2
9001,2025-10-13,16,855.5,744.5,1600.0,2025-10-13 16:00:00+11:00,2
9001,2025-10-13,17,1012.0,723.0,1735.0,2025-10-13 17:00:00+11:00,2
9001,2025-10-13,18,784.5,501.5,1286.0,2025-10-13 18:00:00+11:00,2
9001,2025-10-13,19,432.5,296.5,729.0,2025-10-13 19:00:00+11:00,2
9001,2025-10-13,20,190.5,214.5,405.0,2025-10-13 20:00:00+11:00,2
9001,2025-10-13,21,133.5,169.5,303.0,2025-10-13 21:00:00+11:00,2
9001,2025-10-13,22,60.0,86.0,146.0,2025-10-13 22:00:00+11:00,2
9001,2025-10-13,23,25.5,43.0,68.5,2025-10-13 23:00:00+11:00,2
9001,2025-10-14,0,9.5,19.0,28.5,2025-10-14 00:00:00+11:00,2
9001,2025-10-14,1,6.5,13.5,20.0,2025-10-14 01:00:00+11:00,2
9001,2025-10-14,2,10.5,4.5,15.0,2025-10-14 02:00:00+11:00,2
9001,2025-10-14,3,1.5,6.0,7.5,2025-10-14 03:00:00+11:00,2
9001,2025-10-14,4,0.0,5.0,5.0,2025-10-14 04:00:00+11:00,2
9001,2025-10-14,5,5.5,11.5,17.0,2025-10-14 05:00:00+11:00,2
9001,2025-10-14,6,18.5,40.5,59.0,2025-10-14 06:00:00+11:00,2
9001,2025-10-14,7,73.5,92.5,166.0,2025-10-14 07:00:00+11:00,2
9001,2025-10-14,8,158.0,263.0,421.0,2025-10-14 08:00:00+11:00,2
9001,2025-10-14,9,201.5,372.0,573.5,2025-10-14 09:00:00+11:00,2
9001,2025-10-14,10,344.0,420.5,764.5,2025-10-14 10:00:00+11:00,2
9001,2025-10-14,11,604.0,601.0,1205.0,2025-10-14 11:00:00+11:00,2
9001,2025-10-14,12,1147.5,1077.5,2225.0,2025-10-14 12:00:00+11:00,2
9001,2025-10-14,13,1082.0,1124.0,2206.0,2025-10-14 13:00:00+11:00,2
9001,2025-10-14,14,843.5,868.5,1712.0,2025-10-14 14:00:00+11:00,2
9001,2025-10-14,15,817.0,751.0,1568.0,2025-10-14 15:00:00+11:00,2
9001,2025-10-14,16,848.0,754.0,1602.0,2025-10-14 16:00:00+11:00,2
9001,2025-10-14,17,1072.5,817.0,1889.5,2025-10-14 17:00:00+11:00,2
9001,2025-10-14,18,896.0,589.0,1485.0,2025-10-14 18:00:00+11:00,2
9001,2025-10-14,19,477.0,348.0,825.0,2025-10-14 19:00:00+11:00,2
9001,2025-10-14,20,215.5,264.5,480.0,2025-10-14 20:00:00+11:00,2
9001,2025-10-14,21,136.0,171.0,307.0,2025-10-14 21:00:00+11:00,2
9001,2025-10-14,22,68.5,89.0,157.5,2025-10-14 22:00:00+11:00,2
9001,2025-10-14,23,30.0,39.0,69.0,2025-10-14 23:00:00+11:00,2
9001,2025-10-15,0,11.5,21.5,33.0,2025-10-15 00:00:00+11:00,2
9001,2025-10-15,1,11.5,16.0,27.5,2025-10-15 01:00:00+11:00,2
9001,2025-10-15,2,3.0,11.0,14.0,2025-10-15 02:00:00+11:00,2
9001,2025-10-15,3,6.0,3.0,9.0,2025-10-15 03:00:00+11:00,2
9001,2025-10-15,4,5.0,6.5,11.5,2025-10-15 04:00:00+11:00,2
9001,2025-10-15,5,2.5,5.5,8.0,2025-10-15 05:00:00+11:00,2
9001,2025-10-15,6,23.0,40.5,63.5,2025-10-15 06:00:00+11:00,2
9001,2025-10-15,7,57.0,114.5,171.5,2025-10-15 07:00:00+11:00,2
9001,2025-10-15,8,153.5,255.0,408.5,2025-10-15 08:00:00+11:00,2
9001,2025-10-15,9,216.5,335.0,551.5,2025-10-15 09:00:00+11:00,2
9001,2025-10-15,10,416.0,402.5,818.5,2025-10-15 10:00:00+11:00,2
9001,2025-10-15,11,641.5,583.5,1225.0,2025-10-15 11:00:00+11:00,2
9001,2025-10-15,12,1172.0,1065.0,2237.0,2025-10-15 12:00:00+11:00,2
9001,2025-10-15,13,1110.5,1127.5,2238.0,2025-10-15 13:00:00+11:00,2
9001,2025-10-15,14,919.5,876.5,1796.0,2025-10-15 14:00:00+11:00,2
9001,2025-10-15,15,894.0,842.5,1736.5,2025-10-15 15:00:00+11:00,2
9001,2025-10-15,16,953.0,799.5,1752.5,2025-10-15 16:00:00+11:00,2
9001,2025-10-15,17,1131.5,831.5,1963.0,2025-10-15 17:00:00+11:00,2
9001,2025-10-15,18,874.5,617.5,1492.0,2025-10-15 18:00:00+11:00,2
9001,2025-10-15,19,481.5,336.0,817.5,2025-10-15 19:00:00+11:00,2
9001,2025-10-15,20,235.5,240.5,476.0,2025-10-15 20:00:00+11:00,2
9001,2025-10-15,21,125.5,226.5,352.0,2025-10-15 21:00:00+11:00,2
9001,2025-10-15,22,77.5,127.0,204.5,2025-10-15 22:00:00+11:00,2
9001,2025-10-15,23,44.0,46.5,90.5,2025-10-15 23:00:00+11:00,2
9001,2025-10-16,0,21.0,31.5,52.5,2025-10-16 00:00:00+11:00,2
9001,2025-10-16,1,7.5,19.0,26.5,2025-10-16 01:00:00+11:00,2
9001,2025-10-16,2,5.5,11.0,16.5,2025-10-16 02:00:00+11:00,2
9001,2025-10-16,3,4.5,7.0,11.5,2025-10-16 03:00:00+11:00,2
9001,2025-10-16,4,3.5,3.0,6.5,2025-10-16 04:00:00+11:00,2
9001,2025-10-16,5,3.5,7.0,10.5,2025-10-16 05:00:00+11:00,2
9001,2025-10-16,6,20.5,32.0,52.5,2025-10-16 06:00:00+11:00,2
9001,2025-10-16,7,65.0,108.0,173.0,2025-10-16 07:00:00+11:00,2
9001,2025-10-16,8,166.5,256.0,422.5,2025-10-16 08:00:00+11:00,2
9001,2025-10-16,9,241.0,371.0,612.0,2025-10-16 09:00:00+11:00,2
9001,2025-10-16,10,419.0,510.0,929.0,2025-10-16 10:00:00+11:00,2
9001,2025-10-16,11,605.5,662.5,1268.0,2025-10-16 11:00:00+11:00,2
9001,2025-10-16,12,1157.0,1102.0,2259.0,2025-10-16 12:00:00+11:00,2
9001,2025-10-16,13,1095.0,1097.5,2192.5,2025-10-16 13:00:00+11:00,2
9001,2025-10-16,14,848.5,838.5,1687.0,2025-10-16 14:00:00+11:00,2
9001,2025-10-16,15,864.0,800.5,1664.5,2025-10-16 15:00:00+11:00,2
9001,2025-10-16,16,965.5,784.5,1750.0,2025-10-16 16:00:00+11:00,2
9001,2025-10-16,17,1169.5,951.5,2121.0,2025-10-16 17:00:00+11:00,2
9001,2025-10-16,18,878.0,605.0,1483.0,2025-10-16 18:00:00+11:00,2
9001,2025-10-16,19,654.0,578.0,1232.0,2025-10-16 19:00:00+11:00,2
9001,2025-10-16,20,456.0,399.5,855.5,2025-10-16 20:00:00+11:00,2
9001,2025-10-16,21,250.0,223.0,473.0,2025-10-16 21:00:00+11:00,2
9001,2025-10-16,22,102.0,122.5,224.5,2025-10-16 22:00:00+11:00,2
9001,2025-10-16,23,40.0,64.0,104.0,2025-10-16 23:00:00+11:00,2
9001,2025-10-17,0,17.5,39.0,56.5,2025-10-17 00:00:00+11:00,2
9001,2025-10-17,1,14.5,29.5,44.0,2025-10-17 01:00:00+11:00,2
9001,2025-10-17,2,8.0,21.0,29.0,2025-10-17 02:00:00+11:00,2
9001,2025-10-17,3,5.5,18.0,23.5,2025-10-17 03:00:00+11:00,2
9001,2025-10-17,4,6.5,16.0,22.5,2025-10-17 04:00:00+11:00,2
9001,2025-10-17,5,6.0,9.5,15.5,2025-10-17 05:00:00+11:00,2
9001,2025-10-17,6,12.0,31.5,43.5,2025-10-17 06:00:00+11:00,2
9001,2025-10-17,7,39.0,76.0,115.0,2025-10-17 07:00:00+11:00,2
9001,2025-10-17,8,128.0,198.5,326.5,2025-10-17 08:00:00+11:00,2
9001,2025-10-17,9,265.0,316.5,581.5,2025-10-17 09:00:00+11:00,2
9001,2025-10-17,10,403.0,527.0,930.0,2025-10-17 10:00:00+11:00,2
9001,2025-10-17,11,662.0,675.5,1337.5,2025-10-17 11:00:00+11:00,2
9001,2025-10-17,12,1008.5,939.0,1947.5,2025-10-17 12:00:00+11:00,2
9001,2025-10-17,13,1052.0,1054.5,2106.5,2025-10-17 13:00:00+11:00,2
9001,2025-10-17,14,1015.0,984.0,1999.0,2025-10-17 14:00:00+11:00,2
9001,2025-10-17,15,970.5,959.0,1929.5,2025-10-17 15:00:00+11:00,2
9001,2025-10-17,16,1033.5,989.5,2023.0,2025-10-17 16:00:00+11:00,2
9001,2025-10-17,17,1293.5,1022.5,2316.0,2025-10-17 17:00:00+11:00,2
9001,2025-10-17,18,1030.5,819.0,1849.5,2025-10-17 18:00:00+11:00,2
9001,2025-10-17,19,797.0,693.0,1490.0,2025-10-17 19:00:00+11:00,2
9001,2025-10-17,20,686.5,517.0,1203.5,2025-10-17 20:00:00+11:00,2
9001,2025-10-17,21,441.0,300.0,741.0,2025-10-17 21:00:00+11:00,2
9001,2025-10-17,22,145.0,194.5,339.5,2025-10-17 22:00:00+11:00,2
9001,2025-10-17,23,111.0,137.0,248.0,2025-10-17 23:00:00+11:00,2
9001,2025-10-18,0,50.0,67.5,117.5,2025-10-18 00:00:00+11:00,2
9001,2025-10-18,1,24.5,51.0,75.5,2025-10-18 01:00:00+11:00,2
9001,2025-10-18,2,17.5,22.0,39.5,2025-10-18 02:00:00+11:00,2
9001,2025-10-18,3,12.0,20.0,32.0,2025-10-18 03:00:00+11:00,2
9001,2025-10-18,4,8.5,9.0,17.5,2025-10-18 04:00:00+11:00,2
9001,2025-10-18,5,11.5,9.5,21.0,2025-10-18 05:00:00+11:00,2
9001,2025-10-18,6,14.0,28.5,42.5,2025-10-18 06:00:00+11:00,2
9001,2025-10-18,7,20.5,32.5,53.0,2025-10-18 07:00:00+11:00,2
9001,2025-10-18,8,87.0,125.0,212.0,2025-10-18 08:00:00+11:00,2
9001,2025-10-18,9,199.5,327.5,527.0,2025-10-18 09:00:00+11:00,2
9001,2025-10-18,10,505.0,588.5,1093.5,2025-10-18 10:00:00+11:00,2
9001,2025-10-18,11,905.5,885.0,1790.5,2025-10-18 11:00:00+11:00,2
9001,2025-10-18,12,1257.0,1140.0,2397.0,2025-10-18 12:00:00+11:00,2
9001,2025-10-18,13,1315.0,1410.5,2725.5,2025-10-18 13:00:00+11:00,2
9001,2025-10-18,14,1488.5,1520.5,3009.0,2025-10-18 14:00:00+11:00,2
9001,2025-10-18,15,1470.0,1581.0,3051.0,2025-10-18 15:00:00+11:00,2
9001,2025-10-18,16,1506.0,1379.0,2885.0,2025-10-18 16:00:00+11:00,2
9001,2025-10-18,17,1365.0,1103.0,2468.0,2025-10-18 17:00:00+11:00,2
9001,2025-10-18,18,1183.0,816.5,1999.5,2025-10-18 18:00:00+11:00,2
9001,2025-10-18,19,823.0,573.5,1396.5,2025-10-18 19:00:00+11:00,2
9001,2025-10-18,20,360.0,378.5,738.5,2025-10-18 20:00:00+11:00,2
9001,2025-10-18,21,257.5,247.5,505.0,2025-10-18 21:00:00+11:00,2
9001,2025-10-18,22,172.0,243.5,415.5,2025-10-18 22:00:00+11:00,2
9001,2025-10-18,23,111.5,161.0,272.5,2025-10-18 23:00:00+11:00,2
9001,2025-10-19,0,80.0,92.0,172.0,2025-10-19 00:00:00+11:00,2
9001,2025-10-19,1,46.0,55.5,101.5,2025-10-19 01:00:00+11:00,2
9001,2025-10-19,2,28.0,51.0,79.0,2025-10-19 02:00:00+11:00,2
9001,2025-10-19,3,16.0,34.5,50.5,2025-10-19 03:00:00+11:00,2
9001,2025-10-19,4,13.5,15.0,28.5,2025-10-19 04:00:00+11:00,2
9001,2025-10-19,5,4.5,17.0,21.5,2025-10-19 05:00:00+11:00,2
9001,2025-10-19,6,13.0,23.0,36.0,2025-10-19 06:00:00+11:00,2
9001,2025-10-19,7,31.5,43.0,74.5,2025-10-19 07:00:00+11:00,2
9001,2025-10-19,8,71.5,72.0,143.5,2025-10-19 08:00:00+11:00,2
9001,2025-10-19,9,190.0,251.5,441.5,2025-10-19 09:00:00+11:00,2
9001,2025-10-19,10,389.5,534.5,924.0,2025-10-19 10:00:00+11:00,2
9001,2025-10-19,11,841.5,775.0,1616.5,2025-10-19 11:00:00+11:00,2
9001,2025-10-19,12,1167.5,884.0,2051.5,2025-10-19 12:00:00+11:00,2
9001,2025-10-19,13,1113.5,1039.5,2153.0,2025-10-19 13:00:00+11:00,2
9001,2025-10-19,14,1244.5,1184.0,2428.5,2025-10-19 14:00:00+11:00,2
9001,2025-10-19,15,1101.5,1028.5,2130.0,2025-10-19 15:00:00+11:00,2
9001,2025-10-19,16,1064.0,873.0,1937.0,2025-10-19 16:00:00+11:00,2
9001,2025-10-19,17,844.5,643.5,1488.0,2025-10-19 17:00:00+11:00,2
9001,2025-10-19,18,634.0,449.0,1083.0,2025-10-19 18:00:00+11:00,2
9001,2025-10-19,19,400.0,271.0,671.0,2025-10-19 19:00:00+11:00,2
9001,2025-10-19,20,198.5,211.0,409.5,2025-10-19 20:00:00+11:00,2
9001,2025-10-19,21,125.5,160.5,286.0,2025-10-19 21:00:00+11:00,2
9001,2025-10-19,22,55.0,91.5,146.5,2025-10-19 22:00:00+11:00,2
9001,2025-10-19,23,29.5,48.0,77.5,2025-10-19 23:00:00+11:00,2
9001,2025-10-20,0,13.5,20.5,34.0,2025-10-20 00:00:00+11:00,2
9001,2025-10-20,1,7.5,13.0,20.5,2025-10-20 01:00:00+11:00,2
9001,2025-10-20,2,2.0,6.0,8.0,2025-10-20 02:00:00+11:00,2
9001,2025-10-20,3,7.5,5.0,12.5,2025-10-20 03:00:00+11:00,2
9001,2025-10-20,4,1.5,6.5,8.0,2025-10-20 04:00:00+11:00,2
9001,2025-10-20,5,6.0,6.5,12.5,2025-10-20 05:00:00+11:00,2
9001,2025-10-20,6,20.0,29.5,49.5,2025-10-20 06:00:00+11:00,2
9001,2025-10-20,7,35.5,70.5,106.0,2025-10-20 07:00:00+11:00,2
9001,2025-10-20,8,90.0,133.5,223.5,2025-10-20 08:00:00+11:00,2
9001,2025-10-20,9,183.5,256.0,439.5,2025-10-20 09:00:00+11:00,2
9001,2025-10-20,10,366.0,371.5,737.5,2025-10-20 10:00:00+11:00,2
9001,2025-10-20,11,524.0,538.0,1062.0,2025-10-20 11:00:00+11:00,2
9001,2025-10-20,12,958.0,867.5,1825.5,2025-10-20 12:00:00+11:00,2
9001,2025-10-20,13,977.0,948.0,1925.0,2025-10-20 13:00:00+11:00,2
9001,2025-10-20,14,780.5,825.0,1605.5,2025-10-20 14:00:00+11:00,2
9001,2025-10-20,15,799.5,739.0,1538.5,2025-10-20 15:00:00+11:00,2
9001,2025-10-20,16,801.0,687.0,1488.0,2025-10-20 16:00:00+11:00,2
9001,2025-10-20,17,931.5,700.5,1632.0,2025-10-20 17:00:00+11:00,2
9001,2025-10-20,18,743.5,512.0,1255.5,2025-10-20 18:00:00+11:00,2
9001,2025-10-20,19,438.0,277.0,715.0,2025-10-20 19:00:00+11:00,2
9001,2025-10-20,20,199.5,238.5,438.0,2025-10-20 20:00:00+11:00,2
9001,2025-10-20,21,125.5,134.5,260.0,2025-10-20 21:00:00+11:00,2
9001,2025-10-20,22,65.0,72.5,137.5,2025-10-20 22:00:00+11:00,2
9001,2025-10-20,23,29.0,35.0,64.0,2025-10-20 23:00:00+11:00,2
9001,2025-10-21,0,21.5,28.5,50.0,2025-10-21 00:00:00+11:00,2
9001,2025-10-21,1,12.0,16.0,28.0,2025-10-21 01:00:00+11:00,2
9001,2025-10-21,2,8.5,51.5,60.0,2025-10-21 02:00:00+11:00,2
9001,2025-10-21,3,4.5,7.0,11.5,2025-10-21 03:00:00+11:00,2
9001,2025-10-21,4,0.5,6.5,7.0,2025-10-21 04:00:00+11:00,2
9001,2025-10-21,5,3.5,9.0,12.5,2025-10-21 05:00:00+11:00,2
9001,2025-10-21,6,21.0,46.0,67.0,2025-10-21 06:00:00+11:00,2
9001,2025-10-21,7,64.5,106.5,171.0,2025-10-21 07:00:00+11:00,2
9001,2025-10-21,8,154.5,278.5,433.0,2025-10-21 08:00:00+11:00,2
9001,2025-10-21,9,250.0,336.5,586.5,2025-10-21 09:00:00+11:00,2
9001,2025-10-21,10,365.0,413.0,778.0,2025-10-21 10:00:00+11:00,2
9001,2025-10-21,11,613.0,604.5,1217.5,2025-10-21 11:00:00+11:00,2
9001,2025-10-21,12,1121.5,1078.5,2200.0,2025-10-21 12:00:00+11:00,2
9001,2025-10-21,13,1007.5,1119.0,2126.5,2025-10-21 13:00:00+11:00,2
9001,2025-10-21,14,861.5,828.0,1689.5,2025-10-21 14:00:00+11:00,2
9001,2025-10-21,15,815.0,736.5,1551.5,2025-10-21 15:00:00+11:00,2
9001,2025-10-21,16,852.5,827.0,1679.5,2025-10-21 16:00:00+11:00,2
9001,2025-10-21,17,1155.5,821.5,1977.0,2025-10-21 17:00:00+11:00,2
9001,2025-10-21,18,863.0,562.0,1425.0,2025-10-21 18:00:00+11:00,2
9001,2025-10-21,19,469.0,296.0,765.0,2025-10-21 19:00:00+11:00,2
9001,2025-10-21,20,238.0,251.5,489.5,2025-10-21 20:00:00+11:00,2
9001,2025-10-21,21,158.5,199.5,358.0,2025-10-21 21:00:00+11:00,2
9001,2025-10-21,22,64.0,97.0,161.0,2025-10-21 22:00:00+11:00,2
9001,2025-10-21,23,24.5,41.5,66.0,2025-10-21 23:00:00+11:00,2
9001,2025-10-22,0,22.5,25.5,48.0,2025-10-22 00:00:00+11:00,2
9001,2025-10-22,1,13.0,13.0,26.0,2025-10-22 01:00:00+11:00,2
9001,2025-10-22,2,3.0,10.0,13.0,2025-10-22 02:00:00+11:00,2
9001,2025-10-22,3,5.5,5.5,11.0,2025-10-22 03:00:00+11:00,2
9001,2025-10-22,4,2.5,5.5,8.0,2025-10-22 04:00:00+11:00,2
9001,2025-10-22,5,7.0,9.5,16.5,2025-10-22 05:00:00+11:00,2
9001,2025-10-22,6,19.5,46.5,66.0,2025-10-22 06:00:00+11:00,2
9001,2025-10-22,7,45.5,79.5,125.0,2025-10-22 07:00:00+11:00,2
9001,2025-10-22,8,105.5,177.0,282.5,2025-10-22 08:00:00+11:00,2
9001,2025-10-22,9,125.5,215.5,341.0,2025-10-22 09:00:00+11:00,2
9001,2025-10-22,10,207.5,238.5,446.0,2025-10-22 10:00:00+11:00,2
9001,2025-10-22,11,505.5,476.5,982.0,2025-10-22 11:00:00+11:00,2
9001,2025-10-22,12,946.5,855.5,1802.0,2025-10-22 12:00:00+11:00,2
9001,2025-10-22,13,957.0,943.5,1900.5,2025-10-22 13:00:00+11:00,2
9001,2025-10-22,14,809.0,801.0,1610.0,2025-10-22 14:00:00+11:00,2
9001,2025-10-22,15,805.5,759.5,1565.0,2025-10-22 15:00:00+11:00,2
9001,2025-10-22,16,829.5,724.0,1553.5,2025-10-22 16:00:00+11:00,2
9001,2025-10-22,17,937.5,663.5,1601.0,2025-10-22 17:00:00+11:00,2
9001,2025-10-22,18,794.0,453.5,1247.5,2025-10-22 18:00:00+11:00,2
9001,2025-10-22,19,256.5,161.5,418.0,2025-10-22 19:00:00+11:00,2
9001,2025-10-22,20,143.0,105.5,248.5,2025-10-22 20:00:00+11:00,2
9001,2025-10-22,21,108.5,137.5,246.0,2025-10-22 21:00:00+11:00,2
9001,2025-10-22,22,57.5,73.0,130.5,2025-10-22 22:00:00+11:00,2
9001,2025-10-22,23,24.0,45.0,69.0,2025-10-22 23:00:00+11:00,2
9001,2025-10-23,0,17.0,28.5,45.5,2025-10-23 00:00:00+11:00,2
9001,2025-10-23,1,8.5,15.5,24.0,2025-10-23 01:00:00+11:00,2
9001,2025-10-23,2,5.5,5.5,11.0,2025-10-23 02:00:00+11:00,2
9001,2025-10-23,3,6.0,12.5,18.5,2025-10-23 03:00:00+11:00,2
9001,2025-10-23,4,1.5,5.0,6.5,2025-10-23 04:00:00+11:00,2
9001,2025-10-23,5,5.0,9.0,14.0,2025-10-23 05:00:00+11:00,2
9001,2025-10-23,6,18.0,31.5,49.5,2025-10-23 06:00:00+11:00,2
9001,2025-10-23,7,69.5,120.5,190.0,2025-10-23 07:00:00+11:00,2
9001,2025-10-23,8,154.0,250.5,404.5,2025-10-23 08:00:00+11:00,2
9001,2025-10-23,9,232.0,359.0,591.0,2025-10-23 09:00:00+11:00,2
9001,2025-10-23,10,394.5,508.5,903.0,2025-10-23 10:00:00+11:00,2
9001,2025-10-23,11,717.5,715.5,1433.0,2025-10-23 11:00:00+11:00,2
9001,2025-10-23,12,1184.5,1083.5,2268.0,2025-10-23 12:00:00+11:00,2
9001,2025-10-23,13,1143.0,1191.0,2334.0,2025-10-23 13:00:00+11:00,2
9001,2025-10-23,14,958.0,929.5,1887.5,2025-10-23 14:00:00+11:00,2
9001,2025-10-23,15,991.5,867.5,1859.0,2025-10-23 15:00:00+11:00,2
9001,2025-10-23,16,1034.0,951.0,1985.0,2025-10-23 16:00:00+11:00,2
9001,2025-10-23,17,1316.5,989.0,2305.5,2025-10-23 17:00:00+11:00,2
9001,2025-10-23,18,1036.5,789.0,1825.5,2025-10-23 18:00:00+11:00,2
9001,2025-10-23,19,762.5,652.0,1414.5,2025-10-23 19:00:00+11:00,2
9001,2025-10-23,20,579.0,454.5,1033.5,2025-10-23 20:00:00+11:00,2
9001,2025-10-23,21,283.5,236.5,520.0,2025-10-23 21:00:00+11:00,2
9001,2025-10-23,22,98.0,132.5,230.5,2025-10-23 22:00:00+11:00,2
9001,2025-10-23,23,43.0,75.5,118.5,2025-10-23 23:00:00+11:00,2
9001,2025-10-24,0,21.5,41.5,63.0,2025-10-24 00:00:00+11:00,2
9001,2025-10-24,1,9.5,29.0,38.5,2025-10-24 01:00:00+11:00,2
9001,2025-10-24,2,7.0,16.5,23.5,2025-10-24 02:00:00+11:00,2
9001,2025-10-24,3,3.5,13.5,17.0,2025-10-24 03:00:00+11:00,2
9001,2025-10-24,4,4.0,8.0,12.0,2025-10-24 04:00:00+11:00,2
9001,2025-10-24,5,5.5,10.0,15.5,2025-10-24 05:00:00+11:00,2
9001,2025-10-24,6,16.0,38.5,54.5,2025-10-24 06:00:00+11:00,2
9001,2025-10-24,7,46.0,73.0,119.0,2025-10-24 07:00:00+11:00,2
9001,2025-10-24,8,178.0,186.5,364.5,2025-10-24 08:00:00+11:00,2
9001,2025-10-24,9,246.5,366.0,612.5,2025-10-24 09:00:00+11:00,2
9001,2025-10-24,10,430.0,511.5,941.5,2025-10-24 10:00:00+11:00,2
9001,2025-10-24,11,725.5,741.0,1466.5,2025-10-24 11:00:00+11:00,2
9001,2025-10-24,12,1085.5,988.5,2074.0,2025-10-24 12:00:00+11:00,2
9001,2025-10-24,13,1117.5,1166.5,2284.0,2025-10-24 13:00:00+11:00,2
9001,2025-10-24,14,985.5,997.5,1983.0,2025-10-24 14:00:00+11:00,2
9001,2025-10-24,15,1108.0,1013.0,2121.0,2025-10-24 15:00:00+11:00,2
9001,2025-10-24,16,1104.0,962.5,2066.5,2025-10-24 16:00:00+11:00,2
9001,2025-10-24,17,1258.5,1014.5,2273.0,2025-10-24 17:00:00+11:00,2
9001,2025-10-24,18,1091.5,899.0,1990.5,2025-10-24 18:00:00+11:00,2
9001,2025-10-24,19,867.0,774.0,1641.0,2025-10-24 19:00:00+11:00,2
9001,2025-10-24,20,766.0,574.0,1340.0,2025-10-24 20:00:00+11:00,2
9001,2025-10-24,21,425.5,334.0,759.5,2025-10-24 21:00:00+11:00,2
9001,2025-10-24,22,165.5,231.0,396.5,2025-10-24 22:00:00+11:00,2
9001,2025-10-24,23,91.0,175.0,266.0,2025-10-24 23:00:00+11:00,2
9001,2025-10-25,0,43.5,50.5,94.0,2025-10-25 00:00:00+11:00,2
9001,2025-10-25,1,27.5,43.5,71.0,2025-10-25 01:00:00+11:00,2
9001,2025-10-25,2,17.0,25.5,42.5,2025-10-25 02:00:00+11:00,2
9001,2025-10-25,3,10.0,19.5,29.5,2025-10-25 03:00:00+11:00,2
9001,2025-10-25,4,8.5,8.0,16.5,2025-10-25 04:00:00+11:00,2
9001,2025-10-25,5,6.0,10.5,16.5,2025-10-25 05:00:00+11:00,2
9001,2025-10-25,6,17.0,14.5,31.5,2025-10-25 06:00:00+11:00,2
9001,2025-10-25,7,23.0,41.0,64.0,2025-10-25 07:00:00+11:00,2
9001,2025-10-25,8,90.0,130.5,220.5,2025-10-25 08:00:00+11:00,2
9001,2025-10-25,9,232.5,297.5,530.0,2025-10-25 09:00:00+11:00,2
9001,2025-10-25,10,501.5,650.5,1152.0,2025-10-25 10:00:00+11:00,2
9001,2025-10-25,11,912.5,1012.5,1925.0,2025-10-25 11:00:00+11:00,2
9001,2025-10-25,12,1308.0,1137.0,2445.0,2025-10-25 12:00:00+11:00,2
9001,2025-10-25,13,1344.5,1295.5,2640.0,2025-10-25 13:00:00+11:00,2
9001,2025-10-25,14,1407.5,1409.0,2816.5,2025-10-25 14:00:00+11:00,2
9001,2025-10-25,15,1483.5,1448.5,2932.0,2025-10-25 15:00:00+11:00,2
9001,2025-10-25,16,1298.5,1211.5,2510.0,2025-10-25 16:00:00+11:00,2
9001,2025-10-25,17,1140.0,862.5,2002.5,2025-10-25 17:00:00+11:00,2
9001,2025-10-25,18,971.5,676.0,1647.5,2025-10-25 18:00:00+11:00,2
9001,2025-10-25,19,689.0,473.5,1162.5,2025-10-25 19:00:00+11:00,2
9001,2025-10-25,20,345.0,318.0,663.0,2025-10-25 20:00:00+11:00,2
9001,2025-10-25,21,246.0,302.5,548.5,2025-10-25 21:00:00+11:00,2
9001,2025-10-25,22,186.0,207.5,393.5,2025-10-25 22:00:00+11:00,2
9001,2025-10-25,23,226.0,125.5,351.5,2025-10-25 23:00:00+11:00,2
9001,2025-10-26,0,65.0,88.0,153.0,2025-10-26 00:00:00+11:00,2
9001,2025-10-26,1,26.5,56.0,82.5,2025-10-26 01:00:00+11:00,2
9001,2025-10-26,2,14.5,27.5,42.0,2025-10-26 02:00:00+11:00,2
9001,2025-10-26,3,11.0,21.5,32.5,2025-10-26 03:00:00+11:00,2
9001,2025-10-26,4,10.5,22.5,33.0,2025-10-26 04:00:00+11:00,2
9001,2025-10-26,5,6.0,6.5,12.5,2025-10-26 05:00:00+11:00,2
9001,2025-10-26,6,15.0,14.0,29.0,2025-10-26 06:00:00+11:00,2
9001,2025-10-26,7,24.5,31.0,55.5,2025-10-26 07:00:00+11:00,2
9001,2025-10-26,8,52.0,55.5,107.5,2025-10-26 08:00:00+11:00,2
9001,2025-10-26,9,180.0,211.0,391.0,2025-10-26 09:00:00+11:00,2
9001,2025-10-26,10,340.5,525.5,866.0,2025-10-26 10:00:00+11:00,2
9001,2025-10-26,11,453.0,482.0,935.0,2025-10-26 11:00:00+11:00,2
9001,2025-10-26,12,492.5,483.5,976.0,2025-10-26 12:00:00+11:00,2
9001,2025-10-26,13,544.5,535.5,1080.0,2025-10-26 13:00:00+11:00,2
9001,2025-10-26,14,861.5,764.0,1625.5,2025-10-26 14:00:00+11:00,2
9001,2025-10-26,15,910.0,947.0,1857.0,2025-10-26 15:00:00+11:00,2
9001,2025-10-26,16,822.0,677.0,1499.0,2025-10-26 16:00:00+11:00,2
9001,2025-10-26,17,696.5,565.5,1262.0,2025-10-26 17:00:00+11:00,2
9001,2025-10-26,18,702.5,482.5,1185.0,2025-10-26 18:00:00+11:00,2
9001,2025-10-26,19,405.0,276.5,681.5,2025-10-26 19:00:00+11:00,2
9001,2025-10-26,20,187.0,190.0,377.0,2025-10-26 20:00:00+11:00,2
9001,2025-10-26,21,90.0,121.0,211.0,2025-10-26 21:00:00+11:00,2
9001,2025-10-26,22,48.0,79.0,127.0,2025-10-26 22:00:00+11:00,2
9001,2025-10-26,23,33.0,48.5,81.5,2025-10-26 23:00:00+11:00,2
9001,2025-10-27,0,14.0,23.0,37.0,2025-10-27 00:00:00+11:00,2
9001,2025-10-27,1,13.0,12.0,25.0,2025-10-27 01:00:00+11:00,2
9001,2025-10-27,2,5.5,16.5,22.0,2025-10-27 02:00:00+11:00,2
9001,2025-10-27,3,3.5,7.5,11.0,2025-10-27 03:00:00+11:00,2
9001,2025-10-27,4,2.5,2.5,5.0,2025-10-27 04:00:00+11:00,2
9001,2025-10-27,5,7.5,6.0,13.5,2025-10-27 05:00:00+11:00,2
9001,2025-10-27,6,24.0,28.0,52.0,2025-10-27 06:00:00+11:00,2
9001,2025-10-27,7,57.5,81.5,139.0,2025-10-27 07:00:00+11:00,2
9001,2025-10-27,8,141.5,194.0,335.5,2025-10-27 08:00:00+11:00,2
9001,2025-10-27,9,176.5,271.5,448.0,2025-10-27 09:00:00+11:00,2
9001,2025-10-27,10,333.0,382.0,715.0,2025-10-27 10:00:00+11:00,2
9001,2025-10-27,11,614.0,574.5,1188.5,2025-10-27 11:00:00+11:00,2
9001,2025-10-27,12,884.0,813.5,1697.5,2025-10-27 12:00:00+11:00,2
9001,2025-10-27,13,1030.5,960.5,1991.0,2025-10-27 13:00:00+11:00,2
9001,2025-10-27,14,785.5,826.5,1612.0,2025-10-27 14:00:00+11:00,2
9001,2025-10-27,15,833.0,803.5,1636.5,2025-10-27 15:00:00+11:00,2
9001,2025-10-27,16,915.5,777.5,1693.0,2025-10-27 16:00:00+11:00,2
9001,2025-10-27,17,961.5,763.5,1725.0,2025-10-27 17:00:00+11:00,2
9001,2025-10-27,18,809.5,530.5,1340.0,2025-10-27 18:00:00+11:00,2
9001,2025-10-27,19,485.5,325.5,811.0,2025-10-27 19:00:00+11:00,2
9001,2025-10-27,20,197.0,246.0,443.0,2025-10-27 20:00:00+11:00,2
9001,2025-10-27,21,99.0,146.5,245.5,2025-10-27 21:00:00+11:00,2
9001,2025-10-27,22,47.5,70.5,118.0,2025-10-27 22:00:00+11:00,2
9001,2025-10-27,23,24.5,23.0,47.5,2025-10-27 23:00:00+11:00,2
9001,2025-10-28,0,11.0,16.0,27.0,2025-10-28 00:00:00+11:00,2
9001,2025-10-28,1,8.0,11.5,19.5,2025-10-28 01:00:00+11:00,2
9001,2025-10-28,2,4.5,15.0,19.5,2025-10-28 02:00:00+11:00,2
9001,2025-10-28,3,5.0,5.0,10.0,2025-10-28 03:00:00+11:00,2
9001,2025-10-28,4,1.0,1.5,2.5,2025-10-28 04:00:00+11:00,2
9001,2025-10-28,5,4.0,6.0,10.0,2025-10-28 05:00:00+11:00,2
9001,2025-10-28,6,24.0,43.5,67.5,2025-10-28 06:00:00+11:00,2
9001,2025-10-28,7,76.5,99.0,175.5,2025-10-28 07:00:00+11:00,2
9001,2025-10-28,8,168.5,273.5,442.0,2025-10-28 08:00:00+11:00,2
9001,2025-10-28,9,213.5,328.0,541.5,2025-10-28 09:00:00+11:00,2
9001,2025-10-28,10,357.5,424.0,781.5,2025-10-28 10:00:00+11:00,2
9001,2025-10-28,11,672.0,616.5,1288.5,2025-10-28 11:00:00+11:00,2
9001,2025-10-28,12,1138.0,1115.5,2253.5,2025-10-28 12:00:00+11:00,2
9001,2025-10-28,13,1209.0,1153.0,2362.0,2025-10-28 13:00:00+11:00,2
9001,2025-10-28,14,952.5,862.5,1815.0,2025-10-28 14:00:00+11:00,2
9001,2025-10-28,15,922.5,835.0,1757.5,2025-10-28 15:00:00+11:00,2
9001,2025-10-28,16,1008.0,888.5,1896.5,2025-10-28 16:00:00+11:00,2
9001,2025-10-28,17,1192.5,819.5,2012.0,2025-10-28 17:00:00+11:00,2
9001,2025-10-28,18,907.0,596.5,1503.5,2025-10-28 18:00:00+11:00,2
9001,2025-10-28,19,568.5,354.0,922.5,2025-10-28 19:00:00+11:00,2
9001,2025-10-28,20,244.0,264.5,508.5,2025-10-28 20:00:00+11:00,2
9001,2025-10-28,21,147.0,218.0,365.0,2025-10-28 21:00:00+11:00,2
9001,2025-10-28,22,79.5,108.0,187.5,2025-10-28 22:00:00+11:00,2
9001,2025-10-28,23,42.5,46.5,89.0,2025-10-28 23:00:00+11:00,2
9001,2025-10-29,0,11.0,28.5,39.5,2025-10-29 00:00:00+11:00,2
9001,2025-10-29,1,17.5,11.0,28.5,2025-10-29 01:00:00+11:00,2
9001,2025-10-29,2,2.5,6.5,9.0,2025-10-29 02:00:00+11:00,2
9001,2025-10-29,3,3.5,12.0,15.5,2025-10-29 03:00:00+11:00,2
9001,2025-10-29,4,0.0,4.5,4.5,2025-10-29 04:00:00+11:00,2
9001,2025-10-29,5,4.5,8.5,13.0,2025-10-29 05:00:00+11:00,2
9001,2025-10-29,6,26.5,51.0,77.5,2025-10-29 06:00:00+11:00,2
9001,2025-10-29,7,84.5,103.5,188.0,2025-10-29 07:00:00+11:00,2
9001,2025-10-29,8,174.0,257.5,431.5,2025-10-29 08:00:00+11:00,2
9001,2025-10-29,9,236.0,374.5,610.5,2025-10-29 09:00:00+11:00,2
9001,2025-10-29,10,415.0,466.5,881.5,2025-10-29 10:00:00+11:00,2
9001,2025-10-29,11,735.0,682.0,1417.0,2025-10-29 11:00:00+11:00,2
9001,2025-10-29,12,1209.5,1120.0,2329.5,2025-10-29 12:00:00+11:00,2
9001,2025-10-29,13,1225.0,1238.0,2463.0,2025-10-29 13:00:00+11:00,2
9001,2025-10-29,14,966.5,933.5,1900.0,2025-10-29 14:00:00+11:00,2
9001,2025-10-29,15,981.5,870.0,1851.5,2025-10-29 15:00:00+11:00,2
9001,2025-10-29,16,1073.5,852.0,1925.5,2025-10-29 16:00:00+11:00,2
9001,2025-10-29,17,1200.0,904.0,2104.0,2025-10-29 17:00:00+11:00,2
9001,2025-10-29,18,1038.5,673.0,1711.5,2025-10-29 18:00:00+11:00,2
9001,2025-10-29,19,568.0,424.5,992.5,2025-10-29 19:00:00+11:00,2
9001,2025-10-29,20,282.5,331.5,614.0,2025-10-29 20:00:00+11:00,2
9001,2025-10-29,21,174.0,213.0,387.0,2025-10-29 21:00:00+11:00,2
9001,2025-10-29,22,80.5,122.0,202.5,2025-10-29 22:00:00+11:00,2
9001,2025-10-29,23,55.0,57.5,112.5,2025-10-29 23:00:00+11:00,2
9001,2025-10-30,0,27.0,23.5,50.5,2025-10-30 00:00:00+11:00,2
9001,2025-10-30,1,9.0,20.5,29.5,2025-10-30 01:00:00+11:00,2
9001,2025-10-30,2,9.0,8.5,17.5,2025-10-30 02:00:00+11:00,2
9001,2025-10-30,3,2.0,4.5,6.5,2025-10-30 03:00:00+11:00,2
9001,2025-10-30,4,3.0,3.5,6.5,2025-10-30 04:00:00+11:00,2
9001,2025-10-30,5,9.5,11.5,21.0,2025-10-30 05:00:00+11:00,2
9001,2025-10-30,6,33.0,50.5,83.5,2025-10-30 06:00:00+11:00,2
9001,2025-10-30,7,80.5,106.0,186.5,2025-10-30 07:00:00+11:00,2
9001,2025-10-30,8,166.0,263.0,429.0,2025-10-30 08:00:00+11:00,2
9001,2025-10-30,9,258.0,399.5,657.5,2025-10-30 09:00:00+11:00,2
9001,2025-10-30,10,441.5,465.0,906.5,2025-10-30 10:00:00+11:00,2
9001,2025-10-30,11,730.5,697.5,1428.0,2025-10-30 11:00:00+11:00,2
9001,2025-10-30,12,1265.0,1202.0,2467.0,2025-10-30 12:00:00+11:00,2
9001,2025-10-30,13,1309.0,1330.5,2639.5,2025-10-30 13:00:00+11:00,2
9001,2025-10-30,14,1008.5,988.5,1997.0,2025-10-30 14:00:00+11:00,2
9001,2025-10-30,15,1041.5,1011.5,2053.0,2025-10-30 15:00:00+11:00,2
9001,2025-10-30,16,1070.0,937.0,2007.0,2025-10-30 16:00:00+11:00,2
9001,2025-10-30,17,1399.0,1020.0,2419.0,2025-10-30 17:00:00+11:00,2
9001,2025-10-30,18,1198.0,784.5,1982.5,2025-10-30 18:00:00+11:00,2
9001,2025-10-30,19,867.0,785.0,1652.0,2025-10-30 19:00:00+11:00,2
9001,2025-10-30,20,641.0,525.0,1166.0,2025-10-30 20:00:00+11:00,2
9001,2025-10-30,21,302.0,305.0,607.0,2025-10-30 21:00:00+11:00,2
9001,2025-10-30,22,113.5,165.0,278.5,2025-10-30 22:00:00+11:00,2
9001,2025-10-30,23,63.0,76.0,139.0,2025-10-30 23:00:00+11:00,2
9001,2025-10-31,0,27.0,58.0,85.0,2025-10-31 00:00:00+11:00,2
9001,2025-10-31,1,19.5,33.5,53.0,2025-10-31 01:00:00+11:00,2
9001,2025-10-31,2,14.0,24.0,38.0,2025-10-31 02:00:00+11:00,2
9001,2025-10-31,3,5.5,12.0,17.5,2025-10-31 03:00:00+11:00,2
9001,2025-10-31,4,2.0,12.0,14.0,2025-10-31 04:00:00+11:00,2
9001,2025-10-31,5,6.5,9.5,16.0,2025-10-31 05:00:00+11:00,2
9001,2025-10-31,6,22.5,43.0,65.5,2025-10-31 06:00:00+11:00,2
9001,2025-10-31,7,47.0,64.5,111.5,2025-10-31 07:00:00+11:00,2
9001,2025-10-31,8,161.5,208.5,370.0,2025-10-31 08:00:00+11:00,2
9001,2025-10-31,9,251.0,399.5,650.5,2025-10-31 09:00:00+11:00,2
9001,2025-10-31,10,551.5,589.0,1140.5,2025-10-31 10:00:00+11:00,2
9001,2025-10-31,11,859.0,823.5,1682.5,2025-10-31 11:00:00+11:00,2
9001,2025-10-31,12,1038.5,929.5,1968.0,2025-10-31 12:00:00+11:00,2
9001,2025-10-31,13,1105.5,1045.5,2151.0,2025-10-31 13:00:00+11:00,2
9001,2025-10-31,14,1062.5,1024.0,2086.5,2025-10-31 14:00:00+11:00,2
9001,2025-10-31,15,1063.0,954.0,2017.0,2025-10-31 15:00:00+11:00,2
9001,2025-10-31,16,1086.5,926.0,2012.5,2025-10-31 16:00:00+11:00,2
9001,2025-10-31,17,1203.5,953.0,2156.5,2025-10-31 17:00:00+11:00,2
9001,2025-10-31,18,1018.5,925.5,1944.0,2025-10-31 18:00:00+11:00,2
9001,2025-10-31,19,837.0,772.0,1609.0,2025-10-31 19:00:00+11:00,2
9001,2025-10-31,20,717.5,555.0,1272.5,2025-10-31 20:00:00+11:00,2
9001,2025-10-31,21,399.5,360.5,760.0,2025-10-31 21:00:00+11:00,2
9001,2025-10-31,22,210.5,265.0,475.5,2025-10-31 22:00:00+11:00,2
9001,2025-10-31,23,722.0,228.0,950.0,2025-10-31 23:00:00+11:00,2
9001,2025-11-01,0,175.5,180.5,356.0,2025-11-01 00:00:00+11:00,2
9001,2025-11-01,1,76.5,95.0,171.5,2025-11-01 01:00:00+11:00,2
9001,2025-11-01,2,50.5,82.5,133.0,2025-11-01 02:00:00+11:00,2
9001,2025-11-01,3,37.0,61.0,98.0,2025-11-01 03:00:00+11:00,2
9001,2025-11-01,4,19.0,20.0,39.0,2025-11-01 04:00:00+11:00,2
9001,2025-11-01,5,12.0,8.0,20.0,2025-11-01 05:00:00+11:00,2
9001,2025-11-01,6,16.5,22.0,38.5,2025-11-01 06:00:00+11:00,2
9001,2025-11-01,7,29.0,33.5,62.5,2025-11-01 07:00:00+11:00,2
9001,2025-11-01,8,95.0,136.5,231.5,2025-11-01 08:00:00+11:00,2
9001,2025-11-01,9,217.0,334.5,551.5,2025-11-01 09:00:00+11:00,2
9001,2025-11-01,10,565.5,601.5,1167.0,2025-11-01 10:00:00+11:00,2
9001,2025-11-01,11,1018.5,963.0,1981.5,2025-11-01 11:00:00+11:00,2
9001,2025-11-01,12,1345.0,1220.0,2565.0,2025-11-01 12:00:00+11:00,2
9001,2025-11-01,13,1372.0,1329.5,2701.5,2025-11-01 13:00:00+11:00,2
9001,2025-11-01,14,1490.5,1554.0,3044.5,2025-11-01 14:00:00+11:00,2
9001,2025-11-01,15,1598.0,1444.5,3042.5,2025-11-01 15:00:00+11:00,2
9001,2025-11-01,16,1458.5,1379.5,2838.0,2025-11-01 16:00:00+11:00,2
9001,2025-11-01,17,1307.0,1116.5,2423.5,2025-11-01 17:00:00+11:00,2
9001,2025-11-01,18,1100.5,869.5,1970.0,2025-11-01 18:00:00+11:00,2
9001,2025-11-01,19,860.5,715.0,1575.5,2025-11-01 19:00:00+11:00,2
9001,2025-11-01,20,404.5,373.0,777.5,2025-11-01 20:00:00+11:00,2
9001,2025-11-01,21,260.5,324.5,585.0,2025-11-01 21:00:00+11:00,2
9001,2025-11-01,22,164.0,176.0,340.0,2025-11-01 22:00:00+11:00,2
9001,2025-11-01,23,680.0,158.5,838.5,2025-11-01 23:00:00+11:00,2
9001,2025-11-02,0,101.0,72.0,173.0,2025-11-02 00:00:00+11:00,2
9001,2025-11-02,1,59.0,67.5,126.5,2025-11-02 01:00:00+11:00,2
9001,2025-11-02,2,22.0,43.0,65.0,2025-11-02 02:00:00+11:00,2
9001,2025-11-02,3,16.0,31.5,47.5,2025-11-02 03:00:00+11:00,2
9001,2025-11-02,4,12.0,19.5,31.5,2025-11-02 04:00:00+11:00,2
9001,2025-11-02,5,8.0,15.5,23.5,2025-11-02 05:00:00+11:00,2
9001,2025-11-02,6,14.0,20.0,34.0,2025-11-02 06:00:00+11:00,2
9001,2025-11-02,7,26.0,26.0,52.0,2025-11-02 07:00:00+11:00,2
9001,2025-11-02,8,58.5,60.0,118.5,2025-11-02 08:00:00+11:00,2
9001,2025-11-02,9,183.5,262.5,446.0,2025-11-02 09:00:00+11:00,2
9001,2025-11-02,10,441.0,587.0,1028.0,2025-11-02 10:00:00+11:00,2
9001,2025-11-02,11,861.5,880.0,1741.5,2025-11-02 11:00:00+11:00,2
9001,2025-11-02,12,1184.0,984.5,2168.5,2025-11-02 12:00:00+11:00,2
9001,2025-11-02,13,1204.5,1175.0,2379.5,2025-11-02 13:00:00+11:00,2
9001,2025-11-02,14,1439.5,1434.0,2873.5,2025-11-02 14:00:00+11:00,2
9001,2025-11-02,15,1146.0,1136.0,2282.0,2025-11-02 15:00:00+11:00,2
9001,2025-11-02,16,1078.5,924.5,2003.0,2025-11-02 16:00:00+11:00,2
9001,2025-11-02,17,946.0,744.5,1690.5,2025-11-02 17:00:00+11:00,2
9001,2025-11-02,18,813.5,574.5,1388.0,2025-11-02 18:00:00+11:00,2
9001,2025-11-02,19,565.0,444.0,1009.0,2025-11-02 19:00:00+11:00,2
9001,2025-11-02,20,291.0,315.5,606.5,2025-11-02 20:00:00+11:00,2
9001,2025-11-02,21,171.5,264.5,436.0,2025-11-02 21:00:00+11:00,2
9001,2025-11-02,22,80.0,148.0,228.0,2025-11-02 22:00:00+11:00,2
9001,2025-11-02,23,39.5,58.0,97.5,2025-11-02 23:00:00+11:00,2
9001,2025-11-03,0,25.5,30.5,56.0,2025-11-03 00:00:00+11:00,2
9001,2025-11-03,1,11.0,10.0,21.0,2025-11-03 01:00:00+11:00,2
9001,2025-11-03,2,7.5,4.0,11.5,2025-11-03 02:00:00+11:00,2
9001,2025-11-03,3,4.0,10.5,14.5,2025-11-03 03:00:00+11:00,2
9001,2025-11-03,4,3.5,5.0,8.5,2025-11-03 04:00:00+11:00,2
9001,2025-11-03,5,3.5,8.0,11.5,2025-11-03 05:00:00+11:00,2
9001,2025-11-03,6,14.0,21.0,35.0,2025-11-03 06:00:00+11:00,2
9001,2025-11-03,7,23.5,33.5,57.0,2025-11-03 07:00:00+11:00,2
9001,2025-11-03,8,61.0,71.0,132.0,2025-11-03 08:00:00+11:00,2
9001,2025-11-03,9,96.0,184.5,280.5,2025-11-03 09:00:00+11:00,2
9001,2025-11-03,10,244.5,309.5,554.0,2025-11-03 10:00:00+11:00,2
9001,2025-11-03,11,487.0,517.0,1004.0,2025-11-03 11:00:00+11:00,2
9001,2025-11-03,12,773.5,667.0,1440.5,2025-11-03 12:00:00+11:00,2
9001,2025-11-03,13,816.0,804.5,1620.5,2025-11-03 13:00:00+11:00,2
9001,2025-11-03,14,949.5,882.0,1831.5,2025-11-03 14:00:00+11:00,2
9001,2025-11-03,15,1029.0,1008.5,2037.5,2025-11-03 15:00:00+11:00,2
9001,2025-11-03,16,1006.0,901.0,1907.0,2025-11-03 16:00:00+11:00,2
9001,2025-11-03,17,1035.0,820.5,1855.5,2025-11-03 17:00:00+11:00,2
9001,2025-11-03,18,897.5,620.5,1518.0,2025-11-03 18:00:00+11:00,2
9001,2025-11-03,19,556.0,375.5,931.5,2025-11-03 19:00:00+11:00,2
9001,2025-11-03,20,229.0,213.0,442.0,2025-11-03 20:00:00+11:00,2
9001,2025-11-03,21,96.5,133.0,229.5,2025-11-03 21:00:00+11:00,2
9001,2025-11-03,22,72.0,113.5,185.5,2025-11-03 22:00:00+11:00,2
9001,2025-11-03,23,48.5,68.5,117.0,2025-11-03 23:00:00+11:00,2
9001,2025-11-04,0,19.5,32.0,51.5,2025-11-04 00:00:00+11:00,2
9001,2025-11-04,1,13.5,17.0,30.5,2025-11-04 01:00:00+11:00,2
9001,2025-11-04,2,8.0,20.5,28.5,2025-11-04 02:00:00+11:00,2
9001,2025-11-04,3,5.0,11.5,16.5,2025-11-04 03:00:00+11:00,2
9001,2025-11-04,4,2.5,8.5,11.0,2025-11-04 04:00:00+11:00,2
9001,2025-11-04,5,3.5,3.0,6.5,2025-11-04 05:00:00+11:00,2
9001,2025-11-04,6,7.0,18.0,25.0,2025-11-04 06:00:00+11:00,2
9001,2025-11-04,7,30.5,42.5,73.0,2025-11-04 07:00:00+11:00,2
9001,2025-11-04,8,71.0,75.5,146.5,2025-11-04 08:00:00+11:00,2
9001,2025-11-04,9,197.0,196.0,393.0,2025-11-04 09:00:00+11:00,2
9001,2025-11-04,10,361.5,449.5,811.0,2025-11-04 10:00:00+11:00,2
9001,2025-11-04,11,709.5,667.5,1377.0,2025-11-04 11:00:00+11:00,2
9001,2025-11-04,12,906.5,861.0,1767.5,2025-11-04 12:00:00+11:00,2
9001,2025-11-04,13,1103.0,1045.0,2148.0,2025-11-04 13:00:00+11:00,2
9001,2025-11-04,14,1007.0,1008.0,2015.0,2025-11-04 14:00:00+11:00,2
9001,2025-11-04,15,1043.0,975.0,2018.0,2025-11-04 15:00:00+11:00,2
9001,2025-11-04,16,1016.0,922.5,1938.5,2025-11-04 16:00:00+11:00,2
9001,2025-11-04,17,848.5,795.0,1643.5,2025-11-04 17:00:00+11:00,2
9001,2025-11-04,18,749.5,573.0,1322.5,2025-11-04 18:00:00+11:00,2
9001,2025-11-04,19,442.5,433.0,875.5,2025-11-04 19:00:00+11:00,2
9001,2025-11-04,20,170.0,197.5,367.5,2025-11-04 20:00:00+11:00,2
9001,2025-11-04,21,67.0,111.0,178.0,2025-11-04 21:00:00+11:00,2
9001,2025-11-04,22,33.5,47.0,80.5,2025-11-04 22:00:00+11:00,2
9001,2025-11-04,23,412.0,35.0,447.0,2025-11-04 23:00:00+11:00,2
9001,2025-11-05,0,22.5,24.0,46.5,2025-11-05 00:00:00+11:00,2
9001,2025-11-05,1,8.5,13.5,22.0,2025-11-05 01:00:00+11:00,2
9001,2025-11-05,2,4.0,12.0,16.0,2025-11-05 02:00:00+11:00,2
9001,2025-11-05,3,6.0,8.5,14.5,2025-11-05 03:00:00+11:00,2
9001,2025-11-05,4,4.5,8.5,13.0,2025-11-05 04:00:00+11:00,2
9001,2025-11-05,5,5.5,11.0,16.5,2025-11-05 05:00:00+11:00,2
9001,2025-11-05,6,25.5,36.5,62.0,2025-11-05 06:00:00+11:00,2
9001,2025-11-05,7,69.5,89.5,159.0,2025-11-05 07:00:00+11:00,2
9001,2025-11-05,8,191.0,229.0,420.0,2025-11-05 08:00:00+11:00,2
9001,2025-11-05,9,262.0,358.0,620.0,2025-11-05 09:00:00+11:00,2
9001,2025-11-05,10,492.0,555.0,1047.0,2025-11-05 10:00:00+11:00,2
9001,2025-11-05,11,843.5,781.0,1624.5,2025-11-05 11:00:00+11:00,2
9001,2025-11-05,12,1242.5,1170.5,2413.0,2025-11-05 12:00:00+11:00,2
9001,2025-11-05,13,1228.5,1139.5,2368.0,2025-11-05 13:00:00+11:00,2
9001,2025-11-05,14,984.5,1046.0,2030.5,2025-11-05 14:00:00+11:00,2
9001,2025-11-05,15,940.0,930.5,1870.5,2025-11-05 15:00:00+11:00,2
9001,2025-11-05,16,928.0,874.5,1802.5,2025-11-05 16:00:00+11:00,2
9001,2025-11-05,17,1127.0,820.0,1947.0,2025-11-05 17:00:00+11:00,2
9001,2025-11-05,18,897.5,591.0,1488.5,2025-11-05 18:00:00+11:00,2
9001,2025-11-05,19,513.5,369.0,882.5,2025-11-05 19:00:00+11:00,2
9001,2025-11-05,20,272.5,294.0,566.5,2025-11-05 20:00:00+11:00,2
9001,2025-11-05,21,148.0,205.5,353.5,2025-11-05 21:00:00+11:00,2
9001,2025-11-05,22,81.0,98.5,179.5,2025-11-05 22:00:00+11:00,2
9001,2025-11-05,23,28.5,51.5,80.0,2025-11-05 23:00:00+11:00,2
9001,2025-11-06,0,28.0,26.0,54.0,2025-11-06 00:00:00+11:00,2
9001,2025-11-06,1,12.5,19.0,31.5,2025-11-06 01:00:00+11:00,2
9001,2025-11-06,2,5.0,7.5,12.5,2025-11-06 02:00:00+11:00,2
9001,2025-11-06,3,5.5,9.0,14.5,2025-11-06 03:00:00+11:00,2
9001,2025-11-06,4,3.0,5.5,8.5,2025-11-06 04:00:00+11:00,2
9001,2025-11-06,5,6.0,6.0,12.0,2025-11-06 05:00:00+11:00,2
9001,2025-11-06,6,31.5,54.5,86.0,2025-11-06 06:00:00+11:00,2
9001,2025-11-06,7,70.5,87.0,157.5,2025-11-06 07:00:00+11:00,2
9001,2025-11-06,8,189.0,271.0,460.0,2025-11-06 08:00:00+11:00,2
9001,2025-11-06,9,247.0,376.0,623.0,2025-11-06 09:00:00+11:00,2
9001,2025-11-06,10,440.0,541.0,981.0,2025-11-06 10:00:00+11:00,2
9001,2025-11-06,11,700.5,620.5,1321.0,2025-11-06 11:00:00+11:00,2
9001,2025-11-06,12,1209.0,1155.0,2364.0,2025-11-06 12:00:00+11:00,2
9001,2025-11-06,13,1189.5,1250.0,2439.5,2025-11-06 13:00:00+11:00,2
9001,2025-11-06,14,889.5,903.0,1792.5,2025-11-06 14:00:00+11:00,2
9001,2025-11-06,15,903.0,844.0,1747.0,2025-11-06 15:00:00+11:00,2
9001,2025-11-06,16,921.5,936.0,1857.5,2025-11-06 16:00:00+11:00,2
9001,2025-11-06,17,1232.0,943.5,2175.5,2025-11-06 17:00:00+11:00,2
9001,2025-11-06,18,927.5,731.5,1659.0,2025-11-06 18:00:00+11:00,2
9001,2025-11-06,19,721.0,634.5,1355.5,2025-11-06 19:00:00+11:00,2
9001,2025-11-06,20,504.0,412.0,916.0,2025-11-06 20:00:00+11:00,2
9001,2025-11-06,21,260.0,262.5,522.5,2025-11-06 21:00:00+11:00,2
9001,2025-11-06,22,123.5,144.0,267.5,2025-11-06 22:00:00+11:00,2
9001,2025-11-06,23,45.0,58.5,103.5,2025-11-06 23:00:00+11:00,2
9001,2025-11-07,0,22.0,30.0,52.0,2025-11-07 00:00:00+11:00,2
9001,2025-11-07,1,14.5,22.0,36.5,2025-11-07 01:00:00+11:00,2
9001,2025-11-07,2,7.0,13.5,20.5,2025-11-07 02:00:00+11:00,2
9001,2025-11-07,3,6.5,16.0,22.5,2025-11-07 03:00:00+11:00,2
9001,2025-11-07,4,2.5,10.0,12.5,2025-11-07 04:00:00+11:00,2
9001,2025-11-07,5,4.5,8.0,12.5,2025-11-07 05:00:00+11:00,2
9001,2025-11-07,6,30.0,36.5,66.5,2025-11-07 06:00:00+11:00,2
9001,2025-11-07,7,66.0,79.0,145.0,2025-11-07 07:00:00+11:00,2
9001,2025-11-07,8,136.5,189.5,326.0,2025-11-07 08:00:00+11:00,2
9001,2025-11-07,9,244.0,390.0,634.0,2025-11-07 09:00:00+11:00,2
9001,2025-11-07,10,406.0,509.0,915.0,2025-11-07 10:00:00+11:00,2
9001,2025-11-07,11,718.0,693.0,1411.0,2025-11-07 11:00:00+11:00,2
9001,2025-11-07,12,1110.5,1049.0,2159.5,2025-11-07 12:00:00+11:00,2
9001,2025-11-07,13,1088.0,1134.5,2222.5,2025-11-07 13:00:00+11:00,2
9001,2025-11-07,14,965.5,1001.5,1967.0,2025-11-07 14:00:00+11:00,2
9001,2025-11-07,15,986.5,975.0,1961.5,2025-11-07 15:00:00+11:00,2
9001,2025-11-07,16,1172.0,983.0,2155.0,2025-11-07 16:00:00+11:00,2
9001,2025-11-07,17,1200.5,970.0,2170.5,2025-11-07 17:00:00+11:00,2
9001,2025-11-07,18,1033.0,769.5,1802.5,2025-11-07 18:00:00+11:00,2
9001,2025-11-07,19,750.5,648.0,1398.5,2025-11-07 19:00:00+11:00,2
9001,2025-11-07,20,628.5,541.5,1170.0,2025-11-07 20:00:00+11:00,2
9001,2025-11-07,21,344.5,304.5,649.0,2025-11-07 21:00:00+11:00,2
9001,2025-11-07,22,151.5,177.5,329.0,2025-11-07 22:00:00+11:00,2
9001,2025-11-07,23,88.5,125.0,213.5,2025-11-07 23:00:00+11:00,2
9001,2025-11-08,0,41.0,77.0,118.0,2025-11-08 00:00:00+11:00,2
9001,2025-11-08,1,24.5,30.0,54.5,2025-11-08 01:00:00+11:00,2
9001,2025-11-08,2,17.0,38.5,55.5,2025-11-08 02:00:00+11:00,2
9001,2025-11-08,3,7.5,27.0,34.5,2025-11-08 03:00:00+11:00,2
9001,2025-11-08,4,5.5,7.5,13.0,2025-11-08 04:00:00+11:00,2
9001,2025-11-08,5,1.5,7.5,9.0,2025-11-08 05:00:00+11:00,2
9001,2025-11-08,6,16.0,18.5,34.5,2025-11-08 06:00:00+11:00,2
9001,2025-11-08,7,27.5,33.5,61.0,2025-11-08 07:00:00+11:00,2
9001,2025-11-08,8,64.0,96.0,160.0,2025-11-08 08:00:00+11:00,2
9001,2025-11-08,9,175.5,216.0,391.5,2025-11-08 09:00:00+11:00,2
9001,2025-11-08,10,295.0,390.0,685.0,2025-11-08 10:00:00+11:00,2
9001,2025-11-08,11,653.5,631.5,1285.0,2025-11-08 11:00:00+11:00,2
9001,2025-11-08,12,742.5,689.5,1432.0,2025-11-08 12:00:00+11:00,2
9001,2025-11-08,13,822.5,721.0,1543.5,2025-11-08 13:00:00+11:00,2
9001,2025-11-08,14,823.5,817.5,1641.0,2025-11-08 14:00:00+11:00,2
9001,2025-11-08,15,785.0,817.5,1602.5,2025-11-08 15:00:00+11:00,2
9001,2025-11-08,16,724.0,661.5,1385.5,2025-11-08 16:00:00+11:00,2
9001,2025-11-08,17,763.5,625.0,1388.5,2025-11-08 17:00:00+11:00,2
9001,2025-11-08,18,706.0,475.0,1181.0,2025-11-08 18:00:00+11:00,2
9001,2025-11-08,19,531.0,317.0,848.0,2025-11-08 19:00:00+11:00,2
9001,2025-11-08,20,298.0,288.0,586.0,2025-11-08 20:00:00+11:00,2
9001,2025-11-08,21,182.0,207.5,389.5,2025-11-08 21:00:00+11:00,2
9001,2025-11-08,22,93.5,159.5,253.0,2025-11-08 22:00:00+11:00,2
9001,2025-11-08,23,406.0,150.5,556.5,2025-11-08 23:00:00+11:00,2
9001,2025-11-09,0,79.5,78.0,157.5,2025-11-09 00:00:00+11:00,2
9001,2025-11-09,1,39.0,57.5,96.5,2025-11-09 01:00:00+11:00,2
9001,2025-11-09,2,29.0,36.5,65.5,2025-11-09 02:00:00+11:00,2
9001,2025-11-09,3,18.5,38.5,57.0,2025-11-09 03:00:00+11:00,2
9001,2025-11-09,4,6.5,19.0,25.5,2025-11-09 04:00:00+11:00,2
9001,2025-11-09,5,4.0,9.0,13.0,2025-11-09 05:00:00+11:00,2
9001,2025-11-09,6,9.5,14.5,24.0,2025-11-09 06:00:00+11:00,2
9001,2025-11-09,7,17.0,27.5,44.5,2025-11-09 07:00:00+11:00,2
9001,2025-11-09,8,74.5,66.5,141.0,2025-11-09 08:00:00+11:00,2
9001,2025-11-09,9,211.5,278.5,490.0,2025-11-09 09:00:00+11:00,2
9001,2025-11-09,10,452.5,609.5,1062.0,2025-11-09 10:00:00+11:00,2
9001,2025-11-09,11,855.0,817.0,1672.0,2025-11-09 11:00:00+11:00,2
9001,2025-11-09,12,1097.0,1034.0,2131.0,2025-11-09 12:00:00+11:00,2
9001,2025-11-09,13,1181.5,1170.0,2351.5,2025-11-09 13:00:00+11:00,2
9001,2025-11-09,14,1329.5,1429.5,2759.0,2025-11-09 14:00:00+11:00,2
9001,2025-11-09,15,1327.0,1320.5,2647.5,2025-11-09 15:00:00+11:00,2
9001,2025-11-09,16,1256.0,1136.5,2392.5,2025-11-09 16:00:00+11:00,2
9001,2025-11-09,17,1135.0,843.5,1978.5,2025-11-09 17:00:00+11:00,2
9001,2025-11-09,18,873.0,618.5,1491.5,2025-11-09 18:00:00+11:00,2
9001,2025-11-09,19,650.0,438.5,1088.5,2025-11-09 19:00:00+11:00,2
9001,2025-11-09,20,317.0,333.5,650.5,2025-11-09 20:00:00+11:00,2
9001,2025-11-09,21,186.5,252.5,439.0,2025-11-09 21:00:00+11:00,2
9001,2025-11-09,22,81.5,138.0,219.5,2025-11-09 22:00:00+11:00,2
9001,2025-11-09,23,38.0,64.5,102.5,2025-11-09 23:00:00+11:00,2
